clave,fecha,apertura,maximo,minimo,cierre,ajustado,sin_ajustar,volumen
AAPL,2015-01-02,27.84749984741211,27.860000610351563,26.837499618530273,27.332500457763672,24.171751022338867,109.33000183105469,212818400
AAPL,2015-01-05,27.072500228881836,27.162500381469727,26.352500915527344,26.5625,23.490800857543945,106.25,257142000
AAPL,2015-01-06,26.635000228881836,26.857500076293945,26.157499313354492,26.565000534057617,23.49300765991211,106.26000213623047,263188400
AAPL,2015-01-07,26.799999237060547,27.049999237060547,26.674999237060547,26.9375,23.822431564331055,107.75,160423600
AAPL,2015-01-08,27.3075008392334,28.037500381469727,27.174999237060547,27.97249984741211,24.73774528503418,111.88999938964844,237458000
AAPL,2015-01-09,28.167499542236328,28.3125,27.552499771118164,28.002500534057617,24.7642765045166,112.01000213623047,214798000
AAPL,2015-01-12,28.149999618530273,28.157499313354492,27.200000762939453,27.3125,24.15406608581543,109.25,198603200
AAPL,2015-01-13,27.857500076293945,28.200000762939453,27.227500915527344,27.55500030517578,24.368528366088867,110.22000122070313,268367600
AAPL,2015-01-14,27.260000228881836,27.622499465942383,27.125,27.450000762939453,24.275671005249023,109.80000305175781,195826400
AAPL,2015-01-15,27.5,27.514999389648438,26.665000915527344,26.704999923706055,23.616825103759766,106.81999969482422,240056000
AAPL,2015-01-16,26.75749969482422,26.895000457763672,26.299999237060547,26.497499465942383,23.433319091796875,105.98999786376953,314053200
AAPL,2015-01-20,26.959999084472656,27.24250030517578,26.625,27.18000030517578,24.036897659301758,108.72000122070313,199599600
AAPL,2015-01-21,27.237499237060547,27.764999389648438,27.0674991607666,27.387500762939453,24.220396041870117,109.55000305175781,194303600
AAPL,2015-01-22,27.565000534057617,28.11750030517578,27.43000030517578,28.100000381469727,24.850502014160156,112.4000015258789,215185600
AAPL,2015-01-23,28.075000762939453,28.4375,27.88249969482422,28.2450008392334,24.97873878479004,112.9800033569336,185859200
AAPL,2015-01-26,28.434999465942383,28.59000015258789,28.200000762939453,28.274999618530273,25.005264282226563,113.0999984741211,222460000
AAPL,2015-01-27,28.104999542236328,28.1200008392334,27.25749969482422,27.28499984741211,24.129751205444336,109.13999938964844,382274800
AAPL,2015-01-28,29.407499313354492,29.530000686645508,28.827499389648438,28.827499389648438,25.49386978149414,115.30999755859375,585908400
AAPL,2015-01-29,29.079999923706055,29.797500610351563,28.889999389648438,29.725000381469727,26.287595748901367,118.9000015258789,337745600
AAPL,2015-01-30,29.600000381469727,30,29.212499618530273,29.290000915527344,25.902889251708984,117.16000366210938,334982000
AAPL,2015-02-02,29.512500762939453,29.792499542236328,29.020000457763672,29.657499313354492,26.227886199951172,118.62999725341797,250956400
AAPL,2015-02-03,29.625,29.772499084472656,29.40250015258789,29.662500381469727,26.232316970825195,118.6500015258789,207662800
AAPL,2015-02-04,29.625,30.127500534057617,29.577499389648438,29.889999389648438,26.43350601196289,119.55999755859375,280598800
AAPL,2015-02-05,30.0049991607666,30.0575008392334,29.8125,29.985000610351563,26.622173309326172,119.94000244140625,168984800
AAPL,2015-02-06,30.0049991607666,30.0625,29.612499237060547,29.732500076293945,26.397993087768555,118.93000030517578,174826400
AAPL,2015-02-09,29.637500762939453,29.959999084472656,29.607500076293945,29.93000030517578,26.573341369628906,119.72000122070313,155559200
AAPL,2015-02-10,30.042499542236328,30.537500381469727,30.040000915527344,30.5049991607666,27.083860397338867,122.0199966430664,248034000
AAPL,2015-02-11,30.6924991607666,31.229999542236328,30.625,31.219999313354492,27.718669891357422,124.87999725341797,294247200
AAPL,2015-02-12,31.514999389648438,31.8700008392334,31.392499923706055,31.614999771118164,28.069368362426758,126.45999908447266,297898000
AAPL,2015-02-13,31.81999969482422,31.81999969482422,31.412500381469727,31.770000457763672,28.206987380981445,127.08000183105469,217088800
AAPL,2015-02-17,31.872499465942383,32.220001220703125,31.729999542236328,31.957500457763672,28.37346076965332,127.83000183105469,252609600
AAPL,2015-02-18,31.907499313354492,32.19499969482422,31.862499237060547,32.18000030517578,28.57101058959961,128.72000122070313,179566800
AAPL,2015-02-19,32.119998931884766,32.25749969482422,32.08250045776367,32.11249923706055,28.511072158813477,128.4499969482422,149449600
AAPL,2015-02-20,32.154998779296875,32.375,32.01250076293945,32.375,28.74413299560547,129.5,195793600
AAPL,2015-02-23,32.505001068115234,33.25,32.415000915527344,33.25,29.521007537841797,133,283896400
AAPL,2015-02-24,33.23500061035156,33.400001525878906,32.79249954223633,33.04249954223633,29.336782455444336,132.1699981689453,276912400
AAPL,2015-02-25,32.88999938964844,32.900001525878906,32.037498474121094,32.1974983215332,28.586536407470703,128.7899932861328,298846800
AAPL,2015-02-26,32.1974983215332,32.717498779296875,31.65250015258789,32.60499954223633,28.94834327697754,130.4199981689453,365150000
AAPL,2015-02-27,32.5,32.64250183105469,32.060001373291016,32.1150016784668,28.513296127319336,128.4600067138672,248059200
AAPL,2015-03-02,32.3125,32.56999969482422,32.07500076293945,32.272499084472656,28.65312385559082,129.08999633789063,192386800
AAPL,2015-03-03,32.2400016784668,32.380001068115234,32.022499084472656,32.34000015258789,28.713062286376953,129.36000061035156,151265200
AAPL,2015-03-04,32.275001525878906,32.38999938964844,32.08000183105469,32.1349983215332,28.531049728393555,128.5399932861328,126665200
AAPL,2015-03-05,32.14500045776367,32.1875,31.440000534057617,31.602500915527344,28.05827522277832,126.41000366210938,226068400
AAPL,2015-03-06,32.099998474121094,32.342498779296875,31.565000534057617,31.649999618530273,28.100444793701172,126.5999984741211,291368400
AAPL,2015-03-09,31.989999771118164,32.39250183105469,31.264999389648438,31.78499984741211,28.220306396484375,127.13999938964844,354114000
AAPL,2015-03-10,31.602500915527344,31.80500030517578,30.950000762939453,31.127500534057617,27.636552810668945,124.51000213623047,275426400
AAPL,2015-03-11,31.1875,31.1924991607666,30.52750015258789,30.559999465942383,27.1326904296875,122.23999786376953,275756000
AAPL,2015-03-12,30.577499389648438,31.225000381469727,30.407499313354492,31.112499237060547,27.62322998046875,124.44999694824219,193450800
AAPL,2015-03-13,31.100000381469727,31.350000381469727,30.645000457763672,30.897499084472656,27.432334899902344,123.58999633789063,207309200
AAPL,2015-03-16,30.969999313354492,31.237499237060547,30.717500686645508,31.237499237060547,27.734207153320313,124.94999694824219,143497200
AAPL,2015-03-17,31.475000381469727,31.829999923706055,31.412500381469727,31.760000228881836,28.198104858398438,127.04000091552734,204092400
AAPL,2015-03-18,31.75,32.290000915527344,31.592500686645508,32.11750030517578,28.51551055908203,128.47000122070313,261083600
AAPL,2015-03-19,32.1875,32.3125,31.850000381469727,31.875,28.300212860107422,127.5,183238000
AAPL,2015-03-20,32.0625,32.099998474121094,31.290000915527344,31.475000381469727,27.945070266723633,125.9000015258789,274780400
AAPL,2015-03-23,31.780000686645508,31.962499618530273,31.6299991607666,31.802499771118164,28.235841751098633,127.20999908447266,150838800
AAPL,2015-03-24,31.8075008392334,32.0099983215332,31.639999389648438,31.672500610351563,28.120418548583984,126.69000244140625,131369200
AAPL,2015-03-25,31.635000228881836,31.704999923706055,30.844999313354492,30.844999313354492,27.38572120666504,123.37999725341797,206620800
AAPL,2015-03-26,30.690000534057617,31.219999313354492,30.649999618530273,31.059999465942383,27.576608657836914,124.23999786376953,190291600
AAPL,2015-03-27,31.142499923706055,31.174999237060547,30.727500915527344,30.8125,27.356870651245117,123.25,158184800
AAPL,2015-03-30,31.012500762939453,31.600000381469727,31,31.592500686645508,28.049396514892578,126.37000274658203,188398800
AAPL,2015-03-31,31.522499084472656,31.622499465942383,31.09000015258789,31.107500076293945,27.61878204345703,124.43000030517578,168362400
AAPL,2015-04-01,31.204999923706055,31.280000686645508,30.774999618530273,31.0625,27.578838348388672,124.25,162485600
AAPL,2015-04-02,31.25749969482422,31.389999389648438,31.047500610351563,31.329999923706055,27.81633186340332,125.31999969482422,128880400
AAPL,2015-04-06,31.11750030517578,31.877500534057617,31.082500457763672,31.837499618530273,28.26691246032715,127.3499984741211,148776000
AAPL,2015-04-07,31.90999984741211,32.029998779296875,31.4950008392334,31.502500534057617,27.96949005126953,126.01000213623047,140049200
AAPL,2015-04-08,31.462499618530273,31.600000381469727,31.24250030517578,31.399999618530273,27.87847900390625,125.5999984741211,149316800
AAPL,2015-04-09,31.462499618530273,31.645000457763672,31.165000915527344,31.639999389648438,28.09156608581543,126.55999755859375,129936000
AAPL,2015-04-10,31.487499237060547,31.802499771118164,31.315000534057617,31.774999618530273,28.21143341064453,127.0999984741211,160752000
AAPL,2015-04-13,32.092498779296875,32.14250183105469,31.65250015258789,31.712499618530273,28.155933380126953,126.8499984741211,145460400
AAPL,2015-04-14,31.75,31.822500228881836,31.477500915527344,31.575000762939453,28.033859252929688,126.30000305175781,102098400
AAPL,2015-04-15,31.602500915527344,31.782499313354492,31.502500534057617,31.69499969482422,28.140399932861328,126.77999877929688,115881600
AAPL,2015-04-16,31.56999969482422,31.774999618530273,31.52750015258789,31.542499542236328,28.0049991607666,126.16999816894531,113476000
AAPL,2015-04-17,31.387500762939453,31.53499984741211,31.114999771118164,31.1875,27.68981170654297,124.75,207828000
AAPL,2015-04-20,31.392499923706055,32.029998779296875,31.292499542236328,31.899999618530273,28.322404861450195,127.5999984741211,188217200
AAPL,2015-04-21,32.025001525878906,32.04999923706055,31.667499542236328,31.727500915527344,28.169248580932617,126.91000366210938,129740400
AAPL,2015-04-22,31.747499465942383,32.217498779296875,31.579999923706055,32.154998779296875,28.548809051513672,128.6199951171875,150618000
AAPL,2015-04-23,32.07500076293945,32.60499954223633,32.03499984741211,32.41749954223633,28.781864166259766,129.6699981689453,183083600
AAPL,2015-04-24,32.622501373291016,32.657501220703125,32.307498931884766,32.56999969482422,28.91725730895996,130.27999877929688,178103600
AAPL,2015-04-27,33.07749938964844,33.282501220703125,32.787498474121094,33.162498474121094,29.443317413330078,132.64999389648438,387816800
AAPL,2015-04-28,33.6150016784668,33.6349983215332,32.39250183105469,32.63999938964844,28.979415893554688,130.55999755859375,475696000
AAPL,2015-04-29,32.540000915527344,32.897499084472656,32.07500076293945,32.15999984741211,28.55324935913086,128.63999938964844,253544400
AAPL,2015-04-30,32.15999984741211,32.15999984741211,31.145000457763672,31.287500381469727,27.77859878540039,125.1500015258789,332781600
AAPL,2015-05-01,31.524999618530273,32.532501220703125,31.325000762939453,32.23749923706055,28.622047424316406,128.9499969482422,234050400
AAPL,2015-05-04,32.375,32.64250183105469,32.064998626708984,32.17499923706055,28.566570281982422,128.6999969482422,203953200
AAPL,2015-05-05,32.037498474121094,32.11249923706055,31.44499969482422,31.450000762939453,27.92287826538086,125.80000305175781,197085600
AAPL,2015-05-06,31.639999389648438,31.6875,30.84000015258789,31.252500534057617,27.747522354125977,125.01000213623047,288564000
AAPL,2015-05-07,31.1924991607666,31.520000457763672,31.0049991607666,31.315000534057617,27.91915512084961,125.26000213623047,175763600
AAPL,2015-05-08,31.670000076293945,31.905000686645508,31.52750015258789,31.905000686645508,28.445165634155273,127.62000274658203,222201600
AAPL,2015-05-11,31.84749984741211,31.889999389648438,31.407499313354492,31.579999923706055,28.155410766601563,126.31999969482422,168143200
AAPL,2015-05-12,31.399999618530273,31.719999313354492,31.204999923706055,31.467500686645508,28.05512237548828,125.87000274658203,192640000
AAPL,2015-05-13,31.537500381469727,31.797500610351563,31.467500686645508,31.502500534057617,28.08632469177246,126.01000213623047,138776800
AAPL,2015-05-14,31.852500915527344,32.23749923706055,31.790000915527344,32.23749923706055,28.741605758666992,128.9499969482422,180814000
AAPL,2015-05-15,32.26750183105469,32.372501373291016,32.0525016784668,32.192501068115234,28.701496124267578,128.77000427246094,152832000
AAPL,2015-05-18,32.095001220703125,32.68000030517578,32.09000015258789,32.54750061035156,29.01799964904785,130.19000244140625,203531600
AAPL,2015-05-19,32.67250061035156,32.720001220703125,32.40999984741211,32.51750183105469,28.991247177124023,130.07000732421875,178532800
AAPL,2015-05-20,32.5,32.744998931884766,32.334999084472656,32.51499938964844,28.98902130126953,130.05999755859375,145819600
AAPL,2015-05-21,32.51750183105469,32.907501220703125,32.45750045776367,32.84749984741211,29.285459518432617,131.38999938964844,158921600
AAPL,2015-05-22,32.900001525878906,33.24250030517578,32.849998474121094,33.1349983215332,29.541784286499023,132.5399932861328,182384000
AAPL,2015-05-26,33.150001525878906,33.227500915527344,32.279998779296875,32.404998779296875,28.89095115661621,129.6199951171875,282790400
AAPL,2015-05-27,32.584999084472656,33.064998626708984,32.51250076293945,33.0099983215332,29.430339813232422,132.0399932861328,183332800
AAPL,2015-05-28,32.96500015258789,32.98749923706055,32.775001525878906,32.94499969482422,29.372386932373047,131.77999877929688,122933200
AAPL,2015-05-29,32.807498931884766,32.86249923706055,32.474998474121094,32.56999969482422,29.038049697875977,130.27999877929688,203538000
AAPL,2015-06-01,32.56999969482422,32.84749984741211,32.51250076293945,32.6349983215332,29.096004486083984,130.5399932861328,128451200
AAPL,2015-06-02,32.46500015258789,32.665000915527344,32.33000183105469,32.4900016784668,28.966732025146484,129.9600067138672,134670400
AAPL,2015-06-03,32.665000915527344,32.73500061035156,32.474998474121094,32.529998779296875,29.002397537231445,130.1199951171875,123934000
AAPL,2015-06-04,32.39500045776367,32.64500045776367,32.227500915527344,32.34000015258789,28.83300018310547,129.36000061035156,153800400
AAPL,2015-06-05,32.375,32.42250061035156,32.09000015258789,32.162498474121094,28.674745559692383,128.64999389648438,142507200
AAPL,2015-06-08,32.224998474121094,32.3025016784668,31.707500457763672,31.950000762939453,28.485288619995117,127.80000305175781,210699200
AAPL,2015-06-09,31.674999237060547,32.02000045776367,31.405000686645508,31.854999542236328,28.400590896606445,127.41999816894531,224301600
AAPL,2015-06-10,31.979999542236328,32.334999084472656,31.962499618530273,32.220001220703125,28.72600746154785,128.8800048828125,156349200
AAPL,2015-06-11,32.29499816894531,32.54499816894531,32.119998931884766,32.147499084472656,28.661378860473633,128.58999633789063,141563600
AAPL,2015-06-12,32.04750061035156,32.08250045776367,31.77750015258789,31.792499542236328,28.344867706298828,127.16999816894531,147544800
AAPL,2015-06-15,31.524999618530273,31.809999465942383,31.427499771118164,31.729999542236328,28.289148330688477,126.91999816894531,175955600
AAPL,2015-06-16,31.75749969482422,31.962499618530273,31.592500686645508,31.899999618530273,28.44070816040039,127.5999984741211,125976400
AAPL,2015-06-17,31.93000030517578,31.969999313354492,31.684999465942383,31.825000762939453,28.37384033203125,127.30000305175781,131672400
AAPL,2015-06-18,31.8075008392334,32.07749938964844,31.80500030517578,31.969999313354492,28.50311279296875,127.87999725341797,141628800
AAPL,2015-06-19,31.927499771118164,31.954999923706055,31.600000381469727,31.649999618530273,28.217819213867188,126.5999984741211,218867600
AAPL,2015-06-22,31.872499465942383,32.01499938964844,31.770000457763672,31.90250015258789,28.44293785095215,127.61000061035156,136157200
AAPL,2015-06-23,31.8700008392334,31.90250015258789,31.719999313354492,31.75749969482422,28.31366539001465,127.02999877929688,121075600
AAPL,2015-06-24,31.802499771118164,32.45000076293945,31.780000686645508,32.02750015258789,28.554384231567383,128.11000061035156,221123600
AAPL,2015-06-25,32.21500015258789,32.29999923706055,31.875,31.875,28.418418884277344,127.5,127752400
AAPL,2015-06-26,31.917499542236328,31.997499465942383,31.627500534057617,31.6875,28.251249313354492,126.75,176267200
AAPL,2015-06-29,31.364999771118164,31.61750030517578,31.1200008392334,31.13249969482422,27.756439208984375,124.52999877929688,196645600
AAPL,2015-06-30,31.392499923706055,31.530000686645508,31.21500015258789,31.357500076293945,27.957035064697266,125.43000030517578,177482800
AAPL,2015-07-01,31.725000381469727,31.735000610351563,31.497499465942383,31.649999618530273,28.217819213867188,126.5999984741211,120955200
AAPL,2015-07-02,31.607500076293945,31.672500610351563,31.4424991607666,31.610000610351563,28.182157516479492,126.44000244140625,108844000
AAPL,2015-07-06,31.235000610351563,31.5575008392334,31.212499618530273,31.5,28.084087371826172,126,112241600
AAPL,2015-07-07,31.47249984741211,31.537500381469727,30.9424991607666,31.422500610351563,28.01499366760254,125.69000244140625,187787200
AAPL,2015-07-08,31.1200008392334,31.15999984741211,30.635000228881836,30.642499923706055,27.319580078125,122.56999969482422,243046400
AAPL,2015-07-09,30.962499618530273,31.014999389648438,29.80500030517578,30.017499923706055,26.76235580444336,120.06999969482422,314380000
AAPL,2015-07-10,30.485000610351563,30.962499618530273,30.302499771118164,30.81999969482422,27.477827072143555,123.27999877929688,245418000
AAPL,2015-07-13,31.25749969482422,31.440000534057617,31.079999923706055,31.415000915527344,28.00831413269043,125.66000366210938,165762000
AAPL,2015-07-14,31.510000228881836,31.592500686645508,31.260000228881836,31.40250015258789,27.997159957885742,125.61000061035156,127072400
AAPL,2015-07-15,31.43000030517578,31.787500381469727,31.395000457763672,31.704999923706055,28.26685905456543,126.81999969482422,134596800
AAPL,2015-07-16,31.934999465942383,32.14250183105469,31.837499618530273,32.127498626708984,28.64354705810547,128.50999450683594,144889600
AAPL,2015-07-17,32.27000045776367,32.404998779296875,32.07749938964844,32.404998779296875,28.89095115661621,129.6199951171875,184658800
AAPL,2015-07-20,32.74250030517578,33.24250030517578,32.67499923706055,33.01750183105469,29.437028884887695,132.07000732421875,235600800
AAPL,2015-07-21,33.212501525878906,33.22999954223633,32.58000183105469,32.6875,29.14281463623047,130.75,307025600
AAPL,2015-07-22,30.497499465942383,31.375,30.497499465942383,31.30500030517578,27.910240173339844,125.22000122070313,461802400
AAPL,2015-07-23,31.549999237060547,31.772499084472656,31.264999389648438,31.290000915527344,27.896862030029297,125.16000366210938,203998000
AAPL,2015-07-24,31.329999923706055,31.434999465942383,30.975000381469727,31.125,27.749752044677734,124.5,168649200
AAPL,2015-07-27,30.772499084472656,30.90250015258789,30.530000686645508,30.6924991607666,27.364154815673828,122.7699966430664,177822000
AAPL,2015-07-28,30.844999313354492,30.977500915527344,30.637500762939453,30.844999313354492,27.500110626220703,123.37999725341797,134472400
AAPL,2015-07-29,30.787500381469727,30.875,30.5674991607666,30.747499465942383,27.41319465637207,122.98999786376953,148046800
AAPL,2015-07-30,30.579999923706055,30.642499923706055,30.427499771118164,30.592500686645508,27.275007247924805,122.37000274658203,134513200
AAPL,2015-07-31,30.649999618530273,30.65999984741211,30.227500915527344,30.325000762939453,27.03650665283203,121.30000305175781,171540000
AAPL,2015-08-03,30.375,30.642499923706055,29.3799991607666,29.610000610351563,26.3990421295166,118.44000244140625,279904000
AAPL,2015-08-04,29.354999542236328,29.424999237060547,28.3125,28.65999984741211,25.552066802978516,114.63999938964844,496554400
AAPL,2015-08-05,28.237499237060547,29.360000610351563,28.024999618530273,28.850000381469727,25.721458435058594,115.4000015258789,397250400
AAPL,2015-08-06,28.99250030517578,29.125,28.530000686645508,28.782499313354492,25.777429580688477,115.12999725341797,211612000
AAPL,2015-08-07,28.645000457763672,29.0625,28.625,28.8799991607666,25.86475372314453,115.5199966430664,154681600
AAPL,2015-08-10,29.13249969482422,29.997499465942383,29.13249969482422,29.93000030517578,26.805126190185547,119.72000122070313,219806400
AAPL,2015-08-11,29.452499389648438,29.545000076293945,28.332500457763672,28.372499465942383,25.41024398803711,113.48999786376953,388331200
AAPL,2015-08-12,28.13249969482422,28.854999542236328,27.407499313354492,28.809999465942383,25.80206298828125,115.23999786376953,404870000
AAPL,2015-08-13,29.010000228881836,29.100000381469727,28.635000228881836,28.787500381469727,25.781911849975586,115.1500015258789,194143200
AAPL,2015-08-14,28.579999923706055,29.077499389648438,28.502500534057617,28.989999771118164,25.963272094726563,115.95999908447266,171718000
AAPL,2015-08-17,29.010000228881836,29.412500381469727,28.875,29.290000915527344,26.231945037841797,117.16000366210938,163538800
AAPL,2015-08-18,29.107500076293945,29.360000610351563,29.002500534057617,29.125,26.084178924560547,116.5,138242800
AAPL,2015-08-19,29.024999618530273,29.1299991607666,28.670000076293945,28.752500534057617,25.75057029724121,115.01000213623047,193146000
AAPL,2015-08-20,28.520000457763672,28.587499618530273,27.907499313354492,28.162500381469727,25.222166061401367,112.6500015258789,274006400
AAPL,2015-08-21,27.607500076293945,27.975000381469727,26.412500381469727,26.440000534057617,23.67950439453125,105.76000213623047,513102000
AAPL,2015-08-24,23.717500686645508,27.200000762939453,23,25.780000686645508,23.088411331176758,103.12000274658203,648825200
AAPL,2015-08-25,27.77750015258789,27.77750015258789,25.875,25.934999465942383,23.22722816467285,103.73999786376953,414406400
AAPL,2015-08-26,26.772499084472656,27.47249984741211,26.262500762939453,27.422500610351563,24.559425354003906,109.69000244140625,387098400
AAPL,2015-08-27,28.0575008392334,28.309999465942383,27.5049991607666,28.229999542236328,25.282617568969727,112.91999816894531,338464400
AAPL,2015-08-28,28.042499542236328,28.327499389648438,27.885000228881836,28.322500228881836,25.365463256835938,113.29000091552734,212657600
AAPL,2015-08-31,28.00749969482422,28.63249969482422,28,28.190000534057617,25.24679183959961,112.76000213623047,224917200
AAPL,2015-09-01,27.537500381469727,27.969999313354492,26.84000015258789,26.93000030517578,24.118345260620117,107.72000122070313,307383600
AAPL,2015-09-02,27.5575008392334,28.084999084472656,27.282499313354492,28.084999084472656,25.152751922607422,112.33999633789063,247555200
AAPL,2015-09-03,28.122499465942383,28.19499969482422,27.510000228881836,27.592500686645508,24.711673736572266,110.37000274658203,212935600
AAPL,2015-09-04,27.24250030517578,27.612499237060547,27.127500534057617,27.3174991607666,24.46538734436035,109.2699966430664,199985200
AAPL,2015-09-08,27.9375,28.139999389648438,27.579999923706055,28.077499389648438,25.146045684814453,112.30999755859375,219374400
AAPL,2015-09-09,28.440000534057617,28.5049991607666,27.4424991607666,27.537500381469727,24.66242218017578,110.1500015258789,340043200
AAPL,2015-09-10,27.5674991607666,28.31999969482422,27.475000381469727,28.142499923706055,25.204254150390625,112.56999969482422,251571200
AAPL,2015-09-11,27.947500228881836,28.552499771118164,27.940000534057617,28.552499771118164,25.57144546508789,114.20999908447266,199662000
AAPL,2015-09-14,29.145000457763672,29.22249984741211,28.71500015258789,28.827499389648438,25.81773567199707,115.30999755859375,233453600
AAPL,2015-09-15,28.982500076293945,29.13249969482422,28.604999542236328,29.06999969482422,26.034921646118164,116.27999877929688,173364800
AAPL,2015-09-16,29.0625,29.135000228881836,28.860000610351563,29.102500915527344,26.064022064208984,116.41000366210938,148694000
AAPL,2015-09-17,28.915000915527344,29.122499465942383,28.43000030517578,28.479999542236328,25.506519317626953,113.91999816894531,256450400
AAPL,2015-09-18,28.052499771118164,28.575000762939453,27.967500686645508,28.362499237060547,25.401277542114258,113.44999694824219,297141200
AAPL,2015-09-21,28.417499542236328,28.842500686645508,28.415000915527344,28.802499771118164,25.795345306396484,115.20999908447266,200888000
AAPL,2015-09-22,28.344999313354492,28.545000076293945,28.1299991607666,28.350000381469727,25.390087127685547,113.4000015258789,201384800
AAPL,2015-09-23,28.407499313354492,28.68000030517578,28.325000762939453,28.579999923706055,25.596071243286133,114.31999969482422,143026800
AAPL,2015-09-24,28.3125,28.875,28.092500686645508,28.75,25.74833106994629,115,200878000
AAPL,2015-09-25,29.110000610351563,29.172500610351563,28.5049991607666,28.677499771118164,25.683393478393555,114.70999908447266,224607600
AAPL,2015-09-28,28.462499618530273,28.642499923706055,28.110000610351563,28.110000610351563,25.17514419555664,112.44000244140625,208436000
AAPL,2015-09-29,28.207500457763672,28.377500534057617,26.96500015258789,27.264999389648438,24.418367385864258,109.05999755859375,293461600
AAPL,2015-09-30,27.542499542236328,27.885000228881836,27.1825008392334,27.575000762939453,24.696006774902344,110.30000305175781,265892000
AAPL,2015-10-01,27.267499923706055,27.405000686645508,26.827499389648438,27.395000457763672,24.5347957611084,109.58000183105469,255716400
AAPL,2015-10-02,27.002500534057617,27.752500534057617,26.887500762939453,27.594999313354492,24.713912963867188,110.37999725341797,232079200
AAPL,2015-10-05,27.469999313354492,27.842500686645508,27.267499923706055,27.69499969482422,24.803478240966797,110.77999877929688,208258800
AAPL,2015-10-06,27.657499313354492,27.934999465942383,27.4424991607666,27.827499389648438,24.922138214111328,111.30999755859375,192787200
AAPL,2015-10-07,27.934999465942383,27.9424991607666,27.352500915527344,27.69499969482422,24.803478240966797,110.77999877929688,187062400
AAPL,2015-10-08,27.547500610351563,27.547500610351563,27.052499771118164,27.375,24.516887664794922,109.5,247918400
AAPL,2015-10-09,27.5,28.06999969482422,27.372499465942383,28.030000686645508,25.103498458862305,112.12000274658203,211064400
AAPL,2015-10-12,28.1825008392334,28.1875,27.860000610351563,27.899999618530273,24.98706817626953,111.5999984741211,121868800
AAPL,2015-10-13,27.704999923706055,28.112499237060547,27.670000076293945,27.947500228881836,25.029603958129883,111.79000091552734,132197200
AAPL,2015-10-14,27.822500228881836,27.8799991607666,27.389999389648438,27.552499771118164,24.675851821899414,110.20999908447266,177849600
AAPL,2015-10-15,27.732500076293945,28.024999618530273,27.622499465942383,27.96500015258789,25.0452938079834,111.86000061035156,150694000
AAPL,2015-10-16,27.94499969482422,28,27.63249969482422,27.760000228881836,24.86168670654297,111.04000091552734,156930400
AAPL,2015-10-19,27.700000762939453,27.9375,27.52750015258789,27.9325008392334,25.016178131103516,111.7300033569336,119036800
AAPL,2015-10-20,27.834999084472656,28.542499542236328,27.704999923706055,28.4424991607666,25.472929000854492,113.7699966430664,195871200
AAPL,2015-10-21,28.5,28.895000457763672,28.424999237060547,28.440000534057617,25.4706974029541,113.76000213623047,167180800
AAPL,2015-10-22,28.582500457763672,28.875,28.524999618530273,28.875,25.860273361206055,115.5,166616400
AAPL,2015-10-23,29.174999237060547,29.8075008392334,29.082500457763672,29.770000457763672,26.661832809448242,119.08000183105469,237467600
AAPL,2015-10-26,29.520000457763672,29.532499313354492,28.729999542236328,28.81999969482422,25.811019897460938,115.27999877929688,265335200
AAPL,2015-10-27,28.850000381469727,29.135000228881836,28.497499465942383,28.637500762939453,25.64756965637207,114.55000305175781,279537600
AAPL,2015-10-28,29.232500076293945,29.825000762939453,29.014999389648438,29.8174991607666,26.70437240600586,119.2699966430664,342205600
AAPL,2015-10-29,29.674999237060547,30.172500610351563,29.5674991607666,30.13249969482422,26.986478805541992,120.52999877929688,204909200
AAPL,2015-10-30,30.247499465942383,30.30500030517578,29.862499237060547,29.875,26.755868911743164,119.5,197461200
AAPL,2015-11-02,30.200000762939453,30.34000015258789,29.90250015258789,30.295000076293945,27.132015228271484,121.18000030517578,128813200
AAPL,2015-11-03,30.197500228881836,30.872499465942383,30.174999237060547,30.642499923706055,27.443241119384766,122.56999969482422,182076000
AAPL,2015-11-04,30.782499313354492,30.954999923706055,30.405000686645508,30.5,27.31562042236328,122,179544400
AAPL,2015-11-05,30.462499618530273,30.672500610351563,30.045000076293945,30.229999542236328,27.189697265625,120.91999816894531,158210800
AAPL,2015-11-06,30.27750015258789,30.452499389648438,30.155000686645508,30.264999389648438,27.221172332763672,121.05999755859375,132169200
AAPL,2015-11-09,30.239999771118164,30.452499389648438,30.012500762939453,30.142499923706055,27.11099624633789,120.56999969482422,135485600
AAPL,2015-11-10,29.225000381469727,29.517499923706055,29.014999389648438,29.1924991607666,26.256534576416016,116.7699966430664,236511600
AAPL,2015-11-11,29.092500686645508,29.354999542236328,28.802499771118164,29.02750015258789,26.108139038085938,116.11000061035156,180872000
AAPL,2015-11-12,29.065000534057617,29.204999923706055,28.912500381469727,28.93000030517578,26.020442962646484,115.72000122070313,130102400
AAPL,2015-11-13,28.799999237060547,28.892499923706055,28.0674991607666,28.084999084472656,25.260421752929688,112.33999633789063,183249600
AAPL,2015-11-16,27.844999313354492,28.559999465942383,27.75,28.545000076293945,25.67416000366211,114.18000030517578,152426800
AAPL,2015-11-17,28.729999542236328,28.762500762939453,28.329999923706055,28.422500610351563,25.563980102539063,113.69000244140625,110467600
AAPL,2015-11-18,28.940000534057617,29.372499465942383,28.875,29.322500228881836,26.373464584350586,117.29000091552734,186698800
AAPL,2015-11-19,29.40999984741211,29.9375,29.190000534057617,29.69499969482422,26.708505630493164,118.77999877929688,173183200
AAPL,2015-11-20,29.799999237060547,29.979999542236328,29.712499618530273,29.825000762939453,26.825428009033203,119.30000305175781,137148400
AAPL,2015-11-23,29.8174991607666,29.9325008392334,29.334999084472656,29.4375,26.476903915405273,117.75,129930000
AAPL,2015-11-24,29.332500457763672,29.837499618530273,29.280000686645508,29.719999313354492,26.730979919433594,118.87999725341797,171212800
AAPL,2015-11-25,29.802499771118164,29.8075008392334,29.479999542236328,29.50749969482422,26.539854049682617,118.02999877929688,85553200
AAPL,2015-11-27,29.572500228881836,29.602500915527344,29.399999618530273,29.452499389648438,26.490386962890625,117.80999755859375,52185600
AAPL,2015-11-30,29.497499465942383,29.852500915527344,29.4375,29.575000762939453,26.60056495666504,118.30000305175781,156721200
AAPL,2015-12-01,29.6875,29.702499389648438,29.21500015258789,29.334999084472656,26.384708404541016,117.33999633789063,139409600
AAPL,2015-12-02,29.334999084472656,29.52750015258789,29.020000457763672,29.06999969482422,26.14635467529297,116.27999877929688,133546400
AAPL,2015-12-03,29.137500762939453,29.197500228881836,28.55500030517578,28.799999237060547,25.90350914001465,115.19999694824219,166278000
AAPL,2015-12-04,28.822500228881836,29.8125,28.77750015258789,29.75749969482422,26.764711380004883,119.02999877929688,231108000
AAPL,2015-12-07,29.7450008392334,29.96500015258789,29.452499389648438,29.56999969482422,26.596071243286133,118.27999877929688,128336800
AAPL,2015-12-08,29.3799991607666,29.649999618530273,29.21500015258789,29.5575008392334,26.584835052490234,118.2300033569336,137238000
AAPL,2015-12-09,29.40999984741211,29.422500610351563,28.770000457763672,28.905000686645508,25.997955322265625,115.62000274658203,185445600
AAPL,2015-12-10,29.010000228881836,29.235000610351563,28.877500534057617,29.042499542236328,26.12162971496582,116.16999816894531,116850800
AAPL,2015-12-11,28.797500610351563,28.84749984741211,28.212499618530273,28.295000076293945,25.44930648803711,113.18000030517578,187544800
AAPL,2015-12-14,28.045000076293945,28.170000076293945,27.447500228881836,28.1200008392334,25.291902542114258,112.4800033569336,257274800
AAPL,2015-12-15,27.985000610351563,28.200000762939453,27.587499618530273,27.622499465942383,24.844446182250977,110.48999786376953,213292400
AAPL,2015-12-16,27.767499923706055,27.997499465942383,27.200000762939453,27.834999084472656,25.035566329956055,111.33999633789063,224954000
AAPL,2015-12-17,28.0049991607666,28.0625,27.2450008392334,27.2450008392334,24.504901885986328,108.9800033569336,179091200
AAPL,2015-12-18,27.227500915527344,27.3799991607666,26.452499389648438,26.50749969482422,23.841581344604492,106.02999877929688,385813200
AAPL,2015-12-21,26.81999969482422,26.842500686645508,26.392499923706055,26.832500457763672,24.133888244628906,107.33000183105469,190362400
AAPL,2015-12-22,26.850000381469727,26.93000030517578,26.612499237060547,26.8075008392334,24.111398696899414,107.2300033569336,131157600
AAPL,2015-12-23,26.8174991607666,27.212499618530273,26.799999237060547,27.15250015258789,24.421709060668945,108.61000061035156,130629600
AAPL,2015-12-24,27.25,27.25,26.987499237060547,27.00749969482422,24.291292190551758,108.02999877929688,54281600
AAPL,2015-12-28,26.897499084472656,26.922500610351563,26.545000076293945,26.704999923706055,24.019208908081055,106.81999969482422,106816800
AAPL,2015-12-29,26.739999771118164,27.357500076293945,26.71500015258789,27.184999465942383,24.450937271118164,108.73999786376953,123724800
AAPL,2015-12-30,27.145000457763672,27.174999237060547,26.795000076293945,26.829999923706055,24.13164520263672,107.31999969482422,100855200
AAPL,2015-12-31,26.752500534057617,26.75749969482422,26.204999923706055,26.315000534057617,23.66843605041504,105.26000213623047,163649200
AAPL,2016-01-04,25.65250015258789,26.342500686645508,25.5,26.337499618530273,23.688674926757813,105.3499984741211,270597600
AAPL,2016-01-05,26.4375,26.462499618530273,25.602500915527344,25.677499771118164,23.09505271911621,102.70999908447266,223164000
AAPL,2016-01-06,25.139999389648438,25.592500686645508,24.967500686645508,25.174999237060547,22.643091201782227,100.69999694824219,273829600
AAPL,2016-01-07,24.670000076293945,25.032499313354492,24.107500076293945,24.112499237060547,21.687440872192383,96.44999694824219,324377600
AAPL,2016-01-08,24.637500762939453,24.77750015258789,24.190000534057617,24.239999771118164,21.802125930786133,96.95999908447266,283192000
AAPL,2016-01-11,24.74250030517578,24.764999389648438,24.334999084472656,24.63249969482422,22.155149459838867,98.529998779296875,198957600
AAPL,2016-01-12,25.137500762939453,25.172500610351563,24.709999084472656,24.989999771118164,22.47669792175293,99.95999908447266,196616800
AAPL,2016-01-13,25.079999923706055,25.297500610351563,24.325000762939453,24.34749984741211,21.898813247680664,97.38999938964844,249758400
AAPL,2016-01-14,24.489999771118164,25.1200008392334,23.934999465942383,24.8799991607666,22.377750396728516,99.5199966430664,252680400
AAPL,2016-01-15,24.049999237060547,24.427499771118164,23.84000015258789,24.282499313354492,21.840351104736328,97.12999725341797,319335600
AAPL,2016-01-19,24.602500915527344,24.662500381469727,23.875,24.165000915527344,21.734664916992188,96.660003662109375,212350800
AAPL,2016-01-20,23.774999618530273,24.547500610351563,23.354999542236328,24.197500228881836,21.763896942138672,96.79000091552734,289337600
AAPL,2016-01-21,24.264999389648438,24.469999313354492,23.735000610351563,24.075000762939453,21.653722763061523,96.30000305175781,208646000
AAPL,2016-01-22,24.657499313354492,25.364999771118164,24.592500686645508,25.354999542236328,22.80498504638672,101.41999816894531,263202000
AAPL,2016-01-25,25.3799991607666,25.38249969482422,24.802499771118164,24.860000610351563,22.359773635864258,99.44000244140625,207178000
AAPL,2016-01-26,24.982500076293945,25.219999313354492,24.517499923706055,24.997499465942383,22.483440399169922,99.98999786376953,300308000
AAPL,2016-01-27,24.010000228881836,24.157499313354492,23.334999084472656,23.354999542236328,21.006134033203125,93.41999816894531,533478800
AAPL,2016-01-28,23.447500228881836,23.6299991607666,23.09749984741211,23.522499084472656,21.15678596496582,94.089996337890625,222715200
AAPL,2016-01-29,23.697500228881836,24.334999084472656,23.587499618530273,24.334999084472656,21.8875732421875,97.339996337890625,257666000
AAPL,2016-02-01,24.11750030517578,24.177499771118164,23.850000381469727,24.107500076293945,21.682945251464844,96.43000030517578,163774000
AAPL,2016-02-02,23.854999542236328,24.010000228881836,23.56999969482422,23.6200008392334,21.244487762451172,94.4800033569336,149428800
AAPL,2016-02-03,23.75,24.209999084472656,23.520000457763672,24.087499618530273,21.664960861206055,96.3499984741211,183857200
AAPL,2016-02-04,23.96500015258789,24.332500457763672,23.797500610351563,24.149999618530273,21.83904266357422,96.5999984741211,185886800
AAPL,2016-02-05,24.1299991607666,24.229999542236328,23.422500610351563,23.5049991607666,21.25575828552246,94.0199966430664,185672400
AAPL,2016-02-08,23.282499313354492,23.924999237060547,23.260000228881836,23.752500534057617,21.47957992553711,95.01000213623047,216085600
AAPL,2016-02-09,23.572500228881836,23.985000610351563,23.482500076293945,23.747499465942383,21.475051879882813,94.98999786376953,177324800
AAPL,2016-02-10,23.979999542236328,24.087499618530273,23.524999618530273,23.5674991607666,21.31227684020996,94.2699966430664,169374400
AAPL,2016-02-11,23.447500228881836,23.68000030517578,23.147499084472656,23.424999237060547,21.18341636657715,93.69999694824219,200298800
AAPL,2016-02-12,23.547500610351563,23.625,23.252500534057617,23.497499465942383,21.248981475830078,93.98999786376953,161405600
AAPL,2016-02-16,23.7549991607666,24.212499618530273,23.65250015258789,24.15999984741211,21.848081588745117,96.63999938964844,196231600
AAPL,2016-02-17,24.167499542236328,24.552499771118164,24.037500381469727,24.530000686645508,22.182682037353516,98.12000274658203,179452800
AAPL,2016-02-18,24.709999084472656,24.72249984741211,24.022499084472656,24.065000534057617,21.762170791625977,96.26000213623047,156084000
AAPL,2016-02-19,24,24.190000534057617,23.950000762939453,24.010000228881836,21.712430953979492,96.04000091552734,141496800
AAPL,2016-02-22,24.077499389648438,24.225000381469727,23.979999542236328,24.219999313354492,21.902334213256836,96.87999725341797,137123200
AAPL,2016-02-23,24.100000381469727,24.125,23.637500762939453,23.672500610351563,21.4072322845459,94.69000244140625,127770400
AAPL,2016-02-24,23.4950008392334,24.094999313354492,23.329999923706055,24.024999618530273,21.72599983215332,96.0999984741211,145022800
AAPL,2016-02-25,24.012500762939453,24.190000534057617,23.8125,24.190000534057617,21.875211715698242,96.76000213623047,110330800
AAPL,2016-02-26,24.299999237060547,24.5049991607666,24.145000457763672,24.227500915527344,21.909128189086914,96.910003662109375,115964400
AAPL,2016-02-29,24.21500015258789,24.5575008392334,24.162500381469727,24.172500610351563,21.85938835144043,96.69000244140625,140865200
AAPL,2016-03-01,24.412500381469727,25.1924991607666,24.354999542236328,25.13249969482422,22.72752571105957,100.52999877929688,201628400
AAPL,2016-03-02,25.127500534057617,25.22249984741211,24.90999984741211,25.1875,22.777257919311523,100.75,132678400
AAPL,2016-03-03,25.145000457763672,25.427499771118164,25.112499237060547,25.375,22.94681739807129,101.5,147822800
AAPL,2016-03-04,25.592500686645508,25.9375,25.342500686645508,25.752500534057617,23.288188934326172,103.01000213623047,184220400
AAPL,2016-03-07,25.59749984741211,25.707500457763672,25.239999771118164,25.467500686645508,23.030471801757813,101.87000274658203,143315600
AAPL,2016-03-08,25.19499969482422,25.440000534057617,25.100000381469727,25.25749969482422,22.84056282043457,101.02999877929688,126247600
AAPL,2016-03-09,25.327499389648438,25.395000457763672,25.0674991607666,25.280000686645508,22.860910415649414,101.12000274658203,108806800
AAPL,2016-03-10,25.352500915527344,25.559999465942383,25.037500381469727,25.292499542236328,22.87221336364746,101.16999816894531,134054400
AAPL,2016-03-11,25.559999465942383,25.56999969482422,25.375,25.565000534057617,23.118640899658203,102.26000213623047,109632800
AAPL,2016-03-14,25.477500915527344,25.727500915527344,25.44499969482422,25.6299991607666,23.177412033081055,102.5199966430664,100304400
AAPL,2016-03-15,25.989999771118164,26.295000076293945,25.962499618530273,26.145000457763672,23.643129348754883,104.58000183105469,160270800
AAPL,2016-03-16,26.15250015258789,26.577499389648438,26.147499084472656,26.49250030517578,23.957378387451172,105.97000122070313,153214000
AAPL,2016-03-17,26.3799991607666,26.61750030517578,26.239999771118164,26.450000762939453,23.918949127197266,105.80000305175781,137682800
AAPL,2016-03-18,26.584999084472656,26.625,26.297500610351563,26.479999542236328,23.94607925415039,105.91999816894531,176820800
AAPL,2016-03-21,26.482500076293945,26.912500381469727,26.28499984741211,26.477500915527344,23.943817138671875,105.91000366210938,142010800
AAPL,2016-03-22,26.3125,26.822500228881836,26.302499771118164,26.68000030517578,24.126937866210938,106.72000122070313,129777600
AAPL,2016-03-23,26.6200008392334,26.767499923706055,26.475000381469727,26.532499313354492,23.99355125427246,106.12999725341797,102814000
AAPL,2016-03-24,26.36750030517578,26.5625,26.22249984741211,26.417499542236328,23.889558792114258,105.66999816894531,104532000
AAPL,2016-03-28,26.5,26.547500610351563,26.264999389648438,26.297500610351563,23.781044006347656,105.19000244140625,77645600
AAPL,2016-03-29,26.22249984741211,26.947500228881836,26.219999313354492,26.920000076293945,24.343971252441406,107.68000030517578,124760400
AAPL,2016-03-30,27.162500381469727,27.604999542236328,27.149999618530273,27.389999389648438,24.768999099731445,109.55999755859375,182404400
AAPL,2016-03-31,27.43000030517578,27.475000381469727,27.219999313354492,27.247499465942383,24.64012908935547,108.98999786376953,103553600
AAPL,2016-04-01,27.19499969482422,27.5,27.049999237060547,27.497499465942383,24.86621856689453,109.98999786376953,103496000
AAPL,2016-04-04,27.604999542236328,28.047500610351563,27.5674991607666,27.780000686645508,25.121679306030273,111.12000274658203,149424800
AAPL,2016-04-05,27.377500534057617,27.6825008392334,27.354999542236328,27.452499389648438,24.825515747070313,109.80999755859375,106314800
AAPL,2016-04-06,27.5575008392334,27.7450008392334,27.299999237060547,27.739999771118164,25.085512161254883,110.95999908447266,105616400
AAPL,2016-04-07,27.487499237060547,27.604999542236328,27.030000686645508,27.135000228881836,24.538394927978516,108.54000091552734,127207600
AAPL,2016-04-08,27.227500915527344,27.4424991607666,27.042499542236328,27.165000915527344,24.565534591674805,108.66000366210938,94326800
AAPL,2016-04-11,27.24250030517578,27.65250015258789,27.207500457763672,27.2549991607666,24.64691734313965,109.0199966430664,117630000
AAPL,2016-04-12,27.334999084472656,27.625,27.165000915527344,27.610000610351563,24.967939376831055,110.44000244140625,108929200
AAPL,2016-04-13,27.700000762939453,28.084999084472656,27.700000762939453,28.010000228881836,25.329669952392578,112.04000091552734,133029200
AAPL,2016-04-14,27.905000686645508,28.09749984741211,27.832500457763672,28.024999618530273,25.343229293823242,112.0999984741211,101895600
AAPL,2016-04-15,28.02750015258789,28.075000762939453,27.4325008392334,27.462499618530273,24.83455467224121,109.8499984741211,187756000
AAPL,2016-04-18,27.22249984741211,27.237499237060547,26.735000610351563,26.8700008392334,24.298755645751953,107.4800033569336,243286000
AAPL,2016-04-19,26.969999313354492,27,26.5575008392334,26.727500915527344,24.169891357421875,106.91000366210938,129539600
AAPL,2016-04-20,26.65999984741211,27.022499084472656,26.514999389648438,26.782499313354492,24.21963119506836,107.12999725341797,122444000
AAPL,2016-04-21,26.732500076293945,26.732500076293945,26.3799991607666,26.49250030517578,23.957378387451172,105.97000122070313,126210000
AAPL,2016-04-22,26.252500534057617,26.6200008392334,26.155000686645508,26.420000076293945,23.89181900024414,105.68000030517578,134732400
AAPL,2016-04-25,26.25,26.412500381469727,26.127500534057617,26.270000457763672,23.756174087524414,105.08000183105469,112126400
AAPL,2016-04-26,25.977500915527344,26.325000762939453,25.977500915527344,26.087499618530273,23.591142654418945,104.3499984741211,224064800
AAPL,2016-04-27,24,24.677499771118164,23.920000076293945,24.454999923706055,22.11485481262207,97.81999969482422,458408400
AAPL,2016-04-28,24.40250015258789,24.469999313354492,23.5625,23.707500457763672,21.438886642456055,94.83000183105469,328970800
AAPL,2016-04-29,23.497499465942383,23.68000030517578,23.127500534057617,23.434999465942383,21.192462921142578,93.73999786376953,274126000
AAPL,2016-05-02,23.49250030517578,23.520000457763672,23.100000381469727,23.40999984741211,21.16985511779785,93.63999938964844,192640400
AAPL,2016-05-03,23.549999237060547,23.934999465942383,23.420000076293945,23.795000076293945,21.518003463745117,95.18000030517578,227325200
AAPL,2016-05-04,23.799999237060547,23.975000381469727,23.454999923706055,23.547500610351563,21.294193267822266,94.19000244140625,164102000
AAPL,2016-05-05,23.5,23.517499923706055,23.170000076293945,23.309999465942383,21.207761764526367,93.23999786376953,143562000
AAPL,2016-05-06,23.342500686645508,23.362499237060547,22.962499618530273,23.18000030517578,21.08948516845703,92.720001220703125,174799600
AAPL,2016-05-09,23.25,23.4424991607666,23.147499084472656,23.197500228881836,21.105405807495117,92.79000091552734,131745600
AAPL,2016-05-10,23.332500457763672,23.392499923706055,23.02750015258789,23.354999542236328,21.248703002929688,93.41999816894531,134747200
AAPL,2016-05-11,23.3700008392334,23.392499923706055,23.114999771118164,23.127500534057617,21.041717529296875,92.51000213623047,114876400
AAPL,2016-05-12,23.18000030517578,23.19499969482422,22.36750030517578,22.584999084472656,20.548147201538086,90.339996337890625,305258800
AAPL,2016-05-13,22.5,22.917499542236328,22.5,22.6299991607666,20.58909034729004,90.5199966430664,177571200
AAPL,2016-05-16,23.09749984741211,23.59749984741211,22.912500381469727,23.469999313354492,21.353330612182617,93.87999725341797,245039200
AAPL,2016-05-17,23.637500762939453,23.674999237060547,23.252500534057617,23.372499465942383,21.264625549316406,93.48999786376953,187667600
AAPL,2016-05-18,23.540000915527344,23.802499771118164,23.47249984741211,23.639999389648438,21.50799560546875,94.55999755859375,168249600
AAPL,2016-05-19,23.65999984741211,23.65999984741211,23.392499923706055,23.549999237060547,21.426115036010742,94.19999694824219,121768400
AAPL,2016-05-20,23.65999984741211,23.857500076293945,23.6299991607666,23.80500030517578,21.658123016357422,95.220001220703125,128104000
AAPL,2016-05-23,23.967500686645508,24.297500610351563,23.917499542236328,24.107500076293945,21.933330535888672,96.43000030517578,152074400
AAPL,2016-05-24,24.30500030517578,24.522499084472656,24.209999084472656,24.475000381469727,22.2677001953125,97.9000015258789,140560800
AAPL,2016-05-25,24.667499542236328,24.934999465942383,24.52750015258789,24.905000686645508,22.65891456604004,99.62000274658203,152675200
AAPL,2016-05-26,24.920000076293945,25.1825008392334,24.65999984741211,25.102500915527344,22.838605880737305,100.41000366210938,225324800
AAPL,2016-05-27,24.860000610351563,25.11750030517578,24.8125,25.087499618530273,22.824954986572266,100.3499984741211,145364800
AAPL,2016-05-31,24.899999618530273,25.100000381469727,24.704999923706055,24.96500015258789,22.7135066986084,99.86000061035156,169228800
AAPL,2016-06-01,24.7549991607666,24.885000228881836,24.582500457763672,24.614999771118164,22.395061492919922,98.45999908447266,116693200
AAPL,2016-06-02,24.399999618530273,24.459999084472656,24.157499313354492,24.43000030517578,22.226755142211914,97.720001220703125,160766400
AAPL,2016-06-03,24.447500228881836,24.5674991607666,24.362499237060547,24.479999542236328,22.272245407104492,97.91999816894531,114019600
AAPL,2016-06-06,24.497499465942383,25.47249984741211,24.387500762939453,24.657499313354492,22.433740615844727,98.62999725341797,93170000
AAPL,2016-06-07,24.8125,24.967500686645508,24.739999771118164,24.75749969482422,22.524717330932617,99.029998779296875,89638000
AAPL,2016-06-08,24.7549991607666,24.889999389648438,24.670000076293945,24.735000610351563,22.504243850708008,98.94000244140625,83392400
AAPL,2016-06-09,24.625,24.997499465942383,24.614999771118164,24.912500381469727,22.665735244750977,99.6500015258789,106405600
AAPL,2016-06-10,24.63249969482422,24.837499618530273,24.6200008392334,24.707500457763672,22.479232788085938,98.83000183105469,126851600
AAPL,2016-06-13,24.672500610351563,24.780000686645508,24.274999618530273,24.334999084472656,22.140323638916016,97.339996337890625,152082000
AAPL,2016-06-14,24.329999923706055,24.6200008392334,24.1875,24.364999771118164,22.167621612548828,97.45999908447266,127727600
AAPL,2016-06-15,24.454999923706055,24.602500915527344,24.25749969482422,24.28499984741211,22.094833374023438,97.13999938964844,117780800
AAPL,2016-06-16,24.112499237060547,24.4375,24.017499923706055,24.387500762939453,22.18808364868164,97.55000305175781,125307200
AAPL,2016-06-17,24.155000686645508,24.162500381469727,23.825000762939453,23.832500457763672,21.68313980102539,95.33000183105469,244032800
AAPL,2016-06-20,24,24.142499923706055,23.75749969482422,23.774999618530273,21.63082504272461,95.0999984741211,137647600
AAPL,2016-06-21,23.735000610351563,24.087499618530273,23.670000076293945,23.977500915527344,21.815065383911133,95.910003662109375,142185600
AAPL,2016-06-22,24.0625,24.22249984741211,23.837499618530273,23.887500762939453,21.73318099975586,95.55000305175781,116876400
AAPL,2016-06-23,23.985000610351563,24.072500228881836,23.8125,24.024999618530273,21.858278274536133,96.0999984741211,128960800
AAPL,2016-06-24,23.227500915527344,23.665000915527344,23.162500381469727,23.350000381469727,21.244155883789063,93.4000015258789,301245600
AAPL,2016-06-27,23.25,23.262500762939453,22.875,23.010000228881836,20.934816360473633,92.04000091552734,181958400
AAPL,2016-06-28,23.225000381469727,23.415000915527344,23.03499984741211,23.397499084472656,21.28736686706543,93.589996337890625,161779600
AAPL,2016-06-29,23.49250030517578,23.637500762939453,23.407499313354492,23.600000381469727,21.47160530090332,94.4000015258789,146124000
AAPL,2016-06-30,23.610000610351563,23.9424991607666,23.575000762939453,23.899999618530273,21.744550704956055,95.5999984741211,143345600
AAPL,2016-07-01,23.872499465942383,24.11750030517578,23.832500457763672,23.97249984741211,21.810516357421875,95.88999938964844,104106000
AAPL,2016-07-05,23.84749984741211,23.850000381469727,23.614999771118164,23.747499465942383,21.605804443359375,94.98999786376953,110820800
AAPL,2016-07-06,23.649999618530273,23.915000915527344,23.592500686645508,23.88249969482422,21.728628158569336,95.529998779296875,123796400
AAPL,2016-07-07,23.924999237060547,24.125,23.905000686645508,23.985000610351563,21.82189178466797,95.94000244140625,100558400
AAPL,2016-07-08,24.122499465942383,24.22249984741211,24.012500762939453,24.170000076293945,21.99020767211914,96.68000030517578,115648400
AAPL,2016-07-11,24.1875,24.412500381469727,24.1825008392334,24.2450008392334,22.058441162109375,96.9800033569336,95179600
AAPL,2016-07-12,24.292499542236328,24.424999237060547,24.280000686645508,24.354999542236328,22.15851402282715,97.41999816894531,96670000
AAPL,2016-07-13,24.352500915527344,24.417499542236328,24.209999084472656,24.217500686645508,22.033424377441406,96.87000274658203,103568800
AAPL,2016-07-14,24.34749984741211,24.747499465942383,24.329999923706055,24.697500228881836,22.470129013061523,98.79000091552734,155676000
AAPL,2016-07-15,24.729999542236328,24.825000762939453,24.625,24.69499969482422,22.467857360839844,98.779998779296875,120548000
AAPL,2016-07-18,24.674999237060547,25.032499313354492,24.649999618530273,24.957500457763672,22.706676483154297,99.83000183105469,145975600
AAPL,2016-07-19,24.889999389648438,25,24.834999084472656,24.967500686645508,22.71578025817871,99.87000274658203,95119600
AAPL,2016-07-20,25,25.114999771118164,24.934999465942383,24.989999771118164,22.736251831054688,99.95999908447266,105104000
AAPL,2016-07-21,24.957500457763672,25.25,24.782499313354492,24.857500076293945,22.615699768066406,99.43000030517578,130808000
AAPL,2016-07-22,24.815000534057617,24.825000762939453,24.577499389648438,24.665000915527344,22.440561294555664,98.660003662109375,113254800
AAPL,2016-07-25,24.5625,24.709999084472656,24.229999542236328,24.334999084472656,22.140323638916016,97.339996337890625,161531600
AAPL,2016-07-26,24.204999923706055,24.49250030517578,24.104999542236328,24.167499542236328,21.987930297851563,96.66999816894531,224959200
AAPL,2016-07-27,26.0674991607666,26.087499618530273,25.6875,25.737499237060547,23.416332244873047,102.94999694824219,369379200
AAPL,2016-07-28,25.707500457763672,26.112499237060547,25.704999923706055,26.084999084472656,23.732500076293945,104.33999633789063,159479200
AAPL,2016-07-29,26.047500610351563,26.137500762939453,25.920000076293945,26.052499771118164,23.702924728393555,104.20999908447266,110934800
AAPL,2016-08-01,26.102500915527344,26.537500381469727,26.102500915527344,26.512500762939453,24.12144660949707,106.05000305175781,152671600
AAPL,2016-08-02,26.512500762939453,26.517499923706055,26,26.1200008392334,23.76432991027832,104.4800033569336,135266400
AAPL,2016-08-03,26.202499389648438,26.459999084472656,26.1924991607666,26.447500228881836,24.062305450439453,105.79000091552734,120810400
AAPL,2016-08-04,26.395000457763672,26.5,26.31999969482422,26.467500686645508,24.210948944091797,105.87000274658203,109634800
AAPL,2016-08-05,26.5674991607666,26.912500381469727,26.545000076293945,26.8700008392334,24.579133987426758,107.4800033569336,162213600
AAPL,2016-08-08,26.8799991607666,27.092500686645508,26.790000915527344,27.092500686645508,24.782663345336914,108.37000274658203,112148800
AAPL,2016-08-09,27.0575008392334,27.235000610351563,27.002500534057617,27.202499389648438,24.883281707763672,108.80999755859375,105260800
AAPL,2016-08-10,27.177499771118164,27.225000381469727,26.940000534057617,27,24.69805335998535,108,96034000
AAPL,2016-08-11,27.1299991607666,27.232500076293945,26.962499618530273,26.982500076293945,24.68204116821289,107.93000030517578,109938000
AAPL,2016-08-12,26.94499969482422,27.110000610351563,26.94499969482422,27.045000076293945,24.73921012878418,108.18000030517578,74641600
AAPL,2016-08-15,27.03499984741211,27.385000228881836,27.020000457763672,27.3700008392334,25.036508560180664,109.4800033569336,103472800
AAPL,2016-08-16,27.407499313354492,27.5575008392334,27.302499771118164,27.344999313354492,25.01363182067871,109.37999725341797,135177600
AAPL,2016-08-17,27.274999618530273,27.342500686645508,27.084999084472656,27.30500030517578,24.977048873901367,109.22000122070313,101424000
AAPL,2016-08-18,27.3075008392334,27.399999618530273,27.2549991607666,27.270000457763672,24.945032119750977,109.08000183105469,87938800
AAPL,2016-08-19,27.1924991607666,27.422500610351563,27.09000015258789,27.34000015258789,25.00905990600586,109.36000061035156,101472400
AAPL,2016-08-22,27.21500015258789,27.274999618530273,26.962499618530273,27.127500534057617,24.814678192138672,108.51000213623047,103280800
AAPL,2016-08-23,27.147499084472656,27.329999923706055,27.13249969482422,27.212499618530273,24.89243507385254,108.8499984741211,85030800
AAPL,2016-08-24,27.142499923706055,27.1875,26.920000076293945,27.00749969482422,24.704910278320313,108.02999877929688,94700400
AAPL,2016-08-25,26.84749984741211,26.969999313354492,26.670000076293945,26.892499923706055,24.599714279174805,107.56999969482422,100344800
AAPL,2016-08-26,26.852500915527344,26.987499237060547,26.577499389648438,26.735000610351563,24.455638885498047,106.94000244140625,111065200
AAPL,2016-08-29,26.655000686645508,26.860000610351563,26.572500228881836,26.704999923706055,24.42820167541504,106.81999969482422,99881200
AAPL,2016-08-30,26.450000762939453,26.625,26.375,26.5,24.240676879882813,106,99455600
AAPL,2016-08-31,26.415000915527344,26.642499923706055,26.40999984741211,26.524999618530273,24.263545989990234,106.0999984741211,118649600
AAPL,2016-09-01,26.53499984741211,26.700000762939453,26.405000686645508,26.6825008392334,24.407623291015625,106.7300033569336,106806000
AAPL,2016-09-02,26.924999237060547,27,26.704999923706055,26.9325008392334,24.63629722595215,107.7300033569336,107210000
AAPL,2016-09-06,26.975000381469727,27.075000762939453,26.877500534057617,26.924999237060547,24.629438400268555,107.69999694824219,107521600
AAPL,2016-09-07,26.957500457763672,27.190000534057617,26.767499923706055,27.09000015258789,24.780376434326172,108.36000061035156,169457200
AAPL,2016-09-08,26.8125,26.8174991607666,26.309999465942383,26.3799991607666,24.130910873413086,105.5199966430664,212008000
AAPL,2016-09-09,26.15999984741211,26.43000030517578,25.782499313354492,25.782499313354492,23.5843505859375,103.12999725341797,186228000
AAPL,2016-09-12,25.662500381469727,26.43000030517578,25.63249969482422,26.360000610351563,24.11260986328125,105.44000244140625,181171200
AAPL,2016-09-13,26.877500534057617,27.197500228881836,26.809999465942383,26.987499237060547,24.686613082885742,107.94999694824219,248704800
AAPL,2016-09-14,27.1825008392334,28.25749969482422,27.149999618530273,27.9424991607666,25.560190200805664,111.7699966430664,443554800
AAPL,2016-09-15,28.46500015258789,28.9325008392334,28.372499465942383,28.892499923706055,26.42920684814453,115.56999969482422,359934400
AAPL,2016-09-16,28.780000686645508,29.032499313354492,28.510000228881836,28.729999542236328,26.28054428100586,114.91999816894531,319547600
AAPL,2016-09-19,28.797500610351563,29.045000076293945,28.3125,28.395000457763672,25.97411346435547,113.58000183105469,188092000
AAPL,2016-09-20,28.262500762939453,28.530000686645508,28.127500534057617,28.392499923706055,25.971826553344727,113.56999969482422,138057200
AAPL,2016-09-21,28.462499618530273,28.497499465942383,28.110000610351563,28.387500762939453,25.967256546020508,113.55000305175781,144012800
AAPL,2016-09-22,28.587499618530273,28.735000610351563,28.5,28.655000686645508,26.211950302124023,114.62000274658203,124296000
AAPL,2016-09-23,28.604999542236328,28.697500228881836,27.887500762939453,28.177499771118164,25.775161743164063,112.70999908447266,209924800
AAPL,2016-09-26,27.90999984741211,28.34749984741211,27.887500762939453,28.219999313354492,25.814037322998047,112.87999725341797,119477600
AAPL,2016-09-27,28.25,28.295000076293945,28.084999084472656,28.272499084472656,25.862056732177734,113.08999633789063,98429600
AAPL,2016-09-28,28.422500610351563,28.65999984741211,28.357500076293945,28.487499237060547,26.058727264404297,113.94999694824219,118564400
AAPL,2016-09-29,28.290000915527344,28.450000762939453,27.950000762939453,28.045000076293945,25.653959274291992,112.18000030517578,143548000
AAPL,2016-09-30,28.114999771118164,28.342500686645508,27.950000762939453,28.262500762939453,25.8529109954834,113.05000305175781,145516400
AAPL,2016-10-03,28.177499771118164,28.262500762939453,28.06999969482422,28.1299991607666,25.731708526611328,112.5199966430664,86807200
AAPL,2016-10-04,28.264999389648438,28.577499389648438,28.157499313354492,28.25,25.841472625732422,113,118947200
AAPL,2016-10-05,28.350000381469727,28.415000915527344,28.172500610351563,28.262500762939453,25.8529109954834,113.05000305175781,85812400
AAPL,2016-10-06,28.424999237060547,28.584999084472656,28.282499313354492,28.47249984741211,26.04500961303711,113.88999938964844,115117200
AAPL,2016-10-07,28.577499389648438,28.639999389648438,28.377500534057617,28.514999389648438,26.083879470825195,114.05999755859375,97433600
AAPL,2016-10-10,28.7549991607666,29.1875,28.68000030517578,29.012500762939453,26.538972854614258,116.05000305175781,144944000
AAPL,2016-10-11,29.424999237060547,29.672500610351563,29.049999237060547,29.075000762939453,26.59613800048828,116.30000305175781,256164000
AAPL,2016-10-12,29.337499618530273,29.4950008392334,29.1875,29.334999084472656,26.833972930908203,117.33999633789063,150347200
AAPL,2016-10-13,29.197500228881836,29.360000610351563,28.93000030517578,29.2450008392334,26.751646041870117,116.9800033569336,140769600
AAPL,2016-10-14,29.469999313354492,29.542499542236328,29.282499313354492,29.407499313354492,26.90028953552246,117.62999725341797,142608800
AAPL,2016-10-17,29.332500457763672,29.459999084472656,29.19499969482422,29.387500762939453,26.881999969482422,117.55000305175781,94499600
AAPL,2016-10-18,29.545000076293945,29.552499771118164,29.362499237060547,29.36750030517578,26.863698959350586,117.47000122070313,98214000
AAPL,2016-10-19,29.3125,29.440000534057617,28.450000762939453,29.280000686645508,26.783662796020508,117.12000274658203,80138400
AAPL,2016-10-20,29.21500015258789,29.344999313354492,29.082500457763672,29.264999389648438,26.76994514465332,117.05999755859375,96503200
AAPL,2016-10-21,29.202499389648438,29.227500915527344,29.06999969482422,29.149999618530273,26.664751052856445,116.5999984741211,92770800
AAPL,2016-10-24,29.274999618530273,29.434999465942383,29.25,29.412500381469727,26.90486717224121,117.6500015258789,94154800
AAPL,2016-10-25,29.487499237060547,29.59000015258789,29.327499389648438,29.5625,27.042078018188477,118.25,192516000
AAPL,2016-10-26,28.577499389648438,28.924999237060547,28.327499389648438,28.897499084472656,26.433773040771484,115.58999633789063,264536800
AAPL,2016-10-27,28.84749984741211,28.96500015258789,28.524999618530273,28.6200008392334,26.179933547973633,114.4800033569336,138248000
AAPL,2016-10-28,28.467500686645508,28.802499771118164,28.362499237060547,28.43000030517578,26.006135940551758,113.72000122070313,151446800
AAPL,2016-10-31,28.412500381469727,28.5575008392334,28.299999237060547,28.385000228881836,25.96497344970703,113.54000091552734,105677600
AAPL,2016-11-01,28.364999771118164,28.4424991607666,27.63249969482422,27.872499465942383,25.496150970458984,111.48999786376953,175303200
AAPL,2016-11-02,27.850000381469727,28.087499618530273,27.8075008392334,27.897499084472656,25.519031524658203,111.58999633789063,113326800
AAPL,2016-11-03,27.7450008392334,27.864999771118164,27.387500762939453,27.457500457763672,25.245500564575195,109.83000183105469,107730400
AAPL,2016-11-04,27.13249969482422,27.5625,27.02750015258789,27.209999084472656,25.01793670654297,108.83999633789063,123348000
AAPL,2016-11-07,27.520000457763672,27.627500534057617,27.364999771118164,27.602500915527344,25.378812789916992,110.41000366210938,130240000
AAPL,2016-11-08,27.577499389648438,27.93000030517578,27.424999237060547,27.764999389648438,25.528228759765625,111.05999755859375,97016800
AAPL,2016-11-09,27.469999313354492,27.829999923706055,27.012500762939453,27.719999313354492,25.48685073852539,110.87999725341797,236705600
AAPL,2016-11-10,27.772499084472656,27.772499084472656,26.457500457763672,26.947500228881836,24.776586532592773,107.79000091552734,228538000
AAPL,2016-11-11,26.780000686645508,27.217500686645508,26.637500762939453,27.107500076293945,24.923688888549805,108.43000030517578,136575600
AAPL,2016-11-14,26.927499771118164,26.952499389648438,26.020000457763672,26.427499771118164,24.298479080200195,105.70999908447266,204702000
AAPL,2016-11-15,26.642499923706055,26.920000076293945,26.540000915527344,26.77750015258789,24.62027931213379,107.11000061035156,129058000
AAPL,2016-11-16,26.674999237060547,27.5575008392334,26.649999618530273,27.497499465942383,25.28227996826172,109.98999786376953,235362000
AAPL,2016-11-17,27.452499389648438,27.587499618530273,27.207500457763672,27.487499237060547,25.27307891845703,109.94999694824219,110528000
AAPL,2016-11-18,27.43000030517578,27.635000228881836,27.415000915527344,27.514999389648438,25.29836654663086,110.05999755859375,113715600
AAPL,2016-11-21,27.530000686645508,27.997499465942383,27.502500534057617,27.9325008392334,25.682231903076172,111.7300033569336,117058400
AAPL,2016-11-22,27.987499237060547,28.104999542236328,27.850000381469727,27.950000762939453,25.698322296142578,111.80000305175781,103862000
AAPL,2016-11-23,27.84000015258789,27.877500534057617,27.582500457763672,27.8075008392334,25.567304611206055,111.2300033569336,109705600
AAPL,2016-11-25,27.782499313354492,27.967500686645508,27.737499237060547,27.947500228881836,25.696022033691406,111.79000091552734,45903600
AAPL,2016-11-28,27.857500076293945,28.11750030517578,27.84749984741211,27.892499923706055,25.64545249938965,111.56999969482422,108776000
AAPL,2016-11-29,27.69499969482422,28.00749969482422,27.517499923706055,27.864999771118164,25.620168685913086,111.45999908447266,114115200
AAPL,2016-11-30,27.899999618530273,28.049999237060547,27.5674991607666,27.6299991607666,25.40410041809082,110.5199966430664,144649200
AAPL,2016-12-01,27.592500686645508,27.735000610351563,27.25749969482422,27.372499465942383,25.167343139648438,109.48999786376953,148347600
AAPL,2016-12-02,27.292499542236328,27.522499084472656,27.212499618530273,27.475000381469727,25.261592864990234,109.9000015258789,106112000
AAPL,2016-12-05,27.5,27.50749969482422,27.0625,27.27750015258789,25.079998016357422,109.11000061035156,137298000
AAPL,2016-12-06,27.375,27.59000015258789,27.297500610351563,27.487499237060547,25.27307891845703,109.94999694824219,104782000
AAPL,2016-12-07,27.315000534057617,27.797500610351563,27.290000915527344,27.75749969482422,25.521326065063477,111.02999877929688,119994800
AAPL,2016-12-08,27.71500015258789,28.107500076293945,27.649999618530273,28.030000686645508,25.771875381469727,112.12000274658203,108273200
AAPL,2016-12-09,28.077499389648438,28.674999237060547,28.077499389648438,28.487499237060547,26.19251823425293,113.94999694824219,137610400
AAPL,2016-12-12,28.322500228881836,28.75,28.122499465942383,28.325000762939453,26.043109893798828,113.30000305175781,105497600
AAPL,2016-12-13,28.459999084472656,28.979999542236328,28.4375,28.797500610351563,26.47754669189453,115.19000244140625,174935200
AAPL,2016-12-14,28.760000228881836,29.049999237060547,28.7450008392334,28.797500610351563,26.47754669189453,115.19000244140625,136127200
AAPL,2016-12-15,28.844999313354492,29.1825008392334,28.8075008392334,28.954999923706055,26.622358322143555,115.81999969482422,186098000
AAPL,2016-12-16,29.11750030517578,29.125,28.912500381469727,28.99250030517578,26.656827926635742,115.97000122070313,177404400
AAPL,2016-12-19,28.950000762939453,29.344999313354492,28.9375,29.15999984741211,26.810842514038086,116.63999938964844,111117600
AAPL,2016-12-20,29.184999465942383,29.375,29.170000076293945,29.237499237060547,26.88210105895996,116.94999694824219,85700000
AAPL,2016-12-21,29.200000762939453,29.350000381469727,29.19499969482422,29.264999389648438,26.907384872436523,117.05999755859375,95132800
AAPL,2016-12-22,29.087499618530273,29.127500534057617,28.90999984741211,29.072500228881836,26.73039436340332,116.29000091552734,104343600
AAPL,2016-12-23,28.897499084472656,29.1299991607666,28.897499084472656,29.1299991607666,26.783252716064453,116.5199966430664,56998000
AAPL,2016-12-27,29.1299991607666,29.450000762939453,29.122499465942383,29.315000534057617,26.95335578918457,117.26000213623047,73187600
AAPL,2016-12-28,29.3799991607666,29.5049991607666,29.049999237060547,29.190000534057617,26.838422775268555,116.76000213623047,83623600
AAPL,2016-12-29,29.112499237060547,29.27750015258789,29.100000381469727,29.1825008392334,26.83152961730957,116.7300033569336,60158000
AAPL,2016-12-30,29.162500381469727,29.299999237060547,28.857500076293945,28.954999923706055,26.622358322143555,115.81999969482422,122345200
AAPL,2017-01-03,28.950000762939453,29.082500457763672,28.690000534057617,29.037500381469727,26.69820785522461,116.1500015258789,115127600
AAPL,2017-01-04,28.962499618530273,29.127500534057617,28.9375,29.0049991607666,26.668333053588867,116.0199966430664,84472400
AAPL,2017-01-05,28.979999542236328,29.21500015258789,28.952499389648438,29.15250015258789,26.80394172668457,116.61000061035156,88774400
AAPL,2017-01-06,29.19499969482422,29.540000915527344,29.11750030517578,29.477500915527344,27.10276985168457,117.91000366210938,127007600
AAPL,2017-01-09,29.487499237060547,29.857500076293945,29.485000610351563,29.747499465942383,27.351011276245117,118.98999786376953,134247600
AAPL,2017-01-10,29.6924991607666,29.844999313354492,29.575000762939453,29.77750015258789,27.378597259521484,119.11000061035156,97848400
AAPL,2017-01-11,29.684999465942383,29.982500076293945,29.649999618530273,29.9375,27.525711059570313,119.75,110354400
AAPL,2017-01-12,29.725000381469727,29.825000762939453,29.552499771118164,29.8125,27.41077423095703,119.25,108344800
AAPL,2017-01-13,29.77750015258789,29.905000686645508,29.702499389648438,29.760000228881836,27.36250114440918,119.04000091552734,104447600
AAPL,2017-01-17,29.584999084472656,30.059999465942383,29.55500030517578,30,27.58316993713379,120,137759200
AAPL,2017-01-18,30,30.125,29.927499771118164,29.997499465942383,27.58086395263672,119.98999786376953,94852000
AAPL,2017-01-19,29.850000381469727,30.022499084472656,29.842500686645508,29.94499969482422,27.53260040283203,119.77999877929688,102389200
AAPL,2017-01-20,30.112499237060547,30.112499237060547,29.9325008392334,30,27.58316993713379,120,130391600
AAPL,2017-01-23,30,30.202499389648438,29.9424991607666,30.020000457763672,27.601564407348633,120.08000183105469,88200800
AAPL,2017-01-24,29.887500762939453,30.024999618530273,29.875,29.99250030517578,27.576278686523438,119.97000122070313,92844000
AAPL,2017-01-25,30.104999542236328,30.524999618530273,30.06999969482422,30.469999313354492,28.015302658081055,121.87999725341797,129510400
AAPL,2017-01-26,30.417499542236328,30.610000610351563,30.399999618530273,30.485000610351563,28.029094696044922,121.94000244140625,105350400
AAPL,2017-01-27,30.53499984741211,30.587499618530273,30.399999618530273,30.487499237060547,28.031394958496094,121.94999694824219,82251600
AAPL,2017-01-30,30.232500076293945,30.407499313354492,30.165000915527344,30.407499313354492,27.957839965820313,121.62999725341797,121510000
AAPL,2017-01-31,30.287500381469727,30.34749984741211,30.155000686645508,30.337499618530273,27.89348030090332,121.3499984741211,196804000
AAPL,2017-02-01,31.75749969482422,32.622501373291016,31.752500534057617,32.1875,29.59444236755371,128.75,447940000
AAPL,2017-02-02,31.9950008392334,32.34749984741211,31.94499969482422,32.13249969482422,29.54387664794922,128.52999877929688,134841600
AAPL,2017-02-03,32.07749938964844,32.29750061035156,32.040000915527344,32.27000045776367,29.670299530029297,129.0800018310547,98029200
AAPL,2017-02-06,32.282501220703125,32.625,32.224998474121094,32.5724983215332,29.94842529296875,130.2899932861328,107383600
AAPL,2017-02-07,32.6349983215332,33.022499084472656,32.61249923706055,32.88249969482422,30.23345947265625,131.52999877929688,152735200
AAPL,2017-02-08,32.837501525878906,33.05500030517578,32.80500030517578,33.0099983215332,30.350675582885742,132.0399932861328,92016400
AAPL,2017-02-09,32.912498474121094,33.11249923706055,32.779998779296875,33.10499954223633,30.569997787475586,132.4199981689453,113399600
AAPL,2017-02-10,33.1150016784668,33.23500061035156,33.01250076293945,33.029998779296875,30.500732421875,132.1199951171875,80262000
AAPL,2017-02-13,33.27000045776367,33.45500183105469,33.1875,33.3224983215332,30.770841598510742,133.2899932861328,92141600
AAPL,2017-02-14,33.36750030517578,33.772499084472656,33.3125,33.755001068115234,31.170215606689453,135.02000427246094,132904800
AAPL,2017-02-15,33.880001068115234,34.067501068115234,33.654998779296875,33.877498626708984,31.283340454101563,135.50999450683594,142492400
AAPL,2017-02-16,33.91749954223633,33.974998474121094,33.709999084472656,33.837501525878906,31.24639892578125,135.35000610351563,90338400
AAPL,2017-02-17,33.775001525878906,33.95750045776367,33.775001525878906,33.93000030517578,31.331819534301758,135.72000122070313,88792800
AAPL,2017-02-21,34.057498931884766,34.1875,33.994998931884766,34.17499923706055,31.558061599731445,136.6999969482422,98028800
AAPL,2017-02-22,34.10749816894531,34.279998779296875,34.02750015258789,34.27750015258789,31.6527099609375,137.11000061035156,83347600
AAPL,2017-02-23,34.345001220703125,34.369998931884766,34.07500076293945,34.13249969482422,31.518817901611328,136.52999877929688,83152800
AAPL,2017-02-24,33.977500915527344,34.165000915527344,33.81999969482422,34.165000915527344,31.54882049560547,136.66000366210938,87106400
AAPL,2017-02-27,34.28499984741211,34.36000061035156,34.06999969482422,34.23249816894531,31.61115837097168,136.92999267578125,81029600
AAPL,2017-02-28,34.27000045776367,34.36000061035156,34.17499923706055,34.247501373291016,31.62501335144043,136.99000549316406,93931600
AAPL,2017-03-01,34.47249984741211,35.037498474121094,34.400001525878906,34.9474983215332,32.271400451660156,139.7899932861328,145658400
AAPL,2017-03-02,35,35.06999969482422,34.689998626708984,34.7400016784668,32.07979202270508,138.9600067138672,104844000
AAPL,2017-03-03,34.69499969482422,34.95750045776367,34.647499084472656,34.94499969482422,32.26910400390625,139.77999877929688,84432400
AAPL,2017-03-06,34.842498779296875,34.942501068115234,34.650001525878906,34.834999084472656,32.16752243041992,139.33999633789063,87000000
AAPL,2017-03-07,34.76499938964844,34.994998931884766,34.6974983215332,34.880001068115234,32.209075927734375,139.52000427246094,69785200
AAPL,2017-03-08,34.73749923706055,34.95000076293945,34.70500183105469,34.75,32.08903121948242,139,74828800
AAPL,2017-03-09,34.685001373291016,34.6974983215332,34.26250076293945,34.66999816894531,32.01517105102539,138.67999267578125,88623600
AAPL,2017-03-10,34.8125,34.84000015258789,34.65999984741211,34.78499984741211,32.12134552001953,139.13999938964844,78451200
AAPL,2017-03-13,34.712501525878906,34.85749816894531,34.70500183105469,34.79999923706055,32.135196685791016,139.1999969482422,69686800
AAPL,2017-03-14,34.82500076293945,34.912498474121094,34.709999084472656,34.747501373291016,32.08671569824219,138.99000549316406,61236400
AAPL,2017-03-15,34.852500915527344,35.1875,34.75749969482422,35.1150016784668,32.42607879638672,140.4600067138672,102767200
AAPL,2017-03-16,35.18000030517578,35.255001068115234,35.064998626708984,35.17250061035156,32.47917556762695,140.69000244140625,76928000
AAPL,2017-03-17,35.25,35.25,34.97249984741211,34.997501373291016,32.317604064941406,139.99000549316406,175540000
AAPL,2017-03-20,35.099998474121094,35.375,35.057498931884766,35.3650016784668,32.65694046020508,141.4600067138672,86168000
AAPL,2017-03-21,35.52750015258789,35.70000076293945,34.932498931884766,34.959999084472656,32.28295135498047,139.83999633789063,158119600
AAPL,2017-03-22,34.962501525878906,35.400001525878906,34.939998626708984,35.35499954223633,32.64771270751953,141.4199981689453,103440800
AAPL,2017-03-23,35.314998626708984,35.39500045776367,35.15250015258789,35.22999954223633,32.53227233886719,140.9199981689453,81385200
AAPL,2017-03-24,35.375,35.435001373291016,35.087501525878906,35.15999984741211,32.467628479003906,140.63999938964844,89582400
AAPL,2017-03-27,34.84749984741211,35.30500030517578,34.654998779296875,35.220001220703125,32.523033142089844,140.8800048828125,94300400
AAPL,2017-03-28,35.227500915527344,36.0099983215332,35.154998779296875,35.95000076293945,33.19713592529297,143.8000030517578,133499200
AAPL,2017-03-29,35.91999816894531,36.122501373291016,35.79750061035156,36.029998779296875,33.2710075378418,144.1199951171875,116760000
AAPL,2017-03-30,36.04750061035156,36.125,35.875,35.98249816894531,33.227142333984375,143.92999267578125,84829200
AAPL,2017-03-31,35.93000030517578,36.067501068115234,35.752498626708984,35.915000915527344,33.16481018066406,143.66000366210938,78646800
AAPL,2017-04-03,35.9275016784668,36.029998779296875,35.76250076293945,35.92499923706055,33.17405319213867,143.6999969482422,79942800
AAPL,2017-04-04,35.8125,36.22249984741211,35.79249954223633,36.192501068115234,33.421077728271484,144.77000427246094,79565600
AAPL,2017-04-05,36.05500030517578,36.3650016784668,35.95249938964844,36.005001068115234,33.2479248046875,144.02000427246094,110871600
AAPL,2017-04-06,36.0724983215332,36.130001068115234,35.86249923706055,35.915000915527344,33.16481018066406,143.66000366210938,84596000
AAPL,2017-04-07,35.932498931884766,36.04499816894531,35.817501068115234,35.834999084472656,33.0909423828125,143.33999633789063,66688800
AAPL,2017-04-10,35.900001525878906,35.970001220703125,35.724998474121094,35.79249954223633,33.05169677734375,143.1699981689453,75733600
AAPL,2017-04-11,35.73500061035156,35.837501525878906,35.01499938964844,35.407501220703125,32.696189880371094,141.6300048828125,121517600
AAPL,2017-04-12,35.400001525878906,35.537498474121094,35.252498626708984,35.45000076293945,32.73543930053711,141.8000030517578,81400000
AAPL,2017-04-13,35.477500915527344,35.595001220703125,35.26250076293945,35.26250076293945,32.562286376953125,141.0500030517578,71291600
AAPL,2017-04-17,35.369998931884766,35.470001220703125,35.217498779296875,35.45750045776367,32.74235534667969,141.8300018310547,66328400
AAPL,2017-04-18,35.352500915527344,35.5099983215332,35.27750015258789,35.29999923706055,32.5969123840332,141.1999969482422,58790000
AAPL,2017-04-19,35.470001220703125,35.5,35.11249923706055,35.16999816894531,32.476863861083984,140.67999267578125,69313600
AAPL,2017-04-20,35.30500030517578,35.72999954223633,35.290000915527344,35.61000061035156,32.8831787109375,142.44000244140625,93278400
AAPL,2017-04-21,35.61000061035156,35.66999816894531,35.462501525878906,35.567501068115234,32.84392166137695,142.27000427246094,69283600
AAPL,2017-04-24,35.875,35.98749923706055,35.79499816894531,35.90999984741211,33.16020584106445,143.63999938964844,68537200
AAPL,2017-04-25,35.977500915527344,36.224998474121094,35.967498779296875,36.13249969482422,33.365665435791016,144.52999877929688,75486000
AAPL,2017-04-26,36.11750030517578,36.150001525878906,35.845001220703125,35.91999816894531,33.1694450378418,143.67999267578125,80164800
AAPL,2017-04-27,35.97999954223633,36.040000915527344,35.82749938964844,35.9474983215332,33.19483184814453,143.7899932861328,56985200
AAPL,2017-04-28,36.022499084472656,36.07500076293945,35.817501068115234,35.912498474121094,33.162513732910156,143.64999389648438,83441600
AAPL,2017-05-01,36.275001525878906,36.79999923706055,36.2400016784668,36.64500045776367,33.838924407958984,146.5800018310547,134411600
AAPL,2017-05-02,36.8849983215332,37.022499084472656,36.709999084472656,36.877498626708984,34.053627014160156,147.50999450683594,181408800
AAPL,2017-05-03,36.397499084472656,36.872501373291016,36.067501068115234,36.76499938964844,33.949737548828125,147.05999755859375,182788000
AAPL,2017-05-04,36.630001068115234,36.78499984741211,36.45249938964844,36.63249969482422,33.8273811340332,146.52999877929688,93487600
AAPL,2017-05-05,36.689998626708984,37.244998931884766,36.689998626708984,37.2400016784668,34.388362884521484,148.9600067138672,109310800
AAPL,2017-05-08,37.25749969482422,38.42499923706055,37.25749969482422,38.252498626708984,35.323326110839844,153.00999450683594,195009600
AAPL,2017-05-09,38.467498779296875,38.720001220703125,38.36249923706055,38.497501373291016,35.5495719909668,153.99000549316406,156521600
AAPL,2017-05-10,38.407501220703125,38.48500061035156,38.02750015258789,38.314998626708984,35.38103485107422,153.25999450683594,103222800
AAPL,2017-05-11,38.11249923706055,38.51750183105469,38.07749938964844,38.48749923706055,35.68703079223633,153.9499969482422,109020400
AAPL,2017-05-12,38.67499923706055,39.10499954223633,38.66749954223633,39.025001525878906,36.1854133605957,156.10000610351563,130108000
AAPL,2017-05-15,39.002498626708984,39.162498474121094,38.76250076293945,38.92499923706055,36.09269332885742,155.6999969482422,104038800
AAPL,2017-05-16,38.98500061035156,39.01499938964844,38.68000030517578,38.86750030517578,36.03938293457031,155.47000122070313,80194000
AAPL,2017-05-17,38.400001525878906,38.64250183105469,37.4275016784668,37.5625,34.8293342590332,150.25,203070800
AAPL,2017-05-18,37.817501068115234,38.334999084472656,37.782501220703125,38.1349983215332,35.36018371582031,152.5399932861328,134272800
AAPL,2017-05-19,38.345001220703125,38.494998931884766,38.157501220703125,38.26499938964844,35.48072814941406,153.05999755859375,107843200
AAPL,2017-05-22,38.5,38.64500045776367,38.227500915527344,38.497501373291016,35.69630813598633,153.99000549316406,91865600
AAPL,2017-05-23,38.724998474121094,38.724998474121094,38.32749938964844,38.45000076293945,35.652252197265625,153.8000030517578,79675600
AAPL,2017-05-24,38.459999084472656,38.54249954223633,38.16749954223633,38.334999084472656,35.545623779296875,153.33999633789063,76712000
AAPL,2017-05-25,38.432498931884766,38.587501525878906,38.25749969482422,38.467498779296875,35.668487548828125,153.8699951171875,76942400
AAPL,2017-05-26,38.5,38.560001373291016,38.32749938964844,38.40250015258789,35.608219146728516,153.61000061035156,87710400
AAPL,2017-05-30,38.35499954223633,38.60749816894531,38.33250045776367,38.41749954223633,35.622127532958984,153.6699981689453,80507600
AAPL,2017-05-31,38.49250030517578,38.54249954223633,38.095001220703125,38.189998626708984,35.41117858886719,152.75999450683594,97804800
AAPL,2017-06-01,38.29249954223633,38.33250045776367,38.05500030517578,38.29499816894531,35.508541107177734,153.17999267578125,65616400
AAPL,2017-06-02,38.39500045776367,38.86249923706055,38.22249984741211,38.86249923706055,36.03474807739258,155.4499969482422,111082800
AAPL,2017-06-05,38.584999084472656,38.61249923706055,38.3650016784668,38.48249816894531,35.6823844909668,153.92999267578125,101326800
AAPL,2017-06-06,38.474998474121094,38.95249938964844,38.44499969482422,38.61249923706055,35.80292892456055,154.4499969482422,106499600
AAPL,2017-06-07,38.755001068115234,38.994998931884766,38.619998931884766,38.842498779296875,36.01619338989258,155.3699951171875,84278400
AAPL,2017-06-08,38.8125,38.8849983215332,38.599998474121094,38.747501373291016,35.928123474121094,154.99000549316406,85003200
AAPL,2017-06-09,38.79750061035156,38.79750061035156,36.505001068115234,37.244998931884766,34.53493118286133,148.97999572753906,259530800
AAPL,2017-06-12,36.435001373291016,36.522499084472656,35.627498626708984,36.35499954223633,33.7097053527832,145.4199981689453,289229200
AAPL,2017-06-13,36.790000915527344,36.86249923706055,36.287498474121094,36.647499084472656,33.98091125488281,146.58999633789063,136661600
AAPL,2017-06-14,36.875,36.875,35.959999084472656,36.290000915527344,33.64942932128906,145.16000366210938,126124800
AAPL,2017-06-15,35.83000183105469,36.119998931884766,35.5525016784668,36.0724983215332,33.44775390625,144.2899932861328,128661600
AAPL,2017-06-16,35.94499969482422,36.125,35.54999923706055,35.567501068115234,32.979496002197266,142.27000427246094,201444400
AAPL,2017-06-19,35.915000915527344,36.685001373291016,35.915000915527344,36.584999084472656,33.92296600341797,146.33999633789063,130165600
AAPL,2017-06-20,36.717498779296875,36.717498779296875,36.23500061035156,36.252498626708984,33.614662170410156,145.00999450683594,99600400
AAPL,2017-06-21,36.380001068115234,36.51750183105469,36.15250015258789,36.467498779296875,33.81400680541992,145.8699951171875,85063200
AAPL,2017-06-22,36.442501068115234,36.67499923706055,36.279998779296875,36.407501220703125,33.75836944580078,145.6300048828125,76425200
AAPL,2017-06-23,36.282501220703125,36.790000915527344,36.27750015258789,36.56999969482422,33.90904998779297,146.27999877929688,141757600
AAPL,2017-06-26,36.79249954223633,37.06999969482422,36.345001220703125,36.45500183105469,33.80242919921875,145.82000732421875,102769600
AAPL,2017-06-27,36.252498626708984,36.540000915527344,35.904998779296875,35.932498931884766,33.31793975830078,143.72999572753906,99047600
AAPL,2017-06-28,36.122501373291016,36.52750015258789,35.790000915527344,36.45750045776367,33.80474090576172,145.8300018310547,88329600
AAPL,2017-06-29,36.1775016784668,36.282501220703125,35.56999969482422,35.91999816894531,33.30634689331055,143.67999267578125,125997600
AAPL,2017-06-30,36.11249923706055,36.2400016784668,35.94499969482422,36.005001068115234,33.385162353515625,144.02000427246094,92096400
AAPL,2017-07-03,36.220001220703125,36.32500076293945,35.775001525878906,35.875,33.264617919921875,143.5,57111200
AAPL,2017-07-05,35.92250061035156,36.1974983215332,35.68000030517578,36.022499084472656,33.40138626098633,144.08999633789063,86278400
AAPL,2017-07-06,35.755001068115234,35.875,35.602500915527344,35.682498931884766,33.086143493652344,142.72999572753906,96515200
AAPL,2017-07-07,35.724998474121094,36.1875,35.724998474121094,36.04499816894531,33.42224884033203,144.17999267578125,76806800
AAPL,2017-07-10,36.02750015258789,36.48749923706055,35.842498779296875,36.26499938964844,33.62624740600586,145.05999755859375,84362400
AAPL,2017-07-11,36.182498931884766,36.462501525878906,36.095001220703125,36.38249969482422,33.73519515991211,145.52999877929688,79127200
AAPL,2017-07-12,36.467498779296875,36.54499816894531,36.20500183105469,36.435001373291016,33.78387451171875,145.74000549316406,99538000
AAPL,2017-07-13,36.375,37.122501373291016,36.36000061035156,36.942501068115234,34.254451751708984,147.77000427246094,100797600
AAPL,2017-07-14,36.99250030517578,37.33250045776367,36.83250045776367,37.2599983215332,34.5488395690918,149.0399932861328,80528400
AAPL,2017-07-17,37.20500183105469,37.724998474121094,37.14250183105469,37.38999938964844,34.66938400268555,149.55999755859375,95174000
AAPL,2017-07-18,37.29999923706055,37.532501220703125,37.16749954223633,37.52000045776367,34.78992462158203,150.0800018310547,71475200
AAPL,2017-07-19,37.619998931884766,37.85499954223633,37.48749923706055,37.755001068115234,35.00783157348633,151.02000427246094,83692000
AAPL,2017-07-20,37.875,37.935001373291016,37.54750061035156,37.584999084472656,34.850196838378906,150.33999633789063,68974800
AAPL,2017-07-21,37.497501373291016,37.61000061035156,37.220001220703125,37.567501068115234,34.8339729309082,150.27000427246094,105010400
AAPL,2017-07-24,37.64500045776367,38.11000061035156,37.474998474121094,38.022499084472656,35.255859375,152.08999633789063,85972800
AAPL,2017-07-25,37.95000076293945,38.459999084472656,37.95000076293945,38.185001373291016,35.40654754638672,152.74000549316406,75415600
AAPL,2017-07-26,38.337501525878906,38.48249816894531,38.26499938964844,38.3650016784668,35.573448181152344,153.4600067138672,63124000
AAPL,2017-07-27,38.4375,38.497501373291016,36.82500076293945,37.63999938964844,34.90119552612305,150.55999755859375,129905200
AAPL,2017-07-28,37.47249984741211,37.557498931884766,37.29750061035156,37.375,34.655479431152344,149.5,68854800
AAPL,2017-07-31,37.474998474121094,37.58250045776367,37.032501220703125,37.182498931884766,34.476985931396484,148.72999572753906,79383600
AAPL,2017-08-01,37.275001525878906,37.55500030517578,37.102500915527344,37.51250076293945,34.78297424316406,150.0500030517578,141474400
AAPL,2017-08-02,39.81999969482422,39.9375,39.040000915527344,39.28499984741211,36.42649459838867,157.13999938964844,279747200
AAPL,2017-08-03,39.26250076293945,39.3025016784668,38.755001068115234,38.89250183105469,36.06256866455078,155.57000732421875,108389200
AAPL,2017-08-04,39.01750183105469,39.349998474121094,38.92250061035156,39.09749984741211,36.252655029296875,156.38999938964844,82239600
AAPL,2017-08-07,39.26499938964844,39.72999954223633,39.16749954223633,39.70249938964844,36.81361389160156,158.80999755859375,87481200
AAPL,2017-08-08,39.650001525878906,40.45750045776367,39.567501068115234,40.02000045776367,37.10801696777344,160.0800018310547,144823600
AAPL,2017-08-09,39.814998626708984,40.317501068115234,39.77750015258789,40.26499938964844,37.33519744873047,161.05999755859375,104526000
AAPL,2017-08-10,39.974998474121094,40,38.657501220703125,38.83000183105469,36.145999908447266,155.32000732421875,163217200
AAPL,2017-08-11,39.150001525878906,39.64250183105469,39.01750183105469,39.369998931884766,36.64867401123047,157.47999572753906,105028400
AAPL,2017-08-14,39.83000183105469,40.0525016784668,39.6875,39.962501525878906,37.20022201538086,159.85000610351563,88490800
AAPL,2017-08-15,40.165000915527344,40.54999923706055,40.03499984741211,40.400001525878906,37.607486724853516,161.60000610351563,117862000
AAPL,2017-08-16,40.48500061035156,40.627498626708984,40.037498474121094,40.23749923706055,37.45620346069336,160.9499969482422,110686400
AAPL,2017-08-17,40.130001068115234,40.1775016784668,39.459999084472656,39.46500015258789,36.737098693847656,157.86000061035156,111762400
AAPL,2017-08-18,39.46500015258789,39.875,39.18000030517578,39.375,36.653316497802734,157.5,109712400
AAPL,2017-08-21,39.375,39.47249984741211,38.77750015258789,39.3025016784668,36.58583068847656,157.2100067138672,105474000
AAPL,2017-08-22,39.557498931884766,40,39.505001068115234,39.94499969482422,37.183929443359375,159.77999877929688,86418400
AAPL,2017-08-23,39.76750183105469,40.11750030517578,39.720001220703125,39.994998931884766,37.23046875,159.97999572753906,77596400
AAPL,2017-08-24,40.10749816894531,40.185001373291016,39.63750076293945,39.817501068115234,37.06523895263672,159.27000427246094,79275600
AAPL,2017-08-25,39.912498474121094,40.13999938964844,39.817501068115234,39.96500015258789,37.202545166015625,159.86000061035156,101920400
AAPL,2017-08-28,40.03499984741211,40.5,39.98249816894531,40.36750030517578,37.57722091674805,161.47000122070313,103864000
AAPL,2017-08-29,40.025001525878906,40.779998779296875,40,40.727500915527344,37.9123420715332,162.91000366210938,118067600
AAPL,2017-08-30,40.95000076293945,40.97249984741211,40.65250015258789,40.837501525878906,38.014739990234375,163.35000610351563,109078400
AAPL,2017-08-31,40.90999984741211,41.130001068115234,40.869998931884766,41,38.1660041809082,164,107140400
AAPL,2017-09-01,41.20000076293945,41.23500061035156,40.907501220703125,41.01250076293945,38.17763137817383,164.0500030517578,66364400
AAPL,2017-09-05,40.9375,41.0625,40.13999938964844,40.52000045776367,37.71917724609375,162.0800018310547,117874000
AAPL,2017-09-06,40.6775016784668,40.747501373291016,40.130001068115234,40.477500915527344,37.67962646484375,161.91000366210938,86606800
AAPL,2017-09-07,40.522499084472656,40.560001373291016,40.09000015258789,40.314998626708984,37.52833938598633,161.25999450683594,87714000
AAPL,2017-09-08,40.21500015258789,40.287498474121094,39.63249969482422,39.657501220703125,36.91629409790039,158.6300048828125,114446000
AAPL,2017-09-11,40.125,40.51250076293945,39.97249984741211,40.375,37.584197998046875,161.5,126323200
AAPL,2017-09-12,40.65250015258789,40.9900016784668,39.692501068115234,40.21500015258789,37.43526840209961,160.86000061035156,286856000
AAPL,2017-09-13,39.967498779296875,39.9900016784668,39.477500915527344,39.912498474121094,37.15366744995117,159.64999389648438,179629600
AAPL,2017-09-14,39.747501373291016,39.849998474121094,39.522499084472656,39.56999969482422,36.834842681884766,158.27999877929688,95042800
AAPL,2017-09-15,39.61750030517578,40.24250030517578,39.5,39.970001220703125,37.20719528198242,159.8800048828125,196458400
AAPL,2017-09-18,40.02750015258789,40.125,39.5,39.66749954223633,36.92560958862305,158.6699981689453,113077600
AAPL,2017-09-19,39.877498626708984,39.942501068115234,39.61000061035156,39.682498931884766,36.93956756591797,158.72999572753906,83242400
AAPL,2017-09-20,39.474998474121094,39.564998626708984,38.45750045776367,39.01750183105469,36.3205451965332,156.07000732421875,211805600
AAPL,2017-09-21,38.95000076293945,38.95000076293945,38.1875,38.34749984741211,35.69684600830078,153.38999938964844,150046800
AAPL,2017-09-22,37.8849983215332,38.067501068115234,37.63999938964844,37.97249984741211,35.34776306152344,151.88999938964844,186581600
AAPL,2017-09-25,37.497501373291016,37.95750045776367,37.290000915527344,37.63750076293945,35.03593063354492,150.5500030517578,177549200
AAPL,2017-09-26,37.94499969482422,38.47999954223633,37.92250061035156,38.28499984741211,35.638668060302734,153.13999938964844,146640000
AAPL,2017-09-27,38.45000076293945,38.68000030517578,38.3849983215332,38.557498931884766,35.892333984375,154.22999572753906,102016800
AAPL,2017-09-28,38.47249984741211,38.56999969482422,38.17499923706055,38.31999969482422,35.67125701904297,153.27999877929688,88022000
AAPL,2017-09-29,38.3025016784668,38.532501220703125,38,38.529998779296875,35.86672592163086,154.1199951171875,105199200
AAPL,2017-10-02,38.564998626708984,38.61249923706055,38.18000030517578,38.45249938964844,35.79458236694336,153.80999755859375,74795200
AAPL,2017-10-03,38.502498626708984,38.772499084472656,38.477500915527344,38.619998931884766,35.950504302978516,154.47999572753906,64921200
AAPL,2017-10-04,38.407501220703125,38.46500015258789,38.1150016784668,38.369998931884766,35.717796325683594,153.47999572753906,80655200
AAPL,2017-10-05,38.54499816894531,38.86000061035156,38.51250076293945,38.84749984741211,36.16228103637695,155.38999938964844,85135200
AAPL,2017-10-06,38.74250030517578,38.872501373291016,38.63999938964844,38.82500076293945,36.14133071899414,155.3000030517578,69630400
AAPL,2017-10-09,38.95249938964844,39.182498931884766,38.872501373291016,38.959999084472656,36.26701736450195,155.83999633789063,65051600
AAPL,2017-10-10,39.01499938964844,39.5,38.775001525878906,38.974998474121094,36.280967712402344,155.89999389648438,62468000
AAPL,2017-10-11,38.99250030517578,39.244998931884766,38.9375,39.13750076293945,36.4322395324707,156.5500030517578,67622400
AAPL,2017-10-12,39.087501525878906,39.342498779296875,38.932498931884766,39,36.30424118041992,156,64500400
AAPL,2017-10-13,39.182498931884766,39.31999969482422,39.102500915527344,39.247501373291016,36.534645080566406,156.99000549316406,65576800
AAPL,2017-10-16,39.474998474121094,40,39.412498474121094,39.970001220703125,37.20719528198242,159.8800048828125,96486000
AAPL,2017-10-17,39.94499969482422,40.217498779296875,39.807498931884766,40.11750030517578,37.34449768066406,160.47000122070313,75989200
AAPL,2017-10-18,40.10499954223633,40.1775016784668,39.900001525878906,39.939998626708984,37.17926788330078,159.75999450683594,65496800
AAPL,2017-10-19,39.1875,39.27000045776367,38.755001068115234,38.994998931884766,36.29960250854492,155.97999572753906,170336800
AAPL,2017-10-20,39.15250015258789,39.4375,38.9900016784668,39.0625,36.362430572509766,156.25,95896400
AAPL,2017-10-23,39.22249984741211,39.42250061035156,38.875,39.04249954223633,36.343807220458984,156.1699981689453,87937200
AAPL,2017-10-24,39.0724983215332,39.35499954223633,39.04999923706055,39.275001525878906,36.56023406982422,157.10000610351563,71028800
AAPL,2017-10-25,39.227500915527344,39.38750076293945,38.817501068115234,39.102500915527344,36.399654388427734,156.41000366210938,84828400
AAPL,2017-10-26,39.307498931884766,39.45750045776367,39.19499969482422,39.352500915527344,36.63237762451172,157.41000366210938,68002000
AAPL,2017-10-27,39.8224983215332,40.900001525878906,39.67499923706055,40.76250076293945,37.94491195678711,163.0500030517578,177816800
AAPL,2017-10-30,40.97249984741211,42.01750183105469,40.93000030517578,41.68000030517578,38.79900360107422,166.72000122070313,178803200
AAPL,2017-10-31,41.974998474121094,42.412498474121094,41.73500061035156,42.2599983215332,39.33891296386719,169.0399932861328,144187200
AAPL,2017-11-01,42.467498779296875,42.48500061035156,41.40250015258789,41.72249984741211,38.838565826416016,166.88999938964844,134551200
AAPL,2017-11-02,41.650001525878906,42.125,41.31999969482422,42.02750015258789,39.12248229980469,168.11000061035156,165573600
AAPL,2017-11-03,43.5,43.564998626708984,42.779998779296875,43.125,40.14411544799805,172.5,237594400
AAPL,2017-11-06,43.092498779296875,43.747501373291016,42.93000030517578,43.5625,40.55137252807617,174.25,140105200
AAPL,2017-11-07,43.477500915527344,43.8125,43.400001525878906,43.70249938964844,40.681697845458984,174.80999755859375,97446000
AAPL,2017-11-08,43.665000915527344,44.060001373291016,43.58250045776367,44.060001373291016,41.01449203491211,176.24000549316406,97638000
AAPL,2017-11-09,43.77750015258789,44.025001525878906,43.28499984741211,43.970001220703125,40.930702209472656,175.8800048828125,117930400
AAPL,2017-11-10,43.77750015258789,43.845001220703125,43.567501068115234,43.66749954223633,40.79525375366211,174.6699981689453,100582000
AAPL,2017-11-13,43.375,43.625,43.349998474121094,43.49250030517578,40.63176345825195,173.97000122070313,67928400
AAPL,2017-11-14,43.2599983215332,43.369998931884766,42.79499816894531,42.834999084472656,40.01750564575195,171.33999633789063,99130000
AAPL,2017-11-15,42.49250030517578,42.58000183105469,42.095001220703125,42.27000045776367,39.48966979980469,169.0800018310547,116632400
AAPL,2017-11-16,42.79499816894531,42.967498779296875,42.57500076293945,42.775001525878906,39.9614372253418,171.10000610351563,94550000
AAPL,2017-11-17,42.7599983215332,42.84749984741211,42.40999984741211,42.537498474121094,39.739566802978516,170.14999389648438,87598000
AAPL,2017-11-20,42.5724983215332,42.63999938964844,42.38999938964844,42.494998931884766,39.699886322021484,169.97999572753906,65049600
AAPL,2017-11-21,42.69499969482422,43.42499923706055,42.69499969482422,43.28499984741211,40.43790054321289,173.13999938964844,100525200
AAPL,2017-11-22,43.34000015258789,43.75,43.26250076293945,43.7400016784668,40.86298751831055,174.9600067138672,102355600
AAPL,2017-11-24,43.775001525878906,43.875,43.662498474121094,43.74250030517578,40.86532211303711,174.97000122070313,56106800
AAPL,2017-11-27,43.76250076293945,43.77000045776367,43.334999084472656,43.522499084472656,40.65978240966797,174.08999633789063,82867200
AAPL,2017-11-28,43.57500076293945,43.717498779296875,42.96500015258789,43.26750183105469,40.421566009521484,173.07000732421875,105715200
AAPL,2017-11-29,43.157501220703125,43.22999954223633,41.790000915527344,42.369998931884766,39.58308410644531,169.47999572753906,166665600
AAPL,2017-11-30,42.60749816894531,43.03499984741211,42.11000061035156,42.962501525878906,40.13663101196289,171.85000610351563,166108800
AAPL,2017-12-01,42.48749923706055,42.91749954223633,42.125,42.76250076293945,39.94977569580078,171.0500030517578,159037200
AAPL,2017-12-04,43.119998931884766,43.154998779296875,42.407501220703125,42.45000076293945,39.65782928466797,169.8000030517578,130169600
AAPL,2017-12-05,42.26499938964844,42.880001068115234,42.099998474121094,42.40999984741211,39.62045669555664,169.63999938964844,109400800
AAPL,2017-12-06,41.875,42.54999923706055,41.6150016784668,42.252498626708984,39.47332763671875,169.00999450683594,114240000
AAPL,2017-12-07,42.25749969482422,42.61000061035156,42.227500915527344,42.33000183105469,39.54573440551758,169.32000732421875,102693200
AAPL,2017-12-08,42.622501373291016,42.75,42.20500183105469,42.342498779296875,39.55739974975586,169.3699951171875,93420800
AAPL,2017-12-11,42.29999923706055,43.22249984741211,42.1974983215332,43.16749954223633,40.328128814697266,172.6699981689453,141095200
AAPL,2017-12-12,43.037498474121094,43.09749984741211,42.8650016784668,42.92499923706055,40.10157775878906,171.6999969482422,77636800
AAPL,2017-12-13,43.125,43.3849983215332,43,43.067501068115234,40.234710693359375,172.27000427246094,95273600
AAPL,2017-12-14,43.099998474121094,43.282501220703125,42.912498474121094,43.05500030517578,40.2230339050293,172.22000122070313,81906000
AAPL,2017-12-15,43.407501220703125,43.54249954223633,43.1150016784668,43.49250030517578,40.63176345825195,173.97000122070313,160677200
AAPL,2017-12-18,43.720001220703125,44.29999923706055,43.71500015258789,44.10499954223633,41.2039794921875,176.4199981689453,117684400
AAPL,2017-12-19,43.75749969482422,43.84749984741211,43.522499084472656,43.6349983215332,40.764892578125,174.5399932861328,109745600
AAPL,2017-12-20,43.717498779296875,43.85499954223633,43.3125,43.587501525878906,40.720523834228516,174.35000610351563,93902400
AAPL,2017-12-21,43.54249954223633,44.005001068115234,43.525001525878906,43.752498626708984,40.87464904785156,175.00999450683594,83799600
AAPL,2017-12-22,43.66999816894531,43.85499954223633,43.625,43.752498626708984,40.87464904785156,175.00999450683594,65397600
AAPL,2017-12-26,42.70000076293945,42.86750030517578,42.41999816894531,42.64250183105469,39.83766555786133,170.57000732421875,132742000
AAPL,2017-12-27,42.525001525878906,42.69499969482422,42.4275016784668,42.650001525878906,39.84468460083008,170.60000610351563,85992800
AAPL,2017-12-28,42.75,42.962501525878906,42.619998931884766,42.77000045776367,39.956787109375,171.0800018310547,65920800
AAPL,2017-12-29,42.630001068115234,42.647499084472656,42.30500030517578,42.307498931884766,39.524696350097656,169.22999572753906,103999600
AAPL,2018-01-02,42.540000915527344,43.07500076293945,42.314998626708984,43.064998626708984,40.23237609863281,172.25999450683594,102223600
AAPL,2018-01-03,43.13249969482422,43.63750076293945,42.9900016784668,43.057498931884766,40.22536849975586,172.22999572753906,118071600
AAPL,2018-01-04,43.1349983215332,43.36750030517578,43.02000045776367,43.25749969482422,40.41222381591797,173.02999877929688,89738400
AAPL,2018-01-05,43.36000061035156,43.842498779296875,43.26250076293945,43.75,40.872314453125,175,94640000
AAPL,2018-01-08,43.587501525878906,43.90250015258789,43.48249816894531,43.587501525878906,40.720523834228516,174.35000610351563,82271200
AAPL,2018-01-09,43.63750076293945,43.76499938964844,43.352500915527344,43.58250045776367,40.71582794189453,174.3300018310547,86336000
AAPL,2018-01-10,43.290000915527344,43.57500076293945,43.25,43.5724983215332,40.70649719238281,174.2899932861328,95839600
AAPL,2018-01-11,43.647499084472656,43.872501373291016,43.622501373291016,43.81999969482422,40.937713623046875,175.27999877929688,74670800
AAPL,2018-01-12,44.04499816894531,44.34000015258789,43.912498474121094,44.272499084472656,41.36044692993164,177.08999633789063,101672400
AAPL,2018-01-16,44.474998474121094,44.84749984741211,44.03499984741211,44.04750061035156,41.15024948120117,176.19000244140625,118263600
AAPL,2018-01-17,44.037498474121094,44.8125,43.76750183105469,44.775001525878906,41.82989501953125,179.10000610351563,137547200
AAPL,2018-01-18,44.842498779296875,45.025001525878906,44.5625,44.814998626708984,41.86726760864258,179.25999450683594,124773600
AAPL,2018-01-19,44.65250015258789,44.89500045776367,44.352500915527344,44.6150016784668,41.680423736572266,178.4600067138672,129700400
AAPL,2018-01-22,44.32500076293945,44.44499969482422,44.150001525878906,44.25,41.33942794799805,177,108434400
AAPL,2018-01-23,44.32500076293945,44.86000061035156,44.20500183105469,44.2599983215332,41.34877014160156,177.0399932861328,130756400
AAPL,2018-01-24,44.3125,44.32500076293945,43.29999923706055,43.55500030517578,40.69015884399414,174.22000122070313,204420400
AAPL,2018-01-25,43.627498626708984,43.73749923706055,42.63249969482422,42.77750015258789,39.963783264160156,171.11000061035156,166116000
AAPL,2018-01-26,43,43,42.51499938964844,42.877498626708984,40.05719757080078,171.50999450683594,156572000
AAPL,2018-01-29,42.540000915527344,42.540000915527344,41.76750183105469,41.9900016784668,39.22808074951172,167.9600067138672,202561600
AAPL,2018-01-30,41.38249969482422,41.842498779296875,41.17499923706055,41.74250030517578,38.996864318847656,166.97000122070313,184192800
AAPL,2018-01-31,41.717498779296875,42.11000061035156,41.625,41.85749816894531,39.104305267333984,167.42999267578125,129915600
AAPL,2018-02-01,41.79249954223633,42.154998779296875,41.689998626708984,41.94499969482422,39.18604278564453,167.77999877929688,188923200
AAPL,2018-02-02,41.5,41.70000076293945,40.025001525878906,40.125,37.485748291015625,160.5,346375200
AAPL,2018-02-05,39.775001525878906,40.970001220703125,39,39.122501373291016,36.54920959472656,156.49000549316406,290954000
AAPL,2018-02-06,38.70750045776367,40.93000030517578,38.5,40.75749969482422,38.07664489746094,163.02999877929688,272975200
AAPL,2018-02-07,40.772499084472656,40.849998474121094,39.76750183105469,39.8849983215332,37.26153564453125,159.5399932861328,206434400
AAPL,2018-02-08,40.0724983215332,40.25,38.75749969482422,38.787498474121094,36.23623275756836,155.14999389648438,217562000
AAPL,2018-02-09,39.26750183105469,39.47249984741211,37.560001373291016,39.102500915527344,36.67945861816406,156.41000366210938,282690400
AAPL,2018-02-12,39.625,40.97249984741211,39.377498626708984,40.6775016784668,38.156856536865234,162.7100067138672,243278000
AAPL,2018-02-13,40.48749923706055,41.1875,40.412498474121094,41.084999084472656,38.539100646972656,164.33999633789063,130196800
AAPL,2018-02-14,40.7599983215332,41.8849983215332,40.720001220703125,41.842498779296875,39.24966049194336,167.3699951171875,162579600
AAPL,2018-02-15,42.4474983215332,43.272499084472656,42.25,43.247501373291016,40.567596435546875,172.99000549316406,204588800
AAPL,2018-02-16,43.09000015258789,43.70500183105469,42.942501068115234,43.10749816894531,40.436279296875,172.42999267578125,160704400
AAPL,2018-02-20,43.01250076293945,43.564998626708984,42.85499954223633,42.962501525878906,40.30026626586914,171.85000610351563,135722000
AAPL,2018-02-21,43.20750045776367,43.529998779296875,42.752498626708984,42.76750183105469,40.117347717285156,171.07000732421875,149886400
AAPL,2018-02-22,42.95000076293945,43.48749923706055,42.9275016784668,43.125,40.452693939208984,172.5,123967600
AAPL,2018-02-23,43.41749954223633,43.912498474121094,43.3849983215332,43.875,41.15621566772461,175.5,135249600
AAPL,2018-02-26,44.087501525878906,44.84749984741211,44.0525016784668,44.74250030517578,41.9699592590332,178.97000122070313,152648800
AAPL,2018-02-27,44.775001525878906,45.119998931884766,44.540000915527344,44.59749984741211,41.833946228027344,178.38999938964844,155712400
AAPL,2018-02-28,44.814998626708984,45.154998779296875,44.51250076293945,44.529998779296875,41.770626068115234,178.1199951171875,151128400
AAPL,2018-03-01,44.6349983215332,44.94499969482422,43.165000915527344,43.75,41.03896713256836,175,195208000
AAPL,2018-03-02,43.20000076293945,44.07500076293945,43.11249923706055,44.0525016784668,41.322731018066406,176.2100067138672,153816000
AAPL,2018-03-05,43.8025016784668,44.435001373291016,43.630001068115234,44.20500183105469,41.46577835083008,176.82000732421875,113605600
AAPL,2018-03-06,44.477500915527344,44.5625,44.032501220703125,44.16749954223633,41.43058776855469,176.6699981689453,95154000
AAPL,2018-03-07,43.73500061035156,43.962501525878906,43.567501068115234,43.75749969482422,41.04600524902344,175.02999877929688,126814000
AAPL,2018-03-08,43.869998931884766,44.279998779296875,43.76750183105469,44.23500061035156,41.4939079284668,176.94000244140625,95096400
AAPL,2018-03-09,44.4900016784668,45,44.34749984741211,44.994998931884766,42.206809997558594,179.97999572753906,128740800
AAPL,2018-03-12,45.0724983215332,45.59749984741211,45.0525016784668,45.43000030517578,42.61485290527344,181.72000122070313,128828400
AAPL,2018-03-13,45.647499084472656,45.875,44.810001373291016,44.99250030517578,42.204471588134766,179.97000122070313,126774000
AAPL,2018-03-14,45.08000183105469,45.130001068115234,44.45249938964844,44.61000061035156,41.845680236816406,178.44000244140625,117473600
AAPL,2018-03-15,44.625,45.060001373291016,44.51750183105469,44.662498474121094,41.894927978515625,178.64999389648438,90975200
AAPL,2018-03-16,44.662498474121094,44.779998779296875,44.404998779296875,44.505001068115234,41.7471809387207,178.02000427246094,157618800
AAPL,2018-03-19,44.33000183105469,44.36750030517578,43.415000915527344,43.82500076293945,41.10931396484375,175.3000030517578,133787200
AAPL,2018-03-20,43.810001373291016,44.20000076293945,43.73500061035156,43.810001373291016,41.09525680541992,175.24000549316406,78597600
AAPL,2018-03-21,43.7599983215332,43.772499084472656,42.814998626708984,42.817501068115234,40.164249420166016,171.27000427246094,148219600
AAPL,2018-03-22,42.5,43.16999816894531,42.150001525878906,42.212501525878906,39.59674072265625,168.85000610351563,165963200
AAPL,2018-03-23,42.09749984741211,42.47999954223633,41.23500061035156,41.23500061035156,38.67980194091797,164.94000244140625,164115200
AAPL,2018-03-26,42.01750183105469,43.275001525878906,41.61000061035156,43.192501068115234,40.51599884033203,172.77000427246094,150164800
AAPL,2018-03-27,43.41999816894531,43.787498474121094,41.72999954223633,42.084999084472656,39.47712707519531,168.33999633789063,163690400
AAPL,2018-03-28,41.8125,42.505001068115234,41.29750061035156,41.619998931884766,39.040950775146484,166.47999572753906,166674000
AAPL,2018-03-29,41.95249938964844,42.9375,41.724998474121094,41.94499969482422,39.34580612182617,167.77999877929688,153594000
AAPL,2018-04-02,41.65999984741211,42.23500061035156,41.11750030517578,41.66999816894531,39.087860107421875,166.67999267578125,150347200
AAPL,2018-04-03,41.90999984741211,42.1875,41.220001220703125,42.09749984741211,39.488868713378906,168.38999938964844,121112000
AAPL,2018-04-04,41.220001220703125,43.002498626708984,41.192501068115234,42.90250015258789,40.24398422241211,171.61000061035156,138422000
AAPL,2018-04-05,43.14500045776367,43.557498931884766,43.02000045776367,43.20000076293945,40.52305603027344,172.8000030517578,107732800
AAPL,2018-04-06,42.74250030517578,43.119998931884766,42.04999923706055,42.095001220703125,39.48651885986328,168.3800048828125,140021200
AAPL,2018-04-09,42.470001220703125,43.272499084472656,42.462501525878906,42.51250076293945,39.878150939941406,170.0500030517578,116070800
AAPL,2018-04-10,43.25,43.5,42.88249969482422,43.3125,40.62856674194336,173.25,113634400
AAPL,2018-04-11,43.057498931884766,43.47999954223633,42.92499923706055,43.11000061035156,40.438621520996094,172.44000244140625,89726400
AAPL,2018-04-12,43.352500915527344,43.75,43.2599983215332,43.53499984741211,40.83728790283203,174.13999938964844,91557200
AAPL,2018-04-13,43.69499969482422,43.959999084472656,43.462501525878906,43.682498931884766,40.975650787353516,174.72999572753906,100497200
AAPL,2018-04-16,43.75749969482422,44.04750061035156,43.70750045776367,43.95500183105469,41.23126220703125,175.82000732421875,86313600
AAPL,2018-04-17,44.122501373291016,44.73500061035156,44.102500915527344,44.560001373291016,41.798763275146484,178.24000549316406,106421600
AAPL,2018-04-18,44.45249938964844,44.70500183105469,44.220001220703125,44.459999084472656,41.7049674987793,177.83999633789063,83018000
AAPL,2018-04-19,43.439998626708984,43.84749984741211,43.165000915527344,43.20000076293945,40.52305603027344,172.8000030517578,139235200
AAPL,2018-04-20,42.650001525878906,42.80500030517578,41.35749816894531,41.43000030517578,38.862728118896484,165.72000122070313,261964400
AAPL,2018-04-23,41.70750045776367,41.72999954223633,41.022499084472656,41.310001373291016,38.75015640258789,165.24000549316406,146062000
AAPL,2018-04-24,41.41749954223633,41.58250045776367,40.30500030517578,40.73500061035156,38.21079635620117,162.94000244140625,134768000
AAPL,2018-04-25,40.654998779296875,41.35499954223633,40.602500915527344,40.912498474121094,38.37727737426758,163.64999389648438,113528400
AAPL,2018-04-26,41.029998779296875,41.432498931884766,40.842498779296875,41.05500030517578,38.510963439941406,164.22000122070313,111852000
AAPL,2018-04-27,41,41.08250045776367,40.157501220703125,40.58000183105469,38.065399169921875,162.32000732421875,142623200
AAPL,2018-04-30,40.532501220703125,41.814998626708984,40.459999084472656,41.314998626708984,38.75484085083008,165.25999450683594,169709600
AAPL,2018-05-01,41.602500915527344,42.29999923706055,41.317501068115234,42.275001525878906,39.655357360839844,169.10000610351563,214277600
AAPL,2018-05-02,43.807498931884766,44.4375,43.45000076293945,44.14250183105469,41.407142639160156,176.57000732421875,266157600
AAPL,2018-05-03,43.970001220703125,44.375,43.61000061035156,44.22249984741211,41.482181549072266,176.88999938964844,136272800
AAPL,2018-05-04,44.5625,46.0625,44.54249954223633,45.95750045776367,43.10966491699219,183.8300018310547,224805200
AAPL,2018-05-07,46.29499816894531,46.91749954223633,46.1875,46.290000915527344,43.421573638916016,185.16000366210938,169805600
AAPL,2018-05-08,46.247501373291016,46.55500030517578,45.91749954223633,46.51250076293945,43.630287170410156,186.0500030517578,113611200
AAPL,2018-05-09,46.63750076293945,46.849998474121094,46.30500030517578,46.84000015258789,43.93748092651367,187.36000061035156,92844800
AAPL,2018-05-10,46.935001373291016,47.592498779296875,46.912498474121094,47.5099983215332,44.56596374511719,190.0399932861328,111957200
AAPL,2018-05-11,47.372501373291016,47.51499938964844,46.86249923706055,47.147499084472656,44.39647674560547,188.58999633789063,104848800
AAPL,2018-05-14,47.252498626708984,47.38249969482422,46.96500015258789,47.037498474121094,44.29289245605469,188.14999389648438,83115200
AAPL,2018-05-15,46.69499969482422,46.76750183105469,46.275001525878906,46.61000061035156,43.89033889770508,186.44000244140625,94780800
AAPL,2018-05-16,46.51750183105469,47.1150016784668,46.5,47.04499816894531,44.29995346069336,188.17999267578125,76732400
AAPL,2018-05-17,47,47.227500915527344,46.59000015258789,46.747501373291016,44.01980972290039,186.99000549316406,69176000
AAPL,2018-05-18,46.79750061035156,46.95249938964844,46.532501220703125,46.57749938964844,43.859737396240234,186.30999755859375,73190800
AAPL,2018-05-21,47,47.317501068115234,46.727500915527344,46.907501220703125,44.17047882080078,187.6300048828125,73603200
AAPL,2018-05-22,47.095001220703125,47.220001220703125,46.69499969482422,46.790000915527344,44.059837341308594,187.16000366210938,60962800
AAPL,2018-05-23,46.587501525878906,47.125,46.439998626708984,47.09000015258789,44.342323303222656,188.36000061035156,80233600
AAPL,2018-05-24,47.192501068115234,47.209999084472656,46.5525016784668,47.037498474121094,44.29289245605469,188.14999389648438,92936000
AAPL,2018-05-25,47.057498931884766,47.412498474121094,46.912498474121094,47.14500045776367,44.39411544799805,188.5800018310547,69844000
AAPL,2018-05-29,46.900001525878906,47.1875,46.717498779296875,46.974998474121094,44.23402786254883,187.89999389648438,90056400
AAPL,2018-05-30,46.93000030517578,47,46.69499969482422,46.875,44.139869689941406,187.5,74762000
AAPL,2018-05-31,46.80500030517578,47.057498931884766,46.53499984741211,46.717498779296875,43.991554260253906,186.8699951171875,109931200
AAPL,2018-06-01,46.997501373291016,47.564998626708984,46.9375,47.560001373291016,44.78490447998047,190.24000549316406,93770000
AAPL,2018-06-04,47.90999984741211,48.35499954223633,47.837501525878906,47.95750045776367,45.159202575683594,191.8300018310547,105064800
AAPL,2018-06-05,48.26750183105469,48.48500061035156,48.09000015258789,48.32749938964844,45.50761795043945,193.30999755859375,86264000
AAPL,2018-06-06,48.407501220703125,48.52000045776367,47.97999954223633,48.494998931884766,45.66533279418945,193.97999572753906,83734400
AAPL,2018-06-07,48.53499984741211,48.54999923706055,48.084999084472656,48.3650016784668,45.54292297363281,193.4600067138672,85388800
AAPL,2018-06-08,47.79249954223633,48,47.442501068115234,47.92499923706055,45.12859344482422,191.6999969482422,106627200
AAPL,2018-06-11,47.837501525878906,47.99250030517578,47.5525016784668,47.807498931884766,45.01795959472656,191.22999572753906,73234000
AAPL,2018-06-12,47.84749984741211,48.15250015258789,47.787498474121094,48.06999969482422,45.26514434814453,192.27999877929688,67644400
AAPL,2018-06-13,48.10499954223633,48.220001220703125,47.61000061035156,47.67499923706055,44.893192291259766,190.6999969482422,86553600
AAPL,2018-06-14,47.88750076293945,47.89250183105469,47.55500030517578,47.70000076293945,44.9167366027832,190.8000030517578,86440400
AAPL,2018-06-15,47.50749969482422,47.540000915527344,47.064998626708984,47.209999084472656,44.455326080322266,188.83999633789063,246876800
AAPL,2018-06-18,46.970001220703125,47.30500030517578,46.79999923706055,47.185001373291016,44.43177795410156,188.74000549316406,73939600
AAPL,2018-06-19,46.28499984741211,46.58250045776367,45.86249923706055,46.42250061035156,43.713775634765625,185.69000244140625,134314000
AAPL,2018-06-20,46.587501525878906,46.79999923706055,46.432498931884766,46.625,43.90445327758789,186.5,82514800
AAPL,2018-06-21,46.8125,47.087501525878906,46.23500061035156,46.3650016784668,43.65963363647461,185.4600067138672,102847600
AAPL,2018-06-22,46.529998779296875,46.537498474121094,46.17499923706055,46.22999954223633,43.532501220703125,184.9199981689453,108801600
AAPL,2018-06-25,45.849998474121094,46.22999954223633,45.182498931884766,45.54249954223633,42.88511657714844,182.1699981689453,126652400
AAPL,2018-06-26,45.747501373291016,46.63249969482422,45.6349983215332,46.10749816894531,43.417152404785156,184.42999267578125,98276800
AAPL,2018-06-27,46.307498931884766,46.81999969482422,46.00749969482422,46.040000915527344,43.35360336303711,184.16000366210938,101141200
AAPL,2018-06-28,46.025001525878906,46.5525016784668,45.95000076293945,46.375,43.669044494628906,185.5,69460800
AAPL,2018-06-29,46.5724983215332,46.79750061035156,45.727500915527344,46.27750015258789,43.577239990234375,185.11000061035156,90950800
AAPL,2018-07-02,45.95500183105469,46.82500076293945,45.85499954223633,46.79499816894531,44.06452941894531,187.17999267578125,70925200
AAPL,2018-07-03,46.9474983215332,46.98749923706055,45.8849983215332,45.97999954223633,43.297080993652344,183.9199981689453,55819200
AAPL,2018-07-05,46.314998626708984,46.602500915527344,46.06999969482422,46.349998474121094,43.64550018310547,185.39999389648438,66416800
AAPL,2018-07-06,46.35499954223633,47.10749816894531,46.29999923706055,46.99250030517578,44.25050735473633,187.97000122070313,69940800
AAPL,2018-07-09,47.375,47.66999816894531,47.32500076293945,47.64500045776367,44.86494064331055,190.5800018310547,79026400
AAPL,2018-07-10,47.6775016784668,47.81999969482422,47.54499816894531,47.587501525878906,44.81079864501953,190.35000610351563,63756400
AAPL,2018-07-11,47.125,47.44499969482422,46.90250015258789,46.970001220703125,44.22932815551758,187.8800048828125,75326000
AAPL,2018-07-12,47.38249969482422,47.852500915527344,47.32749938964844,47.75749969482422,44.970863342285156,191.02999877929688,72164400
AAPL,2018-07-13,47.77000045776367,47.959999084472656,47.724998474121094,47.83250045776367,45.04150390625,191.3300018310547,50055600
AAPL,2018-07-16,47.880001068115234,48.162498474121094,47.60499954223633,47.727500915527344,44.94261932373047,190.91000366210938,60172400
AAPL,2018-07-17,47.4375,47.967498779296875,47.29999923706055,47.86249923706055,45.06975555419922,191.4499969482422,62138000
AAPL,2018-07-18,47.94499969482422,47.95000076293945,47.48249816894531,47.599998474121094,44.82256317138672,190.39999389648438,65573600
AAPL,2018-07-19,47.42250061035156,48.13750076293945,47.42250061035156,47.970001220703125,45.17097854614258,191.8800048828125,81147200
AAPL,2018-07-20,47.94499969482422,48.10749816894531,47.54249954223633,47.86000061035156,45.06740188598633,191.44000244140625,82704800
AAPL,2018-07-23,47.66999816894531,47.9900016784668,47.38999938964844,47.90250015258789,45.107425689697266,191.61000061035156,63957600
AAPL,2018-07-24,48.11249923706055,48.415000915527344,48.01250076293945,48.25,45.434635162353516,193,74791600
AAPL,2018-07-25,48.26499938964844,48.712501525878906,48.10749816894531,48.70500183105469,45.86309051513672,194.82000732421875,66839600
AAPL,2018-07-26,48.65250015258789,48.9900016784668,48.40250015258789,48.5525016784668,45.71949005126953,194.2100067138672,76304000
AAPL,2018-07-27,48.747501373291016,48.79750061035156,47.525001525878906,47.744998931884766,44.959102630615234,190.97999572753906,96096000
AAPL,2018-07-30,47.974998474121094,48.04999923706055,47.26750183105469,47.477500915527344,44.707218170166016,189.91000366210938,84118000
AAPL,2018-07-31,47.57500076293945,48.03499984741211,47.334999084472656,47.5724983215332,44.79666519165039,190.2899932861328,157492000
AAPL,2018-08-01,49.782501220703125,50.439998626708984,49.32749938964844,50.375,47.43565368652344,201.5,271742800
AAPL,2018-08-02,50.14500045776367,52.095001220703125,50.087501525878906,51.84749984741211,48.82223129272461,207.38999938964844,249616000
AAPL,2018-08-03,51.75749969482422,52.185001373291016,51.369998931884766,51.997501373291016,48.96348190307617,207.99000549316406,133789600
AAPL,2018-08-06,52,52.3125,51.76750183105469,52.26750183105469,49.21772384643555,209.07000732421875,101701600
AAPL,2018-08-07,52.33000183105469,52.375,51.689998626708984,51.77750015258789,48.75630187988281,207.11000061035156,102349600
AAPL,2018-08-08,51.51250076293945,51.95249938964844,51.130001068115234,51.8125,48.789268493652344,207.25,90102000
AAPL,2018-08-09,52.38249969482422,52.44499969482422,51.79999923706055,52.220001220703125,49.17299270629883,208.8800048828125,93970400
AAPL,2018-08-10,51.84000015258789,52.275001525878906,51.66749954223633,51.88249969482422,49.026519775390625,207.52999877929688,98444800
AAPL,2018-08-13,52.32749938964844,52.73749923706055,51.92499923706055,52.217498779296875,49.34309387207031,208.8699951171875,103563600
AAPL,2018-08-14,52.540000915527344,52.63999938964844,52.064998626708984,52.4375,49.55097198486328,209.75,82992000
AAPL,2018-08-15,52.30500030517578,52.685001373291016,52.08250045776367,52.560001373291016,49.66672134399414,210.24000549316406,115230400
AAPL,2018-08-16,52.9375,53.45249938964844,52.86750030517578,53.33000183105469,50.39435577392578,213.32000732421875,114001600
AAPL,2018-08-17,53.36000061035156,54.48749923706055,53.290000915527344,54.39500045776367,51.400718688964844,217.5800018310547,141708000
AAPL,2018-08-20,54.525001525878906,54.79499816894531,53.77750015258789,53.8650016784668,50.899898529052734,215.4600067138672,121150800
AAPL,2018-08-21,54.20000076293945,54.29750061035156,53.50749969482422,53.7599983215332,50.800682067871094,215.0399932861328,104639200
AAPL,2018-08-22,53.525001525878906,54.09000015258789,53.459999084472656,53.76250076293945,50.803043365478516,215.0500030517578,76072400
AAPL,2018-08-23,53.662498474121094,54.26250076293945,53.650001525878906,53.872501373291016,50.90699005126953,215.49000549316406,75532800
AAPL,2018-08-24,54.150001525878906,54.224998474121094,53.77750015258789,54.040000915527344,51.065250396728516,216.16000366210938,73905600
AAPL,2018-08-27,54.287498474121094,54.685001373291016,54.08250045776367,54.48500061035156,51.485774993896484,217.94000244140625,82100400
AAPL,2018-08-28,54.752498626708984,55.1349983215332,54.72999954223633,54.92499923706055,51.90153884887695,219.6999969482422,91107200
AAPL,2018-08-29,55.037498474121094,55.872501373291016,54.852500915527344,55.744998931884766,52.67639923095703,222.97999572753906,109019200
AAPL,2018-08-30,55.8125,57.064998626708984,55.599998474121094,56.25749969482422,53.16069793701172,225.02999877929688,195175200
AAPL,2018-08-31,56.627498626708984,57.217498779296875,56.5,56.907501220703125,53.77492904663086,227.6300048828125,173360400
AAPL,2018-09-04,57.102500915527344,57.29499816894531,56.657501220703125,57.09000015258789,53.94738006591797,228.36000061035156,109560400
AAPL,2018-09-05,57.247501373291016,57.41749954223633,56.275001525878906,56.717498779296875,53.59538650512695,226.8699951171875,133332000
AAPL,2018-09-06,56.557498931884766,56.837501525878906,55.32500076293945,55.775001525878906,52.70476150512695,223.10000610351563,137160000
AAPL,2018-09-07,55.462501525878906,56.342498779296875,55.1775016784668,55.32500076293945,52.27952575683594,221.3000030517578,150479200
AAPL,2018-09-10,55.23749923706055,55.462501525878906,54.11750030517578,54.58250045776367,51.57790756225586,218.3300018310547,158066000
AAPL,2018-09-11,54.502498626708984,56.07500076293945,54.13999938964844,55.962501525878906,52.88193893432617,223.85000610351563,142996000
AAPL,2018-09-12,56.23500061035156,56.25,54.959999084472656,55.26750183105469,52.225196838378906,221.07000732421875,197114800
AAPL,2018-09-13,55.880001068115234,57.087501525878906,55.64250183105469,56.602500915527344,53.48670959472656,226.41000366210938,166825600
AAPL,2018-09-14,56.4375,56.709999084472656,55.630001068115234,55.959999084472656,52.879573822021484,223.83999633789063,127997200
AAPL,2018-09-17,55.537498474121094,55.73749923706055,54.317501068115234,54.470001220703125,51.471588134765625,217.8800048828125,148780400
AAPL,2018-09-18,54.4474983215332,55.462501525878906,54.279998779296875,54.560001373291016,51.556636810302734,218.24000549316406,126286800
AAPL,2018-09-19,54.625,54.904998779296875,53.82500076293945,54.592498779296875,51.58733367919922,218.3699951171875,108495200
AAPL,2018-09-20,55.060001373291016,55.56999969482422,54.787498474121094,55.00749969482422,51.979515075683594,220.02999877929688,106435200
AAPL,2018-09-21,55.19499969482422,55.34000015258789,54.3224983215332,54.415000915527344,51.41963577270508,217.66000366210938,384986800
AAPL,2018-09-24,54.20500183105469,55.314998626708984,54.157501220703125,55.1974983215332,52.15904998779297,220.7899932861328,110773600
AAPL,2018-09-25,54.9375,55.70500183105469,54.92499923706055,55.54750061035156,52.48977279663086,222.19000244140625,98217600
AAPL,2018-09-26,55.25,55.9375,54.939998626708984,55.10499954223633,52.07164001464844,220.4199981689453,95938800
AAPL,2018-09-27,55.95500183105469,56.61000061035156,55.8849983215332,56.23749923706055,53.14180374145508,224.9499969482422,120724800
AAPL,2018-09-28,56.1974983215332,56.459999084472656,56.005001068115234,56.435001373291016,53.328426361083984,225.74000549316406,91717600
AAPL,2018-10-01,56.98749923706055,57.35499954223633,56.587501525878906,56.814998626708984,53.68751525878906,227.25999450683594,94403200
AAPL,2018-10-02,56.8125,57.5,56.657501220703125,57.31999969482422,54.16471481323242,229.27999877929688,99152800
AAPL,2018-10-03,57.51250076293945,58.36750030517578,57.44499969482422,58.01750183105469,54.823814392089844,232.07000732421875,114619200
AAPL,2018-10-04,57.69499969482422,58.087501525878906,56.682498931884766,56.997501373291016,53.85996627807617,227.99000549316406,128168000
AAPL,2018-10-05,56.9900016784668,57.102500915527344,55.14500045776367,56.0724983215332,52.98588180541992,224.2899932861328,134322000
AAPL,2018-10-08,55.5525016784668,56.20000076293945,55.04999923706055,55.942501068115234,52.86304473876953,223.77000427246094,118655600
AAPL,2018-10-09,55.90999984741211,56.817501068115234,55.5625,56.717498779296875,53.59538650512695,226.8699951171875,107564000
AAPL,2018-10-10,56.3650016784668,56.587501525878906,54.01250076293945,54.09000015258789,51.11251449584961,216.36000061035156,167962400
AAPL,2018-10-11,53.630001068115234,54.875,53.08000183105469,53.61249923706055,50.661293029785156,214.4499969482422,212497600
AAPL,2018-10-12,55.10499954223633,55.720001220703125,54.209999084472656,55.52750015258789,52.47088623046875,222.11000061035156,161351600
AAPL,2018-10-15,55.290000915527344,55.45750045776367,54.317501068115234,54.34000015258789,51.3487434387207,217.36000061035156,123164000
AAPL,2018-10-16,54.73249816894531,55.747501373291016,54.189998626708984,55.537498474121094,52.4803352355957,222.14999389648438,116736000
AAPL,2018-10-17,55.57500076293945,55.65999984741211,54.834999084472656,55.29750061035156,52.253543853759766,221.19000244140625,91541600
AAPL,2018-10-18,54.46500015258789,54.935001373291016,53.25,54.005001068115234,51.03219223022461,216.02000427246094,130325200
AAPL,2018-10-19,54.51499938964844,55.314998626708984,54.35749816894531,54.82749938964844,51.80940628051758,219.30999755859375,132314800
AAPL,2018-10-22,54.9474983215332,55.84000015258789,54.73500061035156,55.162498474121094,52.12596893310547,220.64999389648438,115168400
AAPL,2018-10-23,53.95750045776367,55.8125,53.67499923706055,55.682498931884766,52.61735534667969,222.72999572753906,155071200
AAPL,2018-10-24,55.650001525878906,56.057498931884766,53.6349983215332,53.772499084472656,50.812477111816406,215.08999633789063,163702000
AAPL,2018-10-25,54.4275016784668,55.345001220703125,54.1875,54.95000076293945,51.9251708984375,219.8000030517578,119423200
AAPL,2018-10-26,53.974998474121094,55.04750061035156,53.16749954223633,54.07500076293945,51.09833908081055,216.3000030517578,189033600
AAPL,2018-10-29,54.79750061035156,54.92250061035156,51.522499084472656,53.060001373291016,50.13921356201172,212.24000549316406,183742000
AAPL,2018-10-30,52.787498474121094,53.79499816894531,52.317501068115234,53.32500076293945,50.38962936401367,213.3000030517578,146640000
AAPL,2018-10-31,54.220001220703125,55.11249923706055,54.154998779296875,54.71500015258789,51.70309829711914,218.86000061035156,153435600
AAPL,2018-11-01,54.76250076293945,55.59000015258789,54.20249938964844,55.55500030517578,52.49687194824219,222.22000122070313,233292800
AAPL,2018-11-02,52.38750076293945,53.412498474121094,51.35749816894531,51.869998931884766,49.01472473144531,207.47999572753906,365314800
AAPL,2018-11-05,51.07500076293945,51.09749984741211,49.54249954223633,50.397499084472656,47.623268127441406,201.58999633789063,264654800
AAPL,2018-11-06,50.47999954223633,51.18000030517578,50.42250061035156,50.942501068115234,48.138282775878906,203.77000427246094,127531600
AAPL,2018-11-07,51.49250030517578,52.51499938964844,51.032501220703125,52.48749923706055,49.598228454589844,209.9499969482422,133697600
AAPL,2018-11-08,52.494998931884766,52.529998779296875,51.6875,52.122501373291016,49.42517852783203,208.49000549316406,101450400
AAPL,2018-11-09,51.38750076293945,51.502498626708984,50.5625,51.11750030517578,48.4721794128418,204.47000122070313,137463200
AAPL,2018-11-12,49.75,49.962501525878906,48.4474983215332,48.54249954223633,46.03042221069336,194.1699981689453,204542000
AAPL,2018-11-13,47.907501220703125,49.29499816894531,47.86249923706055,48.057498931884766,45.57052993774414,192.22999572753906,187531600
AAPL,2018-11-14,48.474998474121094,48.619998931884766,46.48249816894531,46.70000076293945,44.28329086303711,186.8000030517578,243204000
AAPL,2018-11-15,47.09749984741211,47.99250030517578,46.724998474121094,47.852500915527344,45.37614440917969,191.41000366210938,185915200
AAPL,2018-11-16,47.625,48.74250030517578,47.3650016784668,48.38249969482422,45.87871170043945,193.52999877929688,147713200
AAPL,2018-11-19,47.5,47.67499923706055,46.247501373291016,46.46500015258789,44.060447692871094,185.86000061035156,167701200
AAPL,2018-11-20,44.592498779296875,45.36750030517578,43.877498626708984,44.244998931884766,41.95532989501953,176.97999572753906,271300800
AAPL,2018-11-21,44.932498931884766,45.067501068115234,44.13750076293945,44.19499969482422,41.90791320800781,176.77999877929688,124496800
AAPL,2018-11-23,43.73500061035156,44.150001525878906,43.025001525878906,43.0724983215332,40.843502044677734,172.2899932861328,94496000
AAPL,2018-11-26,43.560001373291016,43.73749923706055,42.564998626708984,43.654998779296875,41.395870208740234,174.6199951171875,179994000
AAPL,2018-11-27,42.877498626708984,43.692501068115234,42.720001220703125,43.560001373291016,41.305782318115234,174.24000549316406,165549600
AAPL,2018-11-28,44.182498931884766,45.3224983215332,43.73249816894531,45.23500061035156,42.89410400390625,180.94000244140625,184250000
AAPL,2018-11-29,45.665000915527344,45.70000076293945,44.42499923706055,44.88750076293945,42.5645751953125,179.5500030517578,167080000
AAPL,2018-11-30,45.0724983215332,45.08250045776367,44.25749969482422,44.64500045776367,42.33462905883789,178.5800018310547,158126000
AAPL,2018-12-03,46.1150016784668,46.23500061035156,45.3025016784668,46.20500183105469,43.81389617919922,184.82000732421875,163210000
AAPL,2018-12-04,45.23749923706055,45.59749984741211,44.067501068115234,44.17250061035156,41.88658142089844,176.69000244140625,165377200
AAPL,2018-12-06,42.939998626708984,43.69499969482422,42.60499954223633,43.68000030517578,41.41957092285156,174.72000122070313,172393600
AAPL,2018-12-07,43.372501373291016,43.622501373291016,42.07500076293945,42.122501373291016,39.94266891479492,168.49000549316406,169126400
AAPL,2018-12-10,41.25,42.522499084472656,40.83250045776367,42.400001525878906,40.205810546875,169.60000610351563,248104000
AAPL,2018-12-11,42.915000915527344,42.9474983215332,41.75,42.157501220703125,39.975868225097656,168.6300048828125,189126800
AAPL,2018-12-12,42.599998474121094,42.97999954223633,42.255001068115234,42.275001525878906,40.0872802734375,169.10000610351563,142510800
AAPL,2018-12-13,42.622501373291016,43.14250183105469,42.38750076293945,42.73749923706055,40.525840759277344,170.9499969482422,127594400
AAPL,2018-12-14,42.25,42.27000045776367,41.31999969482422,41.369998931884766,39.22910690307617,165.47999572753906,162814800
AAPL,2018-12-17,41.36249923706055,42.087501525878906,40.682498931884766,40.98500061035156,38.86404037475586,163.94000244140625,177151600
AAPL,2018-12-18,41.345001220703125,41.88249969482422,41.09749984741211,41.51750183105469,39.368980407714844,166.07000732421875,135366000
AAPL,2018-12-19,41.5,41.86249923706055,39.772499084472656,40.22249984741211,38.14099884033203,160.88999938964844,196189200
AAPL,2018-12-20,40.099998474121094,40.52750015258789,38.82500076293945,39.20750045776367,37.17852020263672,156.8300018310547,259092000
AAPL,2018-12-21,39.21500015258789,39.540000915527344,37.407501220703125,37.682498931884766,35.7324333190918,150.72999572753906,382978400
AAPL,2018-12-24,37.037498474121094,37.88750076293945,36.647499084472656,36.70750045776367,34.80789566040039,146.8300018310547,148676800
AAPL,2018-12-26,37.07500076293945,39.307498931884766,36.68000030517578,39.29249954223633,37.259124755859375,157.1699981689453,234330000
AAPL,2018-12-27,38.959999084472656,39.192501068115234,37.51750183105469,39.037498474121094,37.017311096191406,156.14999389648438,212468400
AAPL,2018-12-28,39.375,39.630001068115234,38.63750076293945,39.057498931884766,37.03628158569336,156.22999572753906,169165600
AAPL,2018-12-31,39.63249969482422,39.84000015258789,39.119998931884766,39.435001373291016,37.39424133300781,157.74000549316406,140014000
AAPL,2019-01-02,38.72249984741211,39.712501525878906,38.557498931884766,39.47999954223633,37.436920166015625,157.9199981689453,148158800
AAPL,2019-01-03,35.994998931884766,36.43000030517578,35.5,35.54750061035156,33.70792007446289,142.19000244140625,365248800
AAPL,2019-01-04,36.13249969482422,37.13750076293945,35.95000076293945,37.064998626708984,35.146888732910156,148.25999450683594,234428400
AAPL,2019-01-07,37.17499923706055,37.20750045776367,36.474998474121094,36.98249816894531,35.068660736083984,147.92999267578125,219111200
AAPL,2019-01-08,37.38999938964844,37.95500183105469,37.130001068115234,37.6875,35.737178802490234,150.75,164101200
AAPL,2019-01-09,37.8224983215332,38.63249969482422,37.407501220703125,38.32749938964844,36.34406661987305,153.30999755859375,180396400
AAPL,2019-01-10,38.125,38.49250030517578,37.71500015258789,38.45000076293945,36.46022033691406,153.8000030517578,143122800
AAPL,2019-01-11,38.220001220703125,38.42499923706055,37.877498626708984,38.0724983215332,36.10225296020508,152.2899932861328,108092800
AAPL,2019-01-14,37.712501525878906,37.817501068115234,37.30500030517578,37.5,35.55937957763672,150,129756800
AAPL,2019-01-15,37.567501068115234,38.34749984741211,37.51250076293945,38.26750183105469,36.28717041015625,153.07000732421875,114843600
AAPL,2019-01-16,38.27000045776367,38.970001220703125,38.25,38.73500061035156,36.73046112060547,154.94000244140625,122278800
AAPL,2019-01-17,38.54999923706055,39.415000915527344,38.314998626708984,38.96500015258789,36.94856643676758,155.86000061035156,119284800
AAPL,2019-01-18,39.375,39.470001220703125,38.994998931884766,39.20500183105469,37.176143646240234,156.82000732421875,135004000
AAPL,2019-01-22,39.102500915527344,39.182498931884766,38.154998779296875,38.32500076293945,36.341697692871094,153.3000030517578,121576000
AAPL,2019-01-23,38.537498474121094,38.78499984741211,37.92499923706055,38.47999954223633,36.488670349121094,153.9199981689453,92522400
AAPL,2019-01-24,38.52750015258789,38.619998931884766,37.935001373291016,38.17499923706055,36.19944763183594,152.6999969482422,101766000
AAPL,2019-01-25,38.869998931884766,39.532501220703125,38.58000183105469,39.439998626708984,37.39897918701172,157.75999450683594,134142000
AAPL,2019-01-28,38.9474983215332,39.08250045776367,38.415000915527344,39.07500076293945,37.052879333496094,156.3000030517578,104768400
AAPL,2019-01-29,39.0625,39.532501220703125,38.52750015258789,38.66999816894531,36.668846130371094,154.67999267578125,166348800
AAPL,2019-01-30,40.8125,41.537498474121094,40.057498931884766,41.3125,39.174564361572266,165.25,244439200
AAPL,2019-01-31,41.52750015258789,42.25,41.13999938964844,41.61000061035156,39.45669174194336,166.44000244140625,162958400
AAPL,2019-02-01,41.7400016784668,42.244998931884766,41.48249816894531,41.630001068115234,39.47566604614258,166.52000427246094,130672400
AAPL,2019-02-04,41.852500915527344,42.915000915527344,41.81999969482422,42.8125,40.59696960449219,171.25,125982000
AAPL,2019-02-05,43.21500015258789,43.77000045776367,43.087501525878906,43.54499816894531,41.291542053222656,174.17999267578125,144406400
AAPL,2019-02-06,43.662498474121094,43.89250183105469,43.212501525878906,43.560001373291016,41.305782318115234,174.24000549316406,112958400
AAPL,2019-02-07,43.099998474121094,43.48500061035156,42.584999084472656,42.73500061035156,40.523468017578125,170.94000244140625,126966800
AAPL,2019-02-08,42.247501373291016,42.665000915527344,42.10499954223633,42.602500915527344,40.571075439453125,170.41000366210938,95280000
AAPL,2019-02-11,42.76250076293945,42.8025016784668,42.3125,42.35749816894531,40.3377685546875,169.42999267578125,83973600
AAPL,2019-02-12,42.525001525878906,42.75,42.42499923706055,42.72249984741211,40.685359954833984,170.88999938964844,89134000
AAPL,2019-02-13,42.84749984741211,43.119998931884766,42.47999954223633,42.54499816894531,40.516326904296875,170.17999267578125,89960800
AAPL,2019-02-14,42.4275016784668,42.814998626708984,42.345001220703125,42.70000076293945,40.663936614990234,170.8000030517578,87342800
AAPL,2019-02-15,42.8125,42.92499923706055,42.4375,42.60499954223633,40.5734748840332,170.4199981689453,98507200
AAPL,2019-02-19,42.4275016784668,42.86000061035156,42.372501373291016,42.73249816894531,40.694889068603516,170.92999267578125,75891200
AAPL,2019-02-20,42.79750061035156,43.33000183105469,42.747501373291016,43.00749969482422,40.956764221191406,172.02999877929688,104457600
AAPL,2019-02-21,42.95000076293945,43.092498779296875,42.57500076293945,42.76499938964844,40.725833892822266,171.05999755859375,68998800
AAPL,2019-02-22,42.89500045776367,43.25,42.845001220703125,43.24250030517578,41.180564880371094,172.97000122070313,75652800
AAPL,2019-02-25,43.540000915527344,43.967498779296875,43.48749923706055,43.557498931884766,41.48054504394531,174.22999572753906,87493600
AAPL,2019-02-26,43.4275016784668,43.82500076293945,43.29249954223633,43.58250045776367,41.50434875488281,174.3300018310547,68280800
AAPL,2019-02-27,43.3025016784668,43.75,43.182498931884766,43.717498779296875,41.63291549682617,174.8699951171875,111341600
AAPL,2019-02-28,43.58000183105469,43.727500915527344,43.22999954223633,43.287498474121094,41.223411560058594,173.14999389648438,112861600
AAPL,2019-03-01,43.56999969482422,43.787498474121094,43.22249984741211,43.74250030517578,41.65673065185547,174.97000122070313,103544800
AAPL,2019-03-04,43.92250061035156,44.4375,43.49250030517578,43.962501525878906,41.86624526977539,175.85000610351563,109744800
AAPL,2019-03-05,43.98500061035156,44,43.6349983215332,43.88249969482422,41.79004669189453,175.52999877929688,78949600
AAPL,2019-03-06,43.66749954223633,43.872501373291016,43.48500061035156,43.630001068115234,41.54958724975586,174.52000427246094,83241600
AAPL,2019-03-07,43.467498779296875,43.61000061035156,43.005001068115234,43.125,41.068668365478516,172.5,99185600
AAPL,2019-03-08,42.58000183105469,43.26750183105469,42.375,43.227500915527344,41.166290283203125,172.91000366210938,95997600
AAPL,2019-03-11,43.872501373291016,44.779998779296875,43.837501525878906,44.724998474121094,42.592369079589844,178.89999389648438,128044000
AAPL,2019-03-12,45,45.66749954223633,44.842498779296875,45.227500915527344,43.07091522216797,180.91000366210938,129870400
AAPL,2019-03-13,45.5625,45.82500076293945,45.22999954223633,45.4275016784668,43.261375427246094,181.7100067138672,124130000
AAPL,2019-03-14,45.974998474121094,46.025001525878906,45.63999938964844,45.932498931884766,43.742305755615234,183.72999572753906,94318000
AAPL,2019-03-15,46.212501525878906,46.83250045776367,45.935001373291016,46.529998779296875,44.311317443847656,186.1199951171875,156171600
AAPL,2019-03-18,46.45000076293945,47.09749984741211,46.4474983215332,47.005001068115234,44.76365280151367,188.02000427246094,104879200
AAPL,2019-03-19,47.087501525878906,47.247501373291016,46.47999954223633,46.63249969482422,44.40892028808594,186.52999877929688,126585600
AAPL,2019-03-20,46.557498931884766,47.372501373291016,46.182498931884766,47.040000915527344,44.797000885009766,188.16000366210938,124140800
AAPL,2019-03-21,47.505001068115234,49.08250045776367,47.45249938964844,48.772499084472656,46.44688415527344,195.08999633789063,204136800
AAPL,2019-03-22,48.834999084472656,49.42250061035156,47.69499969482422,47.76250076293945,45.48503875732422,191.0500030517578,169630800
AAPL,2019-03-25,47.877498626708984,47.994998931884766,46.650001525878906,47.185001373291016,44.93507766723633,188.74000549316406,175381200
AAPL,2019-03-26,47.915000915527344,48.220001220703125,46.14500045776367,46.6974983215332,44.470829010009766,186.7899932861328,199202000
AAPL,2019-03-27,47.1875,47.439998626708984,46.63750076293945,47.11750030517578,44.87079620361328,188.47000122070313,119393600
AAPL,2019-03-28,47.23749923706055,47.38999938964844,46.88249969482422,47.18000030517578,44.930320739746094,188.72000122070313,83121600
AAPL,2019-03-29,47.45750045776367,47.52000045776367,47.1349983215332,47.48749923706055,45.22313690185547,189.9499969482422,94256000
AAPL,2019-04-01,47.90999984741211,47.91999816894531,47.095001220703125,47.810001373291016,45.53028106689453,191.24000549316406,111448000
AAPL,2019-04-02,47.772499084472656,48.6150016784668,47.76250076293945,48.505001068115234,46.192142486572266,194.02000427246094,91062800
AAPL,2019-04-03,48.3125,49.125,48.287498474121094,48.837501525878906,46.5087776184082,195.35000610351563,93087200
AAPL,2019-04-04,48.6974983215332,49.092498779296875,48.28499984741211,48.92250061035156,46.589725494384766,195.69000244140625,76457200
AAPL,2019-04-05,49.11249923706055,49.275001525878906,48.98249816894531,49.25,46.901615142822266,197,74106400
AAPL,2019-04-08,49.10499954223633,50.057498931884766,49.084999084472656,50.025001525878906,47.63965606689453,200.10000610351563,103526800
AAPL,2019-04-09,50.08000183105469,50.712501525878906,49.807498931884766,49.875,47.4968147277832,199.5,143072800
AAPL,2019-04-10,49.66999816894531,50.185001373291016,49.54499816894531,50.154998779296875,47.76346206665039,200.6199951171875,86781200
AAPL,2019-04-11,50.212501525878906,50.25,49.61000061035156,49.73749923706055,47.36587142944336,198.9499969482422,83603200
AAPL,2019-04-12,49.79999923706055,50.03499984741211,49.0525016784668,49.717498779296875,47.3468132019043,198.8699951171875,111042800
AAPL,2019-04-15,49.64500045776367,49.962501525878906,49.502498626708984,49.807498931884766,47.432525634765625,199.22999572753906,70146400
AAPL,2019-04-16,49.8650016784668,50.342498779296875,49.63999938964844,49.8125,47.437286376953125,199.25,102785600
AAPL,2019-04-17,49.8849983215332,50.845001220703125,49.65250015258789,50.782501220703125,48.36104965209961,203.1300048828125,115627200
AAPL,2019-04-18,50.779998779296875,51.037498474121094,50.630001068115234,50.96500015258789,48.53484344482422,203.86000061035156,96783200
AAPL,2019-04-22,50.70750045776367,51.23500061035156,50.584999084472656,51.13249969482422,48.69435501098633,204.52999877929688,77758000
AAPL,2019-04-23,51.10749816894531,51.9375,50.974998474121094,51.869998931884766,49.39669418334961,207.47999572753906,93292000
AAPL,2019-04-24,51.84000015258789,52.119998931884766,51.76250076293945,51.790000915527344,49.32049560546875,207.16000366210938,70162400
AAPL,2019-04-25,51.70750045776367,51.939998626708984,51.279998779296875,51.31999969482422,48.87290954589844,205.27999877929688,74172800
AAPL,2019-04-26,51.224998474121094,51.25,50.529998779296875,51.07500076293945,48.639583587646484,204.3000030517578,74596400
AAPL,2019-04-29,51.099998474121094,51.49250030517578,50.96500015258789,51.15250015258789,48.71339416503906,204.61000061035156,88818800
AAPL,2019-04-30,50.76499938964844,50.849998474121094,49.77750015258789,50.16749954223633,47.77537155151367,200.6699981689453,186139600
AAPL,2019-05-01,52.470001220703125,53.82749938964844,52.307498931884766,52.630001068115234,50.120445251464844,210.52000427246094,259309200
AAPL,2019-05-02,52.459999084472656,53.162498474121094,52.032501220703125,52.287498474121094,49.794273376464844,209.14999389648438,127985200
AAPL,2019-05-03,52.72249984741211,52.959999084472656,52.557498931884766,52.9375,50.41328430175781,211.75,83569600
AAPL,2019-05-06,51.0724983215332,52.209999084472656,50.875,52.119998931884766,49.634765625,208.47999572753906,129772400
AAPL,2019-05-07,51.470001220703125,51.85499954223633,50.20750045776367,50.71500015258789,48.29676055908203,202.86000061035156,155054800
AAPL,2019-05-08,50.474998474121094,51.334999084472656,50.4375,50.724998474121094,48.306278228759766,202.89999389648438,105358000
AAPL,2019-05-09,50.099998474121094,50.41999816894531,49.165000915527344,50.18000030517578,47.78728103637695,200.72000122070313,139634400
AAPL,2019-05-10,49.35499954223633,49.712501525878906,48.192501068115234,49.29499816894531,47.125247955322266,197.17999267578125,164834800
AAPL,2019-05-13,46.9275016784668,47.369998931884766,45.712501525878906,46.43000030517578,44.3863525390625,185.72000122070313,229722400
AAPL,2019-05-14,46.602500915527344,47.42499923706055,46.352500915527344,47.165000915527344,45.0890007019043,188.66000366210938,146118800
AAPL,2019-05-15,46.567501068115234,47.9375,46.505001068115234,47.72999954223633,45.62913513183594,190.9199981689453,106178800
AAPL,2019-05-16,47.477500915527344,48.11750030517578,47.209999084472656,47.52000045776367,45.428375244140625,190.0800018310547,132125600
AAPL,2019-05-17,46.73249816894531,47.724998474121094,46.689998626708984,47.25,45.17026138305664,189,131516400
AAPL,2019-05-20,45.880001068115234,46.087501525878906,45.06999969482422,45.772499084472656,43.7578010559082,183.08999633789063,154449200
AAPL,2019-05-21,46.30500030517578,47,46.17499923706055,46.650001525878906,44.596675872802734,186.60000610351563,113459200
AAPL,2019-05-22,46.165000915527344,46.4275016784668,45.63750076293945,45.69499969482422,43.68370819091797,182.77999877929688,118994400
AAPL,2019-05-23,44.95000076293945,45.1349983215332,44.45249938964844,44.915000915527344,42.93803405761719,179.66000366210938,146118800
AAPL,2019-05-24,45.04999923706055,45.53499984741211,44.654998779296875,44.74250030517578,42.77312469482422,178.97000122070313,94858800
AAPL,2019-05-28,44.72999954223633,45.147499084472656,44.477500915527344,44.557498931884766,42.59627151489258,178.22999572753906,111792800
AAPL,2019-05-29,44.10499954223633,44.837501525878906,44,44.345001220703125,42.393123626708984,177.3800048828125,113924800
AAPL,2019-05-30,44.48749923706055,44.807498931884766,44.16749954223633,44.57500076293945,42.61301040649414,178.3000030517578,84873600
AAPL,2019-05-31,44.057498931884766,44.497501373291016,43.747501373291016,43.76750183105469,41.84104919433594,175.07000732421875,108174400
AAPL,2019-06-03,43.900001525878906,44.47999954223633,42.567501068115234,43.32500076293945,41.41801834106445,173.3000030517578,161584400
AAPL,2019-06-04,43.86000061035156,44.95750045776367,43.630001068115234,44.90999984741211,42.93326187133789,179.63999938964844,123872000
AAPL,2019-06-05,46.06999969482422,46.247501373291016,45.28499984741211,45.6349983215332,43.6263542175293,182.5399932861328,119093600
AAPL,2019-06-06,45.77000045776367,46.36750030517578,45.537498474121094,46.30500030517578,44.266841888427734,185.22000122070313,90105200
AAPL,2019-06-07,46.627498626708984,47.97999954223633,46.442501068115234,47.537498474121094,45.445106506347656,190.14999389648438,122737600
AAPL,2019-06-10,47.95249938964844,48.842498779296875,47.904998779296875,48.14500045776367,46.02586364746094,192.5800018310547,104883600
AAPL,2019-06-11,48.71500015258789,49,48.400001525878906,48.70249938964844,46.558837890625,194.80999755859375,107731600
AAPL,2019-06-12,48.48749923706055,48.99250030517578,48.34749984741211,48.54750061035156,46.410648345947266,194.19000244140625,73012800
AAPL,2019-06-13,48.67499923706055,49.1974983215332,48.400001525878906,48.537498474121094,46.401092529296875,194.14999389648438,86698400
AAPL,2019-06-14,47.88750076293945,48.397499084472656,47.57500076293945,48.185001373291016,46.064117431640625,192.74000549316406,75046000
AAPL,2019-06-17,48.224998474121094,48.7400016784668,48.04249954223633,48.47249984741211,46.33896255493164,193.88999938964844,58676400
AAPL,2019-06-18,49.01250076293945,50.0724983215332,48.8025016784668,49.61249923706055,47.42877960205078,198.4499969482422,106204000
AAPL,2019-06-19,49.91999816894531,49.970001220703125,49.32749938964844,49.467498779296875,47.2901496887207,197.8699951171875,84496800
AAPL,2019-06-20,50.092498779296875,50.15250015258789,49.50749969482422,49.8650016784668,47.670166015625,199.4600067138672,86056000
AAPL,2019-06-21,49.70000076293945,50.212501525878906,49.537498474121094,49.69499969482422,47.50763702392578,198.77999877929688,191202400
AAPL,2019-06-24,49.6349983215332,50.040000915527344,49.54249954223633,49.64500045776367,47.4598503112793,198.5800018310547,72881600
AAPL,2019-06-25,49.60749816894531,49.814998626708984,48.8224983215332,48.89250183105469,46.74047088623047,195.57000732421875,84281200
AAPL,2019-06-26,49.442501068115234,50.247501373291016,49.337501525878906,49.95000076293945,47.75141906738281,199.8000030517578,104270000
AAPL,2019-06-27,50.0724983215332,50.39250183105469,49.89250183105469,49.935001373291016,47.737083435058594,199.74000549316406,83598800
AAPL,2019-06-28,49.66999816894531,49.875,49.26250076293945,49.47999954223633,47.3021125793457,197.9199981689453,124442400
AAPL,2019-07-01,50.79249954223633,51.122501373291016,50.162498474121094,50.38750076293945,48.1696662902832,201.5500030517578,109012000
AAPL,2019-07-02,50.352500915527344,50.782501220703125,50.34000015258789,50.682498931884766,48.451683044433594,202.72999572753906,67740800
AAPL,2019-07-03,50.81999969482422,51.11000061035156,50.67250061035156,51.102500915527344,48.85319519042969,204.41000366210938,45448000
AAPL,2019-07-05,50.837501525878906,51.27000045776367,50.724998474121094,51.057498931884766,48.81017303466797,204.22999572753906,69062000
AAPL,2019-07-08,50.20249938964844,50.349998474121094,49.602500915527344,50.005001068115234,47.803993225097656,200.02000427246094,101354400
AAPL,2019-07-09,49.79999923706055,50.377498626708984,49.70249938964844,50.310001373291016,48.095577239990234,201.24000549316406,82312000
AAPL,2019-07-10,50.462501525878906,50.932498931884766,50.38999938964844,50.807498931884766,48.5711784362793,203.22999572753906,71588400
AAPL,2019-07-11,50.82749938964844,51.09749984741211,50.4275016784668,50.4375,48.21746063232422,201.75,80767200
AAPL,2019-07-12,50.61249923706055,51,50.54999923706055,50.82500076293945,48.58790588378906,203.3000030517578,70380800
AAPL,2019-07-15,51.022499084472656,51.467498779296875,51,51.3025016784668,49.04439163208008,205.2100067138672,67789600
AAPL,2019-07-16,51.147499084472656,51.52750015258789,50.875,51.125,48.87471008300781,204.5,67467200
AAPL,2019-07-17,51.01250076293945,51.272499084472656,50.817501068115234,50.837501525878906,48.59986877441406,203.35000610351563,56430000
AAPL,2019-07-18,51,51.470001220703125,50.92499923706055,51.415000915527344,49.15194320678711,205.66000366210938,74162400
AAPL,2019-07-19,51.4474983215332,51.625,50.59000015258789,50.647499084472656,48.41822814941406,202.58999633789063,83717200
AAPL,2019-07-22,50.912498474121094,51.807498931884766,50.90250015258789,51.80500030517578,49.5247688293457,207.22000122070313,89111600
AAPL,2019-07-23,52.1150016784668,52.227500915527344,51.8224983215332,52.209999084472656,49.91193771362305,208.83999633789063,73420800
AAPL,2019-07-24,51.91749954223633,52.287498474121094,51.79249954223633,52.16749954223633,49.87131881713867,208.6699981689453,59966400
AAPL,2019-07-25,52.22249984741211,52.310001373291016,51.682498931884766,51.755001068115234,49.47697067260742,207.02000427246094,55638400
AAPL,2019-07-26,51.869998931884766,52.432498931884766,51.78499984741211,51.935001373291016,49.64905548095703,207.74000549316406,70475600
AAPL,2019-07-29,52.1150016784668,52.65999984741211,52.11000061035156,52.41999816894531,50.11270523071289,209.67999267578125,86693600
AAPL,2019-07-30,52.189998626708984,52.540000915527344,51.82749938964844,52.19499969482422,49.897605895996094,208.77999877929688,135742800
AAPL,2019-07-31,54.10499954223633,55.342498779296875,52.82500076293945,53.2599983215332,50.91572952270508,213.0399932861328,277125600
AAPL,2019-08-01,53.474998474121094,54.50749969482422,51.685001373291016,52.10749816894531,49.81395721435547,208.42999267578125,216071600
AAPL,2019-08-02,51.38249969482422,51.60749816894531,50.407501220703125,51.005001068115234,48.759979248046875,204.02000427246094,163448400
AAPL,2019-08-05,49.497501373291016,49.662498474121094,48.14500045776367,48.334999084472656,46.2075080871582,193.33999633789063,209572000
AAPL,2019-08-06,49.07749938964844,49.51750183105469,48.5099983215332,49.25,47.08222579956055,197,143299200
AAPL,2019-08-07,48.852500915527344,49.88999938964844,48.45500183105469,49.7599983215332,47.569786071777344,199.0399932861328,133457600
AAPL,2019-08-08,50.04999923706055,50.88249969482422,49.84749984741211,50.85749816894531,48.61897277832031,203.42999267578125,108038000
AAPL,2019-08-09,50.32500076293945,50.689998626708984,49.8224983215332,50.247501373291016,48.21833419799805,200.99000549316406,98478800
AAPL,2019-08-12,49.904998779296875,50.51250076293945,49.787498474121094,50.119998931884766,48.095985412597656,200.47999572753906,89927600
AAPL,2019-08-13,50.255001068115234,53.03499984741211,50.119998931884766,52.24250030517578,50.13276672363281,208.97000122070313,188874000
AAPL,2019-08-14,50.790000915527344,51.61000061035156,50.647499084472656,50.6875,48.64057159423828,202.75,146189600
AAPL,2019-08-15,50.8650016784668,51.28499984741211,49.91749954223633,50.435001373291016,48.39826965332031,201.74000549316406,108909600
AAPL,2019-08-16,51.06999969482422,51.790000915527344,50.959999084472656,51.625,49.54021453857422,206.5,110481600
AAPL,2019-08-19,52.654998779296875,53.182498931884766,52.50749969482422,52.587501525878906,50.463844299316406,210.35000610351563,97654400
AAPL,2019-08-20,52.720001220703125,53.337501525878906,52.58000183105469,52.59000015258789,50.46622848510742,210.36000061035156,107537200
AAPL,2019-08-21,53.247501373291016,53.412498474121094,52.900001525878906,53.15999984741211,51.013221740722656,212.63999938964844,86141600
AAPL,2019-08-22,53.29750061035156,53.61000061035156,52.6875,53.1150016784668,50.97003936767578,212.4600067138672,89014800
AAPL,2019-08-23,52.35749816894531,53.01250076293945,50.25,50.65999984741211,48.614173889160156,202.63999938964844,187272000
AAPL,2019-08-26,51.46500015258789,51.79750061035156,51.26499938964844,51.622501373291016,49.53780746459961,206.49000549316406,104174400
AAPL,2019-08-27,51.96500015258789,52.13750076293945,50.88249969482422,51.040000915527344,48.97883224487305,204.16000366210938,103493200
AAPL,2019-08-28,51.025001525878906,51.43000030517578,50.83000183105469,51.38249969482422,49.30750274658203,205.52999877929688,63755200
AAPL,2019-08-29,52.125,52.33000183105469,51.665000915527344,52.252498626708984,50.142372131347656,209.00999450683594,83962000
AAPL,2019-08-30,52.540000915527344,52.61249923706055,51.79999923706055,52.185001373291016,50.07759094238281,208.74000549316406,84573600
AAPL,2019-09-03,51.60749816894531,51.744998931884766,51.05500030517578,51.42499923706055,49.34828186035156,205.6999969482422,80092000
AAPL,2019-09-04,52.09749984741211,52.369998931884766,51.83000183105469,52.29750061035156,50.1855583190918,209.19000244140625,76752400
AAPL,2019-09-05,53,53.49250030517578,52.877498626708984,53.31999969482422,51.1667594909668,213.27999877929688,95654800
AAPL,2019-09-06,53.51250076293945,53.60499954223633,53.127498626708984,53.314998626708984,51.16196823120117,213.25999450683594,77449200
AAPL,2019-09-09,53.709999084472656,54.11000061035156,52.76750183105469,53.54249954223633,51.38027572631836,214.1699981689453,109237600
AAPL,2019-09-10,53.46500015258789,54.19499969482422,52.9275016784668,54.17499923706055,51.98722839355469,216.6999969482422,127111600
AAPL,2019-09-11,54.51750183105469,55.9275016784668,54.432498931884766,55.897499084472656,53.64016342163086,223.58999633789063,177158400
AAPL,2019-09-12,56.20000076293945,56.60499954223633,55.71500015258789,55.772499084472656,53.52021408081055,223.08999633789063,128906800
AAPL,2019-09-13,55,55.1974983215332,54.255001068115234,54.6875,52.479034423828125,218.75,159053200
AAPL,2019-09-16,54.432498931884766,55.032501220703125,54.38999938964844,54.974998474121094,52.754913330078125,219.89999389648438,84632400
AAPL,2019-09-17,54.9900016784668,55.20500183105469,54.779998779296875,55.17499923706055,52.946842193603516,220.6999969482422,73274800
AAPL,2019-09-18,55.26499938964844,55.712501525878906,54.86000061035156,55.692501068115234,53.44345474243164,222.77000427246094,101360000
AAPL,2019-09-19,55.502498626708984,55.939998626708984,55.092498779296875,55.2400016784668,53.00922775268555,220.9600067138672,88242400
AAPL,2019-09-20,55.345001220703125,55.63999938964844,54.36750030517578,54.432498931884766,52.23432540893555,217.72999572753906,221652400
AAPL,2019-09-23,54.73749923706055,54.959999084472656,54.412498474121094,54.68000030517578,52.47183609008789,218.72000122070313,76662000
AAPL,2019-09-24,55.25749969482422,55.622501373291016,54.29750061035156,54.41999816894531,52.22233200073242,217.67999267578125,124763200
AAPL,2019-09-25,54.63750076293945,55.375,54.28499984741211,55.25749969482422,53.02601623535156,221.02999877929688,87613600
AAPL,2019-09-26,55,55.23500061035156,54.70750045776367,54.97249984741211,52.75252151489258,219.88999938964844,75334000
AAPL,2019-09-27,55.1349983215332,55.2400016784668,54.31999969482422,54.70500183105469,52.49583435058594,218.82000732421875,101408000
AAPL,2019-09-30,55.224998474121094,56.14500045776367,55.1974983215332,55.99250030517578,53.7313346862793,223.97000122070313,103909600
AAPL,2019-10-01,56.26750183105469,57.05500030517578,56.04999923706055,56.147499084472656,53.880069732666016,224.58999633789063,139223200
AAPL,2019-10-02,55.76499938964844,55.89500045776367,54.48249816894531,54.7400016784668,52.5294189453125,218.9600067138672,138449200
AAPL,2019-10-03,54.60749816894531,55.2400016784668,53.782501220703125,55.20500183105469,52.97563552856445,220.82000732421875,114426000
AAPL,2019-10-04,56.40999984741211,56.872501373291016,55.97249984741211,56.752498626708984,54.460636138916016,227.00999450683594,138478800
AAPL,2019-10-07,56.567501068115234,57.48249816894531,56.459999084472656,56.76499938964844,54.47264099121094,227.05999755859375,122306000
AAPL,2019-10-08,56.45500183105469,57.01499938964844,56.08250045776367,56.099998474121094,53.83448791503906,224.39999389648438,111820000
AAPL,2019-10-09,56.75749969482422,56.9474983215332,56.40999984741211,56.75749969482422,54.465450286865234,227.02999877929688,74770400
AAPL,2019-10-10,56.98249816894531,57.61000061035156,56.82500076293945,57.522499084472656,55.19954299926758,230.08999633789063,113013600
AAPL,2019-10-11,58.23749923706055,59.40999984741211,58.07749938964844,59.0525016784668,56.66775894165039,236.2100067138672,166795600
AAPL,2019-10-14,58.724998474121094,59.532501220703125,58.66749954223633,58.967498779296875,56.5861930847168,235.8699951171875,96427600
AAPL,2019-10-15,59.09749984741211,59.412498474121094,58.720001220703125,58.83000183105469,56.454246520996094,235.32000732421875,87360000
AAPL,2019-10-16,58.342498779296875,58.810001373291016,58.29999923706055,58.592498779296875,56.22633743286133,234.3699951171875,73903200
AAPL,2019-10-17,58.772499084472656,59.037498474121094,58.380001068115234,58.81999969482422,56.44465255737305,235.27999877929688,67585200
AAPL,2019-10-18,58.647499084472656,59.39500045776367,58.5724983215332,59.102500915527344,56.71574020385742,236.41000366210938,97433600
AAPL,2019-10-21,59.380001068115234,60.247501373291016,59.33000183105469,60.127498626708984,57.69934844970703,240.50999450683594,87247200
AAPL,2019-10-22,60.290000915527344,60.54999923706055,59.904998779296875,59.9900016784668,57.56740951538086,239.9600067138672,82293600
AAPL,2019-10-23,60.525001525878906,60.810001373291016,60.30500030517578,60.79499816894531,58.33989334106445,243.17999267578125,75828800
AAPL,2019-10-24,61.127498626708984,61.20000076293945,60.45249938964844,60.89500045776367,58.43585968017578,243.5800018310547,69275200
AAPL,2019-10-25,60.790000915527344,61.682498931884766,60.720001220703125,61.64500045776367,59.15555953979492,246.5800018310547,73477200
AAPL,2019-10-28,61.85499954223633,62.3125,61.68000030517578,62.26250076293945,59.74813461303711,249.0500030517578,96572800
AAPL,2019-10-29,62.24250030517578,62.4375,60.64250183105469,60.8224983215332,58.36627960205078,243.2899932861328,142839600
AAPL,2019-10-30,61.189998626708984,61.32500076293945,60.3025016784668,60.814998626708984,58.35906982421875,243.25999450683594,124522000
AAPL,2019-10-31,61.810001373291016,62.29249954223633,59.314998626708984,62.189998626708984,59.678550720214844,248.75999450683594,139162000
AAPL,2019-11-01,62.3849983215332,63.98249816894531,62.290000915527344,63.95500183105469,61.37227249145508,255.82000732421875,151125200
AAPL,2019-11-04,64.3324966430664,64.4625015258789,63.845001220703125,64.375,61.77531433105469,257.5,103272000
AAPL,2019-11-05,64.26249694824219,64.54750061035156,64.08000183105469,64.282501220703125,61.68655014038086,257.1300048828125,79897600
AAPL,2019-11-06,64.19249725341797,64.37249755859375,63.842498779296875,64.30999755859375,61.71294403076172,257.239990234375,75864400
AAPL,2019-11-07,64.68499755859375,65.0875015258789,64.527496337890625,64.85749816894531,62.425193786621094,259.42999267578125,94940400
AAPL,2019-11-08,64.67250061035156,65.11000061035156,64.2125015258789,65.035003662109375,62.59604263305664,260.1400146484375,69986400
AAPL,2019-11-11,64.57499694824219,65.61750030517578,64.56999969482422,65.55000305175781,63.09172058105469,262.20001220703125,81821200
AAPL,2019-11-12,65.38749694824219,65.69750213623047,65.2300033569336,65.48999786376953,63.033992767333984,261.9599914550781,87388800
AAPL,2019-11-13,65.282501220703125,66.19499969482422,65.26750183105469,66.11750030517578,63.637935638427734,264.4700012207031,102734400
AAPL,2019-11-14,65.9375,66.220001220703125,65.5250015258789,65.660003662109375,63.197593688964844,262.6400146484375,89182800
AAPL,2019-11-15,65.91999816894531,66.44499969482422,65.75250244140625,66.44000244140625,63.948360443115234,265.760009765625,100206400
AAPL,2019-11-18,66.44999694824219,66.85749816894531,66.05750274658203,66.7750015258789,64.27079772949219,267.1000061035156,86703200
AAPL,2019-11-19,66.9749984741211,67,66.347503662109375,66.57250213623047,64.07588195800781,266.2900085449219,76167200
AAPL,2019-11-20,66.38500213623047,66.5199966430664,65.0999984741211,65.79750061035156,63.32992935180664,263.19000244140625,106234400
AAPL,2019-11-21,65.92250061035156,66.00250244140625,65.29499816894531,65.50250244140625,63.0460090637207,262.010009765625,121395200
AAPL,2019-11-22,65.64749908447266,65.79499816894531,65.20999908447266,65.44499969482422,62.99065017700195,261.7799987792969,65325200
AAPL,2019-11-25,65.67749786376953,66.61000061035156,65.62999725341797,66.592498779296875,64.09513092041016,266.3699951171875,84020400
AAPL,2019-11-26,66.73500061035156,66.79000091552734,65.625,66.07250213623047,63.59463119506836,264.2900085449219,105207600
AAPL,2019-11-27,66.3949966430664,66.99500274658203,66.32749938964844,66.95999908447266,64.44883728027344,267.8399963378906,65235600
AAPL,2019-11-29,66.6500015258789,67,66.4749984741211,66.8125,64.30686950683594,267.25,46617600
AAPL,2019-12-02,66.81749725341797,67.0625,65.86250305175781,66.04000091552734,63.56333923339844,264.1600036621094,94487200
AAPL,2019-12-03,64.57749938964844,64.88249969482422,64.07250213623047,64.86250305175781,62.43001174926758,259.45001220703125,114430400
AAPL,2019-12-04,65.26750183105469,65.82749938964844,65.16999816894531,65.43499755859375,62.98103332519531,261.739990234375,67181600
AAPL,2019-12-05,65.94750213623047,66.472503662109375,65.68250274658203,66.3949966430664,63.90503692626953,265.5799865722656,74424400
AAPL,2019-12-06,66.87000274658203,67.75,66.82499694824219,67.67749786376953,65.1394271850586,270.7099914550781,106075600
AAPL,2019-12-09,67.5,67.69999694824219,66.22750091552734,66.7300033569336,64.22746276855469,266.9200134277344,128042400
AAPL,2019-12-10,67.1500015258789,67.51750183105469,66.464996337890625,67.12000274658203,64.60284423828125,268.4800109863281,90420400
AAPL,2019-12-11,67.20249938964844,67.7750015258789,67.125,67.69249725341797,65.15386199951172,270.7699890136719,78756800
AAPL,2019-12-12,66.94499969482422,68.13999938964844,66.83000183105469,67.86499786376953,65.31988525390625,271.4599914550781,137310400
AAPL,2019-12-13,67.86499786376953,68.82499694824219,67.73249816894531,68.7874984741211,66.207794189453125,275.1499938964844,133587600
AAPL,2019-12-16,69.25,70.19750213623047,69.24500274658203,69.964996337890625,67.34114837646484,279.8599853515625,128186000
AAPL,2019-12-17,69.89250183105469,70.44249725341797,69.69999694824219,70.10250091552734,67.47349548339844,280.4100036621094,114158400
AAPL,2019-12-18,69.94999694824219,70.4749984741211,69.779998779296875,69.93499755859375,67.31226348876953,279.739990234375,116028400
AAPL,2019-12-19,69.875,70.29499816894531,69.73750305175781,70.00499725341797,67.37965393066406,280.0199890136719,98369200
AAPL,2019-12-20,70.55750274658203,70.6624984741211,69.63999938964844,69.86000061035156,67.24007415771484,279.44000244140625,275978000
AAPL,2019-12-23,70.13249969482422,71.0625,70.092498779296875,71,68.33732604980469,284,98572000
AAPL,2019-12-24,71.17250061035156,71.222503662109375,70.7300033569336,71.06749725341797,68.40229034423828,284.2699890136719,48478800
AAPL,2019-12-26,71.20500183105469,72.49500274658203,71.17500305175781,72.47750091552734,69.7594223022461,289.9100036621094,93121200
AAPL,2019-12-27,72.779998779296875,73.49250030517578,72.029998779296875,72.44999694824219,69.73297882080078,289.79998779296875,146266000
AAPL,2019-12-30,72.36499786376953,73.17250061035156,71.30500030517578,72.87999725341797,70.14683532714844,291.5199890136719,144114400
AAPL,2019-12-31,72.48249816894531,73.41999816894531,72.37999725341797,73.4124984741211,70.65933990478516,293.6499938964844,100805600
AAPL,2020-01-02,74.05999755859375,75.1500015258789,73.79750061035156,75.0875015258789,72.27154541015625,300.3500061035156,135480400
AAPL,2020-01-03,74.2874984741211,75.1449966430664,74.125,74.35749816894531,71.56893157958984,297.42999267578125,146322800
AAPL,2020-01-06,73.44750213623047,74.98999786376953,73.1875,74.94999694824219,72.13921356201172,299.79998779296875,118387200
AAPL,2020-01-07,74.95999908447266,75.2249984741211,74.37000274658203,74.597503662109375,71.7999267578125,298.3900146484375,108872000
AAPL,2020-01-08,74.29000091552734,76.11000061035156,74.29000091552734,75.79750061035156,72.9549331665039,303.19000244140625,132079200
AAPL,2020-01-09,76.80999755859375,77.60749816894531,76.55000305175781,77.407501220703125,74.5045394897461,309.6300048828125,170108400
AAPL,2020-01-10,77.6500015258789,78.1675033569336,77.0625,77.5824966430664,74.67298126220703,310.3299865722656,140644800
AAPL,2020-01-13,77.910003662109375,79.26750183105469,77.7874984741211,79.23999786376953,76.26830291748047,316.9599914550781,121532000
AAPL,2020-01-14,79.17500305175781,79.39250183105469,78.0425033569336,78.16999816894531,75.2384262084961,312.67999267578125,161954400
AAPL,2020-01-15,77.9625015258789,78.875,77.38749694824219,77.83499908447266,74.916015625,311.3399963378906,121923600
AAPL,2020-01-16,78.39749908447266,78.92500305175781,78.02249908447266,78.80999755859375,75.85444641113281,315.239990234375,108829200
AAPL,2020-01-17,79.06749725341797,79.68499755859375,78.75,79.68250274658203,76.694244384765625,318.7300109863281,137816400
AAPL,2020-01-21,79.29750061035156,79.75499725341797,79,79.14250183105469,76.17447662353516,316.57000732421875,110843200
AAPL,2020-01-22,79.6449966430664,79.99749755859375,79.32749938964844,79.42500305175781,76.44635772705078,317.70001220703125,101832400
AAPL,2020-01-23,79.4800033569336,79.88999938964844,78.9124984741211,79.80750274658203,76.81452941894531,319.2300109863281,104472000
AAPL,2020-01-24,80.0625,80.8324966430664,79.37999725341797,79.57749938964844,76.59317779541016,318.30999755859375,146537600
AAPL,2020-01-27,77.51499938964844,77.94249725341797,76.220001220703125,77.23750305175781,74.3409194946289,308.95001220703125,161940000
AAPL,2020-01-28,78.1500015258789,79.5999984741211,78.04750061035156,79.42250061035156,76.44397735595703,317.69000244140625,162234000
AAPL,2020-01-29,81.11250305175781,81.9625015258789,80.345001220703125,81.08499908447266,78.04411315917969,324.3399963378906,216229200
AAPL,2020-01-30,80.13500213623047,81.02249908447266,79.6875,80.967498779296875,77.9310302734375,323.8699951171875,126743200
AAPL,2020-01-31,80.23249816894531,80.66999816894531,77.07250213623047,77.37750244140625,74.47566223144531,309.510009765625,199588400
AAPL,2020-02-03,76.07499694824219,78.37249755859375,75.55500030517578,77.16500091552734,74.27112579345703,308.6600036621094,173788400
AAPL,2020-02-04,78.82749938964844,79.910003662109375,78.407501220703125,79.7125015258789,76.72309112548828,318.8500061035156,136616400
AAPL,2020-02-05,80.87999725341797,81.19000244140625,79.73750305175781,80.36250305175781,77.348724365234375,321.45001220703125,118826800
AAPL,2020-02-06,80.64250183105469,81.30500030517578,80.06500244140625,81.30249786376953,78.25347137451172,325.2099914550781,105425600
AAPL,2020-02-07,80.592498779296875,80.8499984741211,79.5,80.00749969482422,77.1897964477539,320.0299987792969,117684000
AAPL,2020-02-10,78.54499816894531,80.38749694824219,78.4625015258789,80.38749694824219,77.55641174316406,321.54998779296875,109348800
AAPL,2020-02-11,80.9000015258789,80.9749984741211,79.67749786376953,79.902496337890625,77.08848571777344,319.6099853515625,94323200
AAPL,2020-02-12,80.36750030517578,81.80500030517578,80.36750030517578,81.80000305175781,78.91915130615234,327.20001220703125,113730400
AAPL,2020-02-13,81.04750061035156,81.55500030517578,80.8375015258789,81.217498779296875,78.357177734375,324.8699951171875,94747600
AAPL,2020-02-14,81.18499755859375,81.49500274658203,80.7125015258789,81.23750305175781,78.37646484375,324.95001220703125,80113600
AAPL,2020-02-18,78.839996337890625,79.9375,78.652496337890625,79.75,76.94135284423828,319,152531200
AAPL,2020-02-19,80,81.14250183105469,80,80.904998779296875,78.0556640625,323.6199951171875,93984000
AAPL,2020-02-20,80.657501220703125,81.1624984741211,79.55249786376953,80.07499694824219,77.25489044189453,320.29998779296875,100566000
AAPL,2020-02-21,79.654998779296875,80.11250305175781,77.625,78.26249694824219,75.5062484741211,313.04998779296875,129554000
AAPL,2020-02-24,74.31500244140625,76.04499816894531,72.30750274658203,74.54499816894531,71.91966247558594,298.17999267578125,222195200
AAPL,2020-02-25,75.23750305175781,75.63249969482422,71.532501220703125,72.0199966430664,69.48359680175781,288.0799865722656,230673600
AAPL,2020-02-26,71.63249969482422,74.470001220703125,71.625,73.1624984741211,70.58586120605469,292.6499938964844,198054800
AAPL,2020-02-27,70.2750015258789,71.5,68.23999786376953,68.37999725341797,65.9717788696289,273.5199890136719,320605600
AAPL,2020-02-28,64.31500244140625,69.60250091552734,64.092498779296875,68.339996337890625,65.933197021484375,273.3599853515625,426510000
AAPL,2020-03-02,70.56999969482422,75.36000061035156,69.43000030517578,74.70249938964844,72.071624755859375,298.80999755859375,341397200
AAPL,2020-03-03,75.9175033569336,76,71.44999694824219,72.33000183105469,69.782684326171875,289.32000732421875,319475600
AAPL,2020-03-04,74.11000061035156,75.8499984741211,73.282501220703125,75.68499755859375,73.0195083618164,302.739990234375,219178400
AAPL,2020-03-05,73.87999725341797,74.88749694824219,72.85250091552734,73.2300033569336,70.6509780883789,292.9200134277344,187572800
AAPL,2020-03-06,70.5,72.70500183105469,70.30750274658203,72.25749969482422,69.71273040771484,289.0299987792969,226176800
AAPL,2020-03-09,65.9375,69.52249908447266,65.75,66.5425033569336,64.19901275634766,266.1700134277344,286744800
AAPL,2020-03-10,69.285003662109375,71.61000061035156,67.342498779296875,71.33499908447266,68.82270812988281,285.3399963378906,285290000
AAPL,2020-03-11,69.347503662109375,70.30500030517578,67.964996337890625,68.85749816894531,66.43247985839844,275.42999267578125,255598800
AAPL,2020-03-12,63.98500061035156,67.5,62,62.057498931884766,59.8719482421875,248.22999572753906,418474000
AAPL,2020-03-13,66.222503662109375,69.9800033569336,63.23749923706055,69.49250030517578,67.04512786865234,277.9700012207031,370732000
AAPL,2020-03-16,60.48749923706055,64.7699966430664,60,60.5525016784668,58.419952392578125,242.2100067138672,322423600
AAPL,2020-03-17,61.877498626708984,64.402496337890625,59.599998474121094,63.21500015258789,60.98868942260742,252.86000061035156,324056000
AAPL,2020-03-18,59.942501068115234,62.5,59.279998779296875,61.66749954223633,59.495689392089844,246.6699981689453,300233600
AAPL,2020-03-19,61.84749984741211,63.209999084472656,60.65250015258789,61.19499969482422,59.03982925415039,244.77999877929688,271857200
AAPL,2020-03-20,61.79499816894531,62.95750045776367,57,57.310001373291016,55.29164505004883,229.24000549316406,401693200
AAPL,2020-03-23,57.02000045776367,57.125,53.15250015258789,56.092498779296875,54.11703872680664,224.3699951171875,336752800
AAPL,2020-03-24,59.09000015258789,61.92250061035156,58.57500076293945,61.720001220703125,59.546348571777344,246.8800048828125,287531200
AAPL,2020-03-25,62.6875,64.5625,61.07500076293945,61.380001068115234,59.218326568603516,245.52000427246094,303602000
AAPL,2020-03-26,61.630001068115234,64.66999816894531,61.59000015258789,64.61000061035156,62.334564208984375,258.44000244140625,252087200
AAPL,2020-03-27,63.1875,63.967498779296875,61.76250076293945,61.935001373291016,59.7537727355957,247.74000549316406,204216800
AAPL,2020-03-30,62.685001373291016,63.880001068115234,62.349998474121094,63.70249938964844,61.459014892578125,254.80999755859375,167976400
AAPL,2020-03-31,63.900001525878906,65.62249755859375,63,63.5724983215332,61.33360290527344,254.2899932861328,197002000
AAPL,2020-04-01,61.625,62.18000030517578,59.782501220703125,60.227500915527344,58.106407165527344,240.91000366210938,176218400
AAPL,2020-04-02,60.084999084472656,61.287498474121094,59.224998474121094,61.23249816894531,59.07600784301758,244.92999267578125,165934000
AAPL,2020-04-03,60.70000076293945,61.42499923706055,59.74250030517578,60.352500915527344,58.22699737548828,241.41000366210938,129880000
AAPL,2020-04-06,62.724998474121094,65.777496337890625,62.345001220703125,65.61750030517578,63.306575775146484,262.4700012207031,201820400
AAPL,2020-04-07,67.69999694824219,67.92500305175781,64.75,64.85749816894531,62.573333740234375,259.42999267578125,202887200
AAPL,2020-04-08,65.68499755859375,66.842498779296875,65.30750274658203,66.51750183105469,64.17488861083984,266.07000732421875,168895200
AAPL,2020-04-09,67.17500305175781,67.51750183105469,66.17500305175781,66.99749755859375,64.637969970703125,267.989990234375,161834800
AAPL,2020-04-13,67.07749938964844,68.42500305175781,66.4574966430664,68.3125,65.90666198730469,273.25,131022800
AAPL,2020-04-14,70,72.0625,69.51249694824219,71.76249694824219,69.23516082763672,287.04998779296875,194994800
AAPL,2020-04-15,70.5999984741211,71.5824966430664,70.157501220703125,71.10749816894531,68.60321807861328,284.42999267578125,131154400
AAPL,2020-04-16,71.845001220703125,72.05000305175781,70.5875015258789,71.67250061035156,69.148345947265625,286.69000244140625,157125200
AAPL,2020-04-17,71.17250061035156,71.73750305175781,69.214996337890625,70.69999694824219,68.21007537841797,282.79998779296875,215250000
AAPL,2020-04-20,69.48750305175781,70.41999816894531,69.2125015258789,69.23249816894531,66.79427337646484,276.92999267578125,130015200
AAPL,2020-04-21,69.06999969482422,69.3125,66.35749816894531,67.092498779296875,64.72962951660156,268.3699951171875,180991600
AAPL,2020-04-22,68.402496337890625,69.4749984741211,68.05000305175781,69.0250015258789,66.59407806396484,276.1000061035156,116862400
AAPL,2020-04-23,68.967498779296875,70.4375,68.717498779296875,68.75749969482422,66.33600616455078,275.0299987792969,124814400
AAPL,2020-04-24,69.30000305175781,70.75250244140625,69.25,70.74250030517578,68.2510757446289,282.9700012207031,126161200
AAPL,2020-04-27,70.44999694824219,71.13500213623047,69.98750305175781,70.7925033569336,68.29935455322266,283.1700134277344,117087600
AAPL,2020-04-28,71.2699966430664,71.4574966430664,69.55000305175781,69.6449966430664,67.1922378540039,278.5799865722656,112004800
AAPL,2020-04-29,71.18250274658203,72.4175033569336,70.972503662109375,71.93250274658203,69.39918518066406,287.7300109863281,137280800
AAPL,2020-04-30,72.48999786376953,73.63249969482422,72.0875015258789,73.44999694824219,70.86322021484375,293.79998779296875,183064000
AAPL,2020-05-01,71.5625,74.75,71.4625015258789,72.26750183105469,69.722381591796875,289.07000732421875,240616800
AAPL,2020-05-04,72.2925033569336,73.42250061035156,71.58000183105469,73.29000091552734,70.70886993408203,293.1600036621094,133568000
AAPL,2020-05-05,73.76499938964844,75.25,73.61499786376953,74.38999938964844,71.77012634277344,297.55999755859375,147751200
AAPL,2020-05-06,75.11499786376953,75.80999755859375,74.717498779296875,75.157501220703125,72.510589599609375,300.6300048828125,142333600
AAPL,2020-05-07,75.80500030517578,76.2925033569336,75.49250030517578,75.93499755859375,73.26072692871094,303.739990234375,115215200
AAPL,2020-05-08,76.410003662109375,77.5875015258789,76.07250213623047,77.532501220703125,75.00445556640625,310.1300048828125,133838400
AAPL,2020-05-11,77.0250015258789,79.26249694824219,76.80999755859375,78.75250244140625,76.18467712402344,315.010009765625,145946400
AAPL,2020-05-12,79.4574966430664,79.92250061035156,77.72750091552734,77.85250091552734,75.31402587890625,311.4100036621094,162301200
AAPL,2020-05-13,78.0374984741211,78.98750305175781,75.80249786376953,76.9124984741211,74.4046630859375,307.6499938964844,200622400
AAPL,2020-05-14,76.12750244140625,77.44750213623047,75.38249969482422,77.38500213623047,74.86174774169922,309.5400085449219,158929200
AAPL,2020-05-15,75.0875015258789,76.9749984741211,75.05249786376953,76.92749786376953,74.41917419433594,307.7099914550781,166348400
AAPL,2020-05-18,78.2925033569336,79.125,77.58000183105469,78.73999786376953,76.17256927490234,314.9599914550781,135178400
AAPL,2020-05-19,78.75749969482422,79.62999725341797,78.25250244140625,78.285003662109375,75.73241424560547,313.1400146484375,101729600
AAPL,2020-05-20,79.16999816894531,79.87999725341797,79.12999725341797,79.80750274658203,77.20526123046875,319.2300109863281,111504800
AAPL,2020-05-21,79.66500091552734,80.222503662109375,78.967498779296875,79.2125015258789,76.629669189453125,316.8500061035156,102688800
AAPL,2020-05-22,78.94249725341797,79.80750274658203,78.8375015258789,79.722503662109375,77.1230239868164,318.8900146484375,81803200
AAPL,2020-05-26,80.875,81.05999755859375,79.125,79.18250274658203,76.60065460205078,316.7300109863281,125522000
AAPL,2020-05-27,79.035003662109375,79.67749786376953,78.27249908447266,79.527496337890625,76.93439483642578,318.1099853515625,112945200
AAPL,2020-05-28,79.19249725341797,80.86000061035156,78.907501220703125,79.5625,76.96826171875,318.25,133560800
AAPL,2020-05-29,79.8125,80.2874984741211,79.11750030517578,79.48500061035156,76.893280029296875,317.94000244140625,153532400
AAPL,2020-06-01,79.4375,80.5875015258789,79.30249786376953,80.4625015258789,77.83890533447266,321.8500061035156,80791200
AAPL,2020-06-02,80.1875,80.86000061035156,79.73249816894531,80.83499908447266,78.19925689697266,323.3399963378906,87642800
AAPL,2020-06-03,81.16500091552734,81.55000305175781,80.57499694824219,81.279998779296875,78.62975311279297,325.1199951171875,104491200
AAPL,2020-06-04,81.097503662109375,81.404998779296875,80.19499969482422,80.58000183105469,77.95255279541016,322.32000732421875,87560400
AAPL,2020-06-05,80.8375015258789,82.9375,80.80750274658203,82.875,80.1727523803711,331.5,137250400
AAPL,2020-06-08,82.5625,83.4000015258789,81.83000183105469,83.36499786376953,80.646759033203125,333.4599914550781,95654400
AAPL,2020-06-09,83.035003662109375,86.402496337890625,83.00250244140625,85.99749755859375,83.19343566894531,343.989990234375,147712400
AAPL,2020-06-10,86.9749984741211,88.69249725341797,86.52249908447266,88.20999908447266,85.333770751953125,352.8399963378906,166651600
AAPL,2020-06-11,87.32749938964844,87.76499938964844,83.87000274658203,83.9749984741211,81.23687744140625,335.8999938964844,201662400
AAPL,2020-06-12,86.18000030517578,86.94999694824219,83.55500030517578,84.69999694824219,81.93824005126953,338.79998779296875,200146000
AAPL,2020-06-15,83.3125,86.41999816894531,83.1449966430664,85.74749755859375,82.95159149169922,342.989990234375,138808800
AAPL,2020-06-16,87.86499786376953,88.30000305175781,86.18000030517578,88.0199966430664,85.14996337890625,352.0799865722656,165428800
AAPL,2020-06-17,88.7874984741211,88.8499984741211,87.77249908447266,87.89749908447266,85.03147888183594,351.5899963378906,114406400
AAPL,2020-06-18,87.85250091552734,88.36250305175781,87.30500030517578,87.93250274658203,85.065338134765625,351.7300109863281,96820400
AAPL,2020-06-19,88.660003662109375,89.13999938964844,86.2874984741211,87.43000030517578,84.57920837402344,349.7200012207031,264476000
AAPL,2020-06-22,87.83499908447266,89.86499786376953,87.7874984741211,89.717498779296875,86.79215240478516,358.8699951171875,135445200
AAPL,2020-06-23,91,93.095001220703125,90.56749725341797,91.63249969482422,88.64469146728516,366.5299987792969,212155600
AAPL,2020-06-24,91.25,92.19750213623047,89.62999725341797,90.01499938964844,87.079925537109375,360.05999755859375,192623200
AAPL,2020-06-25,90.17500305175781,91.25,89.39250183105469,91.20999908447266,88.235992431640625,364.8399963378906,137522400
AAPL,2020-06-26,91.10250091552734,91.33000183105469,88.25499725341797,88.407501220703125,85.52484130859375,353.6300048828125,205256800
AAPL,2020-06-29,88.3125,90.5425033569336,87.81999969482422,90.44499969482422,87.49592590332031,361.7799987792969,130646000
AAPL,2020-06-30,90.0199966430664,91.49500274658203,90,91.19999694824219,88.22631072998047,364.79998779296875,140223200
AAPL,2020-07-01,91.279998779296875,91.839996337890625,90.97750091552734,91.027496337890625,88.0594253540039,364.1099853515625,110737200
AAPL,2020-07-02,91.9625015258789,92.61750030517578,90.910003662109375,91.027496337890625,88.0594253540039,364.1099853515625,114041600
AAPL,2020-07-06,92.5,93.94499969482422,92.467498779296875,93.4625015258789,90.4150390625,373.8500061035156,118655600
AAPL,2020-07-07,93.85250091552734,94.654998779296875,93.05750274658203,93.17250061035156,90.134490966796875,372.69000244140625,112424400
AAPL,2020-07-08,94.18000030517578,95.375,94.089996337890625,95.342498779296875,92.233734130859375,381.3699951171875,117092000
AAPL,2020-07-09,96.26249694824219,96.31749725341797,94.67250061035156,95.75250244140625,92.630340576171875,383.010009765625,125642800
AAPL,2020-07-10,95.33499908447266,95.9800033569336,94.70500183105469,95.91999816894531,92.79239654541016,383.67999267578125,90257200
AAPL,2020-07-13,97.26499938964844,99.95500183105469,95.25749969482422,95.47750091552734,92.36433410644531,381.9100036621094,191649200
AAPL,2020-07-14,94.839996337890625,97.25499725341797,93.87750244140625,97.05750274658203,93.8927993774414,388.2300109863281,170989200
AAPL,2020-07-15,98.98999786376953,99.24749755859375,96.48999786376953,97.7249984741211,94.53853607177734,390.8999938964844,153198000
AAPL,2020-07-16,96.5625,97.404998779296875,95.904998779296875,96.52249908447266,93.37523651123047,386.0899963378906,110577600
AAPL,2020-07-17,96.98750305175781,97.14749908447266,95.839996337890625,96.32749938964844,93.186614990234375,385.30999755859375,92186800
AAPL,2020-07-20,96.4175033569336,98.5,96.0625,98.35749816894531,95.15040588378906,393.42999267578125,90318000
AAPL,2020-07-21,99.17250061035156,99.25,96.74250030517578,97,93.8371810913086,388,103433200
AAPL,2020-07-22,96.69249725341797,97.9749984741211,96.60250091552734,97.27249908447266,94.10079193115234,389.0899963378906,89001600
AAPL,2020-07-23,96.99749755859375,97.07749938964844,92.01000213623047,92.845001220703125,89.817657470703125,371.3800048828125,197004400
AAPL,2020-07-24,90.98750305175781,92.970001220703125,89.1449966430664,92.61499786376953,89.59514617919922,370.4599914550781,185438800
AAPL,2020-07-27,93.70999908447266,94.904998779296875,93.4800033569336,94.80999755859375,91.71858978271484,379.239990234375,121214000
AAPL,2020-07-28,94.36750030517578,94.55000305175781,93.24749755859375,93.25250244140625,90.21187591552734,373.010009765625,103625600
AAPL,2020-07-29,93.75,95.2300033569336,93.7125015258789,95.04000091552734,91.941070556640625,380.1600036621094,90329200
AAPL,2020-07-30,94.1875,96.29750061035156,93.76750183105469,96.19000244140625,93.05360412597656,384.760009765625,158130000
AAPL,2020-07-31,102.88500213623047,106.41500091552734,100.82499694824219,106.26000213623047,102.79523468017578,425.0400085449219,374336800
AAPL,2020-08-03,108.19999694824219,111.63749694824219,107.89250183105469,108.9375,105.38545227050781,435.75,308151200
AAPL,2020-08-04,109.13249969482422,110.79000091552734,108.38749694824219,109.66500091552734,106.08922576904297,438.6600036621094,173071600
AAPL,2020-08-05,109.37750244140625,110.39250183105469,108.89749908447266,110.0625,106.4737548828125,440.25,121776800
AAPL,2020-08-06,110.40499877929688,114.4124984741211,109.79750061035156,113.90249633789063,110.18853759765625,455.6099853515625,202428800
AAPL,2020-08-07,113.20500183105469,113.67500305175781,110.2925033569336,111.11250305175781,107.68334197998047,444.45001220703125,198045600
AAPL,2020-08-10,112.5999984741211,113.7750015258789,110,112.72750091552734,109.24848937988281,450.9100036621094,212403600
AAPL,2020-08-11,111.97000122070313,112.48249816894531,109.10749816894531,109.375,105.99945068359375,437.5,187902400
AAPL,2020-08-12,110.49749755859375,113.2750015258789,110.29750061035156,113.01000213623047,109.52227783203125,452.0400085449219,165598000
AAPL,2020-08-13,114.43000030517578,116.0425033569336,113.92749786376953,115.01000213623047,111.46054077148438,460.0400085449219,210082000
AAPL,2020-08-14,114.83000183105469,115,113.04499816894531,114.90750122070313,111.3612060546875,459.6300048828125,165565200
AAPL,2020-08-17,116.0625,116.0875015258789,113.9625015258789,114.60749816894531,111.07047271728516,458.42999267578125,119561600
AAPL,2020-08-18,114.35250091552734,116,114.00749969482422,115.5625,111.99597930908203,462.25,105633600
AAPL,2020-08-19,115.98249816894531,117.1624984741211,115.61000061035156,115.7074966430664,112.13652801513672,462.8299865722656,145538000
AAPL,2020-08-20,115.75,118.39250183105469,115.73249816894531,118.2750015258789,114.62479400634766,473.1000061035156,126907200
AAPL,2020-08-21,119.26249694824219,124.86750030517578,119.25,124.37000274658203,120.53168487548828,497.4800109863281,338054800
AAPL,2020-08-24,128.69749450683594,128.78500366210938,123.9375,125.85749816894531,121.97327423095703,503.42999267578125,345937600
AAPL,2020-08-25,124.69750213623047,125.18000030517578,123.05249786376953,124.82499694824219,120.97262573242188,499.29998779296875,211495600
AAPL,2020-08-26,126.18000030517578,126.99250030517578,125.0824966430664,126.52249908447266,122.61772155761719,506.0899963378906,163022400
AAPL,2020-08-27,127.14250183105469,127.48500061035156,123.8324966430664,125.01000213623047,121.15190887451172,500.0400085449219,155552400
AAPL,2020-08-28,126.01249694824219,126.44249725341797,124.57749938964844,124.80750274658203,120.9556884765625,499.2300109863281,187630000
AAPL,2020-08-31,127.58000183105469,131,126,129.0399932861328,125.05752563476563,129.0399932861328,225702700
AAPL,2020-09-01,132.75999450683594,134.8000030517578,130.52999877929688,134.17999267578125,130.03887939453125,134.17999267578125,151948100
AAPL,2020-09-02,137.58999633789063,137.97999572753906,127,131.39999389648438,127.3447265625,131.39999389648438,200119000
AAPL,2020-09-03,126.91000366210938,128.83999633789063,120.5,120.87999725341797,117.1493911743164,120.87999725341797,257599600
AAPL,2020-09-04,120.06999969482422,123.69999694824219,110.88999938964844,120.95999908447266,117.22691345214844,120.95999908447266,332607200
AAPL,2020-09-08,113.94999694824219,118.98999786376953,112.68000030517578,112.81999969482422,109.33811950683594,112.81999969482422,231366600
AAPL,2020-09-09,117.26000213623047,119.13999938964844,115.26000213623047,117.31999969482422,113.69925689697266,117.31999969482422,176940500
AAPL,2020-09-10,120.36000061035156,120.5,112.5,113.48999786376953,109.98746490478516,113.48999786376953,182274400
AAPL,2020-09-11,114.56999969482422,115.2300033569336,110,112,108.54344940185547,112,180860300
AAPL,2020-09-14,114.72000122070313,115.93000030517578,112.80000305175781,115.36000061035156,111.79975128173828,115.36000061035156,140150100
AAPL,2020-09-15,118.33000183105469,118.83000183105469,113.61000061035156,115.54000091552734,111.97418975830078,115.54000091552734,184642000
AAPL,2020-09-16,115.2300033569336,116,112.04000091552734,112.12999725341797,108.6694107055664,112.12999725341797,154679000
AAPL,2020-09-17,109.72000122070313,112.19999694824219,108.70999908447266,110.33999633789063,106.9346694946289,110.33999633789063,178011000
AAPL,2020-09-18,110.4000015258789,110.87999725341797,106.08999633789063,106.83999633789063,103.54269409179688,106.83999633789063,287104900
AAPL,2020-09-21,104.54000091552734,110.19000244140625,103.0999984741211,110.08000183105469,106.68267822265625,110.08000183105469,195713800
AAPL,2020-09-22,112.68000030517578,112.86000061035156,109.16000366210938,111.80999755859375,108.35929870605469,111.80999755859375,183055400
AAPL,2020-09-23,111.62000274658203,112.11000061035156,106.7699966430664,107.12000274658203,103.81404876708984,107.12000274658203,150718700
AAPL,2020-09-24,105.16999816894531,110.25,105,108.22000122070313,104.88009643554688,108.22000122070313,167743300
AAPL,2020-09-25,108.43000030517578,112.44000244140625,107.66999816894531,112.27999877929688,108.81480407714844,112.27999877929688,149981400
AAPL,2020-09-28,115.01000213623047,115.31999969482422,112.77999877929688,114.95999908447266,111.41210174560547,114.95999908447266,137672400
AAPL,2020-09-29,114.55000305175781,115.30999755859375,113.56999969482422,114.08999633789063,110.56893157958984,114.08999633789063,99382200
AAPL,2020-09-30,113.79000091552734,117.26000213623047,113.62000274658203,115.80999755859375,112.2358627319336,115.80999755859375,142675200
AAPL,2020-10-01,117.63999938964844,117.72000122070313,115.83000183105469,116.79000091552734,113.18560028076172,116.79000091552734,116120400
AAPL,2020-10-02,112.88999938964844,115.37000274658203,112.22000122070313,113.0199966430664,109.53196716308594,113.0199966430664,144712000
AAPL,2020-10-05,113.91000366210938,116.6500015258789,113.55000305175781,116.5,112.9045639038086,116.5,106243800
AAPL,2020-10-06,115.69999694824219,116.12000274658203,112.25,113.16000366210938,109.66766357421875,113.16000366210938,161498200
AAPL,2020-10-07,114.62000274658203,115.55000305175781,114.12999725341797,115.08000183105469,111.52837371826172,115.08000183105469,96849000
AAPL,2020-10-08,116.25,116.4000015258789,114.58999633789063,114.97000122070313,111.42178344726563,114.97000122070313,83477200
AAPL,2020-10-09,115.27999877929688,117,114.91999816894531,116.97000122070313,113.36005401611328,116.97000122070313,100506900
AAPL,2020-10-12,120.05999755859375,125.18000030517578,119.27999877929688,124.4000015258789,120.56075286865234,124.4000015258789,240226800
AAPL,2020-10-13,125.2699966430664,125.38999938964844,119.6500015258789,121.0999984741211,117.36258697509766,121.0999984741211,262330500
AAPL,2020-10-14,121,123.02999877929688,119.62000274658203,121.19000244140625,117.44982147216797,121.19000244140625,150712000
AAPL,2020-10-15,118.72000122070313,121.19999694824219,118.1500015258789,120.70999908447266,116.98462677001953,120.70999908447266,112559200
AAPL,2020-10-16,121.27999877929688,121.55000305175781,118.80999755859375,119.0199966430664,115.34679412841797,119.0199966430664,115393800
AAPL,2020-10-19,119.95999908447266,120.41999816894531,115.66000366210938,115.9800033569336,112.40058898925781,115.9800033569336,120639300
AAPL,2020-10-20,116.19999694824219,118.9800033569336,115.62999725341797,117.51000213623047,113.88339233398438,117.51000213623047,124423700
AAPL,2020-10-21,116.66999816894531,118.70999908447266,116.44999694824219,116.87000274658203,113.26314544677734,116.87000274658203,89946000
AAPL,2020-10-22,117.44999694824219,118.04000091552734,114.58999633789063,115.75,112.17769622802734,115.75,101988000
AAPL,2020-10-23,116.38999938964844,116.55000305175781,114.27999877929688,115.04000091552734,111.48960876464844,115.04000091552734,82572600
AAPL,2020-10-26,114.01000213623047,116.55000305175781,112.87999725341797,115.05000305175781,111.49932098388672,115.05000305175781,111850700
AAPL,2020-10-27,115.48999786376953,117.27999877929688,114.54000091552734,116.5999984741211,113.00149536132813,116.5999984741211,92276800
AAPL,2020-10-28,115.05000305175781,115.43000030517578,111.0999984741211,111.19999694824219,107.76814270019531,111.19999694824219,143937800
AAPL,2020-10-29,112.37000274658203,116.93000030517578,112.19999694824219,115.31999969482422,111.7609634399414,115.31999969482422,146129200
AAPL,2020-10-30,111.05999755859375,111.98999786376953,107.72000122070313,108.86000061035156,105.50032806396484,108.86000061035156,190272600
AAPL,2020-11-02,109.11000061035156,110.68000030517578,107.31999969482422,108.7699966430664,105.4131088256836,108.7699966430664,122866900
AAPL,2020-11-03,109.66000366210938,111.48999786376953,108.7300033569336,110.44000244140625,107.03158569335938,110.44000244140625,107624400
AAPL,2020-11-04,114.13999938964844,115.58999633789063,112.3499984741211,114.94999694824219,111.40240478515625,114.94999694824219,138235500
AAPL,2020-11-05,117.94999694824219,119.62000274658203,116.87000274658203,119.02999877929688,115.3564682006836,119.02999877929688,126387100
AAPL,2020-11-06,118.31999969482422,119.19999694824219,116.12999725341797,118.69000244140625,115.22541046142578,118.69000244140625,114457900
AAPL,2020-11-09,120.5,121.98999786376953,116.05000305175781,116.31999969482422,112.92459869384766,116.31999969482422,154515300
AAPL,2020-11-10,115.55000305175781,117.58999633789063,114.12999725341797,115.97000122070313,112.5848159790039,115.97000122070313,138023400
AAPL,2020-11-11,117.19000244140625,119.62999725341797,116.44000244140625,119.48999786376953,116.0020751953125,119.48999786376953,112295000
AAPL,2020-11-12,119.62000274658203,120.52999877929688,118.56999969482422,119.20999908447266,115.73021697998047,119.20999908447266,103162300
AAPL,2020-11-13,119.44000244140625,119.66999816894531,117.87000274658203,119.26000213623047,115.7787857055664,119.26000213623047,81581900
AAPL,2020-11-16,118.91999816894531,120.98999786376953,118.1500015258789,120.30000305175781,116.78842163085938,120.30000305175781,91183000
AAPL,2020-11-17,119.55000305175781,120.66999816894531,118.95999908447266,119.38999938964844,115.90498352050781,119.38999938964844,74271000
AAPL,2020-11-18,118.61000061035156,119.81999969482422,118,118.02999877929688,114.58468627929688,118.02999877929688,76322100
AAPL,2020-11-19,117.58999633789063,119.05999755859375,116.80999755859375,118.63999938964844,115.17687225341797,118.63999938964844,74113000
AAPL,2020-11-20,118.63999938964844,118.7699966430664,117.29000091552734,117.33999633789063,113.91483306884766,117.33999633789063,73604300
AAPL,2020-11-23,117.18000030517578,117.62000274658203,113.75,113.8499984741211,110.52669525146484,113.8499984741211,127959300
AAPL,2020-11-24,113.91000366210938,115.8499984741211,112.58999633789063,115.16999816894531,111.80817413330078,115.16999816894531,113874200
AAPL,2020-11-25,115.55000305175781,116.75,115.16999816894531,116.02999877929688,112.6430435180664,116.02999877929688,76499200
AAPL,2020-11-27,116.56999969482422,117.48999786376953,116.22000122070313,116.58999633789063,113.18672180175781,116.58999633789063,46691300
AAPL,2020-11-30,116.97000122070313,120.97000122070313,116.80999755859375,119.05000305175781,115.57489013671875,119.05000305175781,169410200
AAPL,2020-12-01,121.01000213623047,123.47000122070313,120.01000213623047,122.72000122070313,119.13778686523438,122.72000122070313,127728200
AAPL,2020-12-02,122.0199966430664,123.37000274658203,120.88999938964844,123.08000183105469,119.48728942871094,123.08000183105469,89004200
AAPL,2020-12-03,123.5199966430664,123.77999877929688,122.20999908447266,122.94000244140625,119.35134887695313,122.94000244140625,78967600
AAPL,2020-12-04,122.5999984741211,122.86000061035156,121.5199966430664,122.25,118.68150329589844,122.25,78260400
AAPL,2020-12-07,122.30999755859375,124.56999969482422,122.25,123.75,120.13770294189453,123.75,86712000
AAPL,2020-12-08,124.37000274658203,124.9800033569336,123.08999633789063,124.37999725341797,120.74931335449219,124.37999725341797,82225500
AAPL,2020-12-09,124.52999877929688,125.94999694824219,121,121.77999877929688,118.22521209716797,121.77999877929688,115089200
AAPL,2020-12-10,120.5,123.87000274658203,120.1500015258789,123.23999786376953,119.64260864257813,123.23999786376953,81312200
AAPL,2020-12-11,122.43000030517578,122.76000213623047,120.55000305175781,122.41000366210938,118.83682250976563,122.41000366210938,86939800
AAPL,2020-12-14,122.5999984741211,123.3499984741211,121.54000091552734,121.77999877929688,118.22521209716797,121.77999877929688,79184500
AAPL,2020-12-15,124.33999633789063,127.9000015258789,124.12999725341797,127.87999725341797,124.14714813232422,127.87999725341797,157243700
AAPL,2020-12-16,127.41000366210938,128.3699951171875,126.55999755859375,127.80999755859375,124.0792007446289,127.80999755859375,98208600
AAPL,2020-12-17,128.89999389648438,129.5800018310547,128.0399932861328,128.6999969482422,124.9432373046875,128.6999969482422,94359800
AAPL,2020-12-18,128.9600067138672,129.10000610351563,126.12000274658203,126.66000366210938,122.96277618408203,126.66000366210938,192541500
AAPL,2020-12-21,125.0199966430664,128.30999755859375,123.44999694824219,128.22999572753906,124.48694610595703,128.22999572753906,121251600
AAPL,2020-12-22,131.61000061035156,134.41000366210938,129.64999389648438,131.8800048828125,128.0304412841797,131.8800048828125,168904800
AAPL,2020-12-23,132.16000366210938,132.42999267578125,130.77999877929688,130.9600067138672,127.13725280761719,130.9600067138672,88223700
AAPL,2020-12-24,131.32000732421875,133.4600067138672,131.10000610351563,131.97000122070313,128.1177978515625,131.97000122070313,54930100
AAPL,2020-12-28,133.99000549316406,137.33999633789063,133.50999450683594,136.69000244140625,132.70001220703125,136.69000244140625,124486200
AAPL,2020-12-29,138.0500030517578,138.7899932861328,134.33999633789063,134.8699951171875,130.9330596923828,134.8699951171875,121047300
AAPL,2020-12-30,135.5800018310547,135.99000549316406,133.39999389648438,133.72000122070313,129.8166961669922,133.72000122070313,96452100
AAPL,2020-12-31,134.0800018310547,134.74000549316406,131.72000122070313,132.69000244140625,128.81674194335938,132.69000244140625,99116600
AAPL,2021-01-04,133.52000427246094,133.61000061035156,126.76000213623047,129.41000366210938,125.63251495361328,129.41000366210938,143301900
AAPL,2021-01-05,128.88999938964844,131.74000549316406,128.42999267578125,131.00999450683594,127.18577575683594,131.00999450683594,97664900
AAPL,2021-01-06,127.72000122070313,131.0500030517578,126.37999725341797,126.5999984741211,122.90452575683594,126.5999984741211,155088000
AAPL,2021-01-07,128.36000061035156,131.6300048828125,127.86000061035156,130.9199981689453,127.09841918945313,130.9199981689453,109578200
AAPL,2021-01-08,132.42999267578125,132.6300048828125,130.22999572753906,132.0500030517578,128.19541931152344,132.0500030517578,105158200
AAPL,2021-01-11,129.19000244140625,130.1699981689453,128.5,128.97999572753906,125.21501922607422,128.97999572753906,100384500
AAPL,2021-01-12,128.5,129.69000244140625,126.86000061035156,128.8000030517578,125.04029846191406,128.8000030517578,91951100
AAPL,2021-01-13,128.75999450683594,131.4499969482422,128.49000549316406,130.88999938964844,127.06927490234375,130.88999938964844,88636800
AAPL,2021-01-14,130.8000030517578,131,128.75999450683594,128.91000366210938,125.1470947265625,128.91000366210938,90221800
AAPL,2021-01-15,128.77999877929688,130.22000122070313,127,127.13999938964844,123.42876434326172,127.13999938964844,111598500
AAPL,2021-01-19,127.77999877929688,128.7100067138672,126.94000244140625,127.83000183105469,124.0986328125,127.83000183105469,90757300
AAPL,2021-01-20,128.66000366210938,132.49000549316406,128.5500030517578,132.02999877929688,128.17601013183594,132.02999877929688,104319500
AAPL,2021-01-21,133.8000030517578,139.6699981689453,133.58999633789063,136.8699951171875,132.8747100830078,136.8699951171875,120150900
AAPL,2021-01-22,136.27999877929688,139.85000610351563,135.02000427246094,139.07000732421875,135.0105438232422,139.07000732421875,114459400
AAPL,2021-01-25,143.07000732421875,145.08999633789063,136.5399932861328,142.9199981689453,138.7481689453125,142.9199981689453,157611700
AAPL,2021-01-26,143.60000610351563,144.3000030517578,141.3699951171875,143.16000366210938,138.98114013671875,143.16000366210938,98390600
AAPL,2021-01-27,143.42999267578125,144.3000030517578,140.41000366210938,142.05999755859375,137.9132537841797,142.05999755859375,140843800
AAPL,2021-01-28,139.52000427246094,141.99000549316406,136.6999969482422,137.08999633789063,133.08831787109375,137.08999633789063,142621100
AAPL,2021-01-29,135.8300018310547,136.74000549316406,130.2100067138672,131.9600067138672,128.1080780029297,131.9600067138672,177523800
AAPL,2021-02-01,133.75,135.3800048828125,130.92999267578125,134.13999938964844,130.2244110107422,134.13999938964844,106239800
AAPL,2021-02-02,135.72999572753906,136.30999755859375,134.61000061035156,134.99000549316406,131.04962158203125,134.99000549316406,83305400
AAPL,2021-02-03,135.75999450683594,135.77000427246094,133.61000061035156,133.94000244140625,130.0302276611328,133.94000244140625,89880900
AAPL,2021-02-04,136.3000030517578,137.39999389648438,134.58999633789063,137.38999938964844,133.37957763671875,137.38999938964844,84183100
AAPL,2021-02-05,137.35000610351563,137.4199981689453,135.86000061035156,136.75999450683594,132.96633911132813,136.75999450683594,75693800
AAPL,2021-02-08,136.02999877929688,136.9600067138672,134.9199981689453,136.91000366210938,133.11216735839844,136.91000366210938,71297200
AAPL,2021-02-09,136.6199951171875,137.8800048828125,135.85000610351563,136.00999450683594,132.2371368408203,136.00999450683594,76774200
AAPL,2021-02-10,136.47999572753906,136.99000549316406,134.39999389648438,135.38999938964844,131.6343231201172,135.38999938964844,73046600
AAPL,2021-02-11,135.89999389648438,136.38999938964844,133.77000427246094,135.1300048828125,131.38156127929688,135.1300048828125,64280000
AAPL,2021-02-12,134.35000610351563,135.52999877929688,133.69000244140625,135.3699951171875,131.61489868164063,135.3699951171875,60145100
AAPL,2021-02-16,135.49000549316406,136.00999450683594,132.7899932861328,133.19000244140625,129.495361328125,133.19000244140625,80576300
AAPL,2021-02-17,131.25,132.22000122070313,129.47000122070313,130.83999633789063,127.21060180664063,130.83999633789063,97918500
AAPL,2021-02-18,129.1999969482422,130,127.41000366210938,129.7100067138672,126.11193084716797,129.7100067138672,96856700
AAPL,2021-02-19,130.24000549316406,130.7100067138672,128.8000030517578,129.8699951171875,126.2674789428711,129.8699951171875,87668800
AAPL,2021-02-22,128.00999450683594,129.72000122070313,125.5999984741211,126,122.50482177734375,126,103916400
AAPL,2021-02-23,123.76000213623047,126.70999908447266,118.38999938964844,125.86000061035156,122.36871337890625,125.86000061035156,158273000
AAPL,2021-02-24,124.94000244140625,125.55999755859375,122.2300033569336,125.3499984741211,121.87285614013672,125.3499984741211,111039900
AAPL,2021-02-25,124.68000030517578,126.45999908447266,120.54000091552734,120.98999786376953,117.6338119506836,120.98999786376953,148199500
AAPL,2021-02-26,122.58999633789063,124.8499984741211,121.19999694824219,121.26000213623047,117.89630126953125,121.26000213623047,164560400
AAPL,2021-03-01,123.75,127.93000030517578,122.79000091552734,127.79000091552734,124.24517822265625,127.79000091552734,116307900
AAPL,2021-03-02,128.41000366210938,128.72000122070313,125.01000213623047,125.12000274658203,121.64923095703125,125.12000274658203,102260900
AAPL,2021-03-03,124.80999755859375,125.70999908447266,121.83999633789063,122.05999755859375,118.67410278320313,122.05999755859375,112966300
AAPL,2021-03-04,121.75,123.5999984741211,118.62000274658203,120.12999725341797,116.79765319824219,120.12999725341797,178155000
AAPL,2021-03-05,120.9800033569336,121.94000244140625,117.56999969482422,121.41999816894531,118.05186462402344,121.41999816894531,153766600
AAPL,2021-03-08,120.93000030517578,121,116.20999908447266,116.36000061035156,113.1322250366211,116.36000061035156,154376600
AAPL,2021-03-09,119.02999877929688,122.05999755859375,118.79000091552734,121.08999633789063,117.73103332519531,121.08999633789063,129525800
AAPL,2021-03-10,121.69000244140625,122.16999816894531,119.44999694824219,119.9800033569336,116.65180969238281,119.9800033569336,111943300
AAPL,2021-03-11,122.54000091552734,123.20999908447266,121.26000213623047,121.95999908447266,118.57687377929688,121.95999908447266,103026500
AAPL,2021-03-12,120.4000015258789,121.16999816894531,119.16000366210938,121.02999877929688,117.67268371582031,121.02999877929688,88105100
AAPL,2021-03-15,121.41000366210938,124,120.41999816894531,123.98999786376953,120.5505599975586,123.98999786376953,92403800
AAPL,2021-03-16,125.69999694824219,127.22000122070313,124.72000122070313,125.56999969482422,122.0867691040039,125.56999969482422,115227900
AAPL,2021-03-17,124.05000305175781,125.86000061035156,122.33999633789063,124.76000213623047,121.29922485351563,124.76000213623047,111932600
AAPL,2021-03-18,122.87999725341797,123.18000030517578,120.31999969482422,120.52999877929688,117.1865463256836,120.52999877929688,121229700
AAPL,2021-03-19,119.9000015258789,121.43000030517578,119.68000030517578,119.98999786376953,116.66152954101563,119.98999786376953,185549500
AAPL,2021-03-22,120.33000183105469,123.87000274658203,120.26000213623047,123.38999938964844,119.96723937988281,123.38999938964844,111912300
AAPL,2021-03-23,123.33000183105469,124.23999786376953,122.13999938964844,122.54000091552734,119.14080047607422,122.54000091552734,95467100
AAPL,2021-03-24,122.81999969482422,122.9000015258789,120.06999969482422,120.08999633789063,116.75875091552734,120.08999633789063,88530500
AAPL,2021-03-25,119.54000091552734,121.66000366210938,119,120.58999633789063,117.2448959350586,120.58999633789063,98844700
AAPL,2021-03-26,120.3499984741211,121.4800033569336,118.91999816894531,121.20999908447266,117.84770965576172,121.20999908447266,94071200
AAPL,2021-03-29,121.6500015258789,122.58000183105469,120.7300033569336,121.38999938964844,118.02269744873047,121.38999938964844,80819200
AAPL,2021-03-30,120.11000061035156,120.4000015258789,118.86000061035156,119.9000015258789,116.57403564453125,119.9000015258789,85671900
AAPL,2021-03-31,121.6500015258789,123.5199966430664,121.1500015258789,122.1500015258789,118.76163482666016,122.1500015258789,118323800
AAPL,2021-04-01,123.66000366210938,124.18000030517578,122.48999786376953,123,119.58804321289063,123,75089100
AAPL,2021-04-05,123.87000274658203,126.16000366210938,123.06999969482422,125.9000015258789,122.40760040283203,125.9000015258789,88651200
AAPL,2021-04-06,126.5,127.12999725341797,125.6500015258789,126.20999908447266,122.70899963378906,126.20999908447266,80171300
AAPL,2021-04-07,125.83000183105469,127.91999816894531,125.13999938964844,127.9000015258789,124.35212707519531,127.9000015258789,83466700
AAPL,2021-04-08,128.9499969482422,130.38999938964844,128.52000427246094,130.36000061035156,126.743896484375,130.36000061035156,88844600
AAPL,2021-04-09,129.8000030517578,133.0399932861328,129.47000122070313,133,129.31063842773438,133,106686700
AAPL,2021-04-12,132.52000427246094,132.85000610351563,130.6300048828125,131.24000549316406,127.5994644165039,131.24000549316406,91420000
AAPL,2021-04-13,132.44000244140625,134.66000366210938,131.92999267578125,134.42999267578125,130.70098876953125,134.42999267578125,91266500
AAPL,2021-04-14,134.94000244140625,135,131.66000366210938,132.02999877929688,128.36753845214844,132.02999877929688,87222800
AAPL,2021-04-15,133.82000732421875,135,133.63999938964844,134.5,130.76905822753906,134.5,89347100
AAPL,2021-04-16,134.3000030517578,134.6699981689453,133.27999877929688,134.16000366210938,130.43850708007813,134.16000366210938,84922400
AAPL,2021-04-19,133.50999450683594,135.47000122070313,133.33999633789063,134.83999633789063,131.099609375,134.83999633789063,94264200
AAPL,2021-04-20,135.02000427246094,135.52999877929688,131.80999755859375,133.11000061035156,129.41757202148438,133.11000061035156,94812300
AAPL,2021-04-21,132.36000061035156,133.75,131.3000030517578,133.5,129.79676818847656,133.5,68847100
AAPL,2021-04-22,133.0399932861328,134.14999389648438,131.41000366210938,131.94000244140625,128.280029296875,131.94000244140625,84566500
AAPL,2021-04-23,132.16000366210938,135.1199951171875,132.16000366210938,134.32000732421875,130.59402465820313,134.32000732421875,78657500
AAPL,2021-04-26,134.8300018310547,135.05999755859375,133.55999755859375,134.72000122070313,130.98292541503906,134.72000122070313,66905100
AAPL,2021-04-27,135.00999450683594,135.41000366210938,134.11000061035156,134.38999938964844,130.66209411621094,134.38999938964844,66015800
AAPL,2021-04-28,134.30999755859375,135.02000427246094,133.0800018310547,133.5800018310547,129.87454223632813,133.5800018310547,107760100
AAPL,2021-04-29,136.47000122070313,137.07000732421875,132.4499969482422,133.47999572753906,129.77734375,133.47999572753906,151101000
AAPL,2021-04-30,131.77999877929688,133.55999755859375,131.07000732421875,131.4600067138672,127.81334686279297,131.4600067138672,109839500
AAPL,2021-05-03,132.0399932861328,134.07000732421875,131.8300018310547,132.5399932861328,128.86343383789063,132.5399932861328,75135100
AAPL,2021-05-04,131.19000244140625,131.49000549316406,126.69999694824219,127.8499984741211,124.30349731445313,127.8499984741211,137564700
AAPL,2021-05-05,129.1999969482422,130.4499969482422,127.97000122070313,128.10000610351563,124.54657745361328,128.10000610351563,84000900
AAPL,2021-05-06,127.88999938964844,129.75,127.12999725341797,129.74000549316406,126.14107513427734,129.74000549316406,78128300
AAPL,2021-05-07,130.85000610351563,131.25999450683594,129.47999572753906,130.2100067138672,126.81309509277344,130.2100067138672,78973300
AAPL,2021-05-10,129.41000366210938,129.5399932861328,126.80999755859375,126.8499984741211,123.54074096679688,126.8499984741211,88071200
AAPL,2021-05-11,123.5,126.2699966430664,122.7699966430664,125.91000366210938,122.6252670288086,125.91000366210938,126142800
AAPL,2021-05-12,123.4000015258789,124.63999938964844,122.25,122.7699966430664,119.56717681884766,122.7699966430664,112172300
AAPL,2021-05-13,124.58000183105469,126.1500015258789,124.26000213623047,124.97000122070313,121.70977783203125,124.97000122070313,105861300
AAPL,2021-05-14,126.25,127.88999938964844,125.8499984741211,127.44999694824219,124.12508392333984,127.44999694824219,81918000
AAPL,2021-05-17,126.81999969482422,126.93000030517578,125.16999816894531,126.2699966430664,122.97586059570313,126.2699966430664,74244600
AAPL,2021-05-18,126.55999755859375,126.98999786376953,124.77999877929688,124.8499984741211,121.59291076660156,124.8499984741211,63342900
AAPL,2021-05-19,123.16000366210938,124.91999816894531,122.86000061035156,124.69000244140625,121.43708038330078,124.69000244140625,92612000
AAPL,2021-05-20,125.2300033569336,127.72000122070313,125.0999984741211,127.30999755859375,123.98872375488281,127.30999755859375,76857100
AAPL,2021-05-21,127.81999969482422,128,125.20999908447266,125.43000030517578,122.15777587890625,125.43000030517578,79295400
AAPL,2021-05-24,126.01000213623047,127.94000244140625,125.94000244140625,127.0999984741211,123.78421020507813,127.0999984741211,63092900
AAPL,2021-05-25,127.81999969482422,128.32000732421875,126.31999969482422,126.9000015258789,123.58943176269531,126.9000015258789,72009500
AAPL,2021-05-26,126.95999908447266,127.38999938964844,126.41999816894531,126.8499984741211,123.54074096679688,126.8499984741211,56575900
AAPL,2021-05-27,126.44000244140625,127.63999938964844,125.08000183105469,125.27999877929688,122.01168060302734,125.27999877929688,94625600
AAPL,2021-05-28,125.56999969482422,125.80000305175781,124.55000305175781,124.61000061035156,121.35918426513672,124.61000061035156,71311100
AAPL,2021-06-01,125.08000183105469,125.3499984741211,123.94000244140625,124.27999877929688,121.03777313232422,124.27999877929688,67637100
AAPL,2021-06-02,124.27999877929688,125.23999786376953,124.05000305175781,125.05999755859375,121.79740142822266,125.05999755859375,59278900
AAPL,2021-06-03,124.68000030517578,124.8499984741211,123.12999725341797,123.54000091552734,120.31707000732422,123.54000091552734,76229200
AAPL,2021-06-04,124.06999969482422,126.16000366210938,123.8499984741211,125.88999938964844,122.60578155517578,125.88999938964844,75169300
AAPL,2021-06-07,126.16999816894531,126.31999969482422,124.83000183105469,125.9000015258789,122.61551666259766,125.9000015258789,71057600
AAPL,2021-06-08,126.5999984741211,128.4600067138672,126.20999908447266,126.73999786376953,123.43360900878906,126.73999786376953,74403800
AAPL,2021-06-09,127.20999908447266,127.75,126.5199966430664,127.12999725341797,123.81343078613281,127.12999725341797,56877900
AAPL,2021-06-10,127.0199966430664,128.19000244140625,125.94000244140625,126.11000061035156,122.82002258300781,126.11000061035156,71186400
AAPL,2021-06-11,126.52999877929688,127.44000244140625,126.0999984741211,127.3499984741211,124.02767944335938,127.3499984741211,53522400
AAPL,2021-06-14,127.81999969482422,130.5399932861328,127.06999969482422,130.47999572753906,127.07604217529297,130.47999572753906,96906500
AAPL,2021-06-15,129.94000244140625,130.60000610351563,129.38999938964844,129.63999938964844,126.2579574584961,129.63999938964844,62746300
AAPL,2021-06-16,130.3699951171875,130.88999938964844,128.4600067138672,130.14999389648438,126.75464630126953,130.14999389648438,91815000
AAPL,2021-06-17,129.8000030517578,132.5500030517578,129.64999389648438,131.7899932861328,128.35186767578125,131.7899932861328,96721700
AAPL,2021-06-18,130.7100067138672,131.50999450683594,130.24000549316406,130.4600067138672,127.05655670166016,130.4600067138672,108953300
AAPL,2021-06-21,130.3000030517578,132.41000366210938,129.2100067138672,132.3000030517578,128.84857177734375,132.3000030517578,79663300
AAPL,2021-06-22,132.1300048828125,134.0800018310547,131.6199951171875,133.97999572753906,130.48471069335938,133.97999572753906,74783600
AAPL,2021-06-23,133.77000427246094,134.32000732421875,133.22999572753906,133.6999969482422,130.21205139160156,133.6999969482422,60214200
AAPL,2021-06-24,134.4499969482422,134.63999938964844,132.92999267578125,133.41000366210938,129.92958068847656,133.41000366210938,68711000
AAPL,2021-06-25,133.4600067138672,133.88999938964844,132.80999755859375,133.11000061035156,129.63739013671875,133.11000061035156,70783700
AAPL,2021-06-28,133.41000366210938,135.25,133.35000610351563,134.77999877929688,131.26382446289063,134.77999877929688,62111300
AAPL,2021-06-29,134.8000030517578,136.49000549316406,134.35000610351563,136.3300018310547,132.7734375,136.3300018310547,64556100
AAPL,2021-06-30,136.1699981689453,137.41000366210938,135.8699951171875,136.9600067138672,133.38699340820313,136.9600067138672,63261400
AAPL,2021-07-01,136.60000610351563,137.3300018310547,135.75999450683594,137.27000427246094,133.68893432617188,137.27000427246094,52485800
AAPL,2021-07-02,137.89999389648438,140,137.75,139.9600067138672,136.3087615966797,139.9600067138672,78852600
AAPL,2021-07-06,140.07000732421875,143.14999389648438,140.07000732421875,142.02000427246094,138.3149871826172,142.02000427246094,108181800
AAPL,2021-07-07,143.5399932861328,144.88999938964844,142.66000366210938,144.57000732421875,140.7984619140625,144.57000732421875,104911600
AAPL,2021-07-08,141.5800018310547,144.05999755859375,140.6699981689453,143.24000549316406,139.50314331054688,143.24000549316406,105575500
AAPL,2021-07-09,142.75,145.64999389648438,142.64999389648438,145.11000061035156,141.3243865966797,145.11000061035156,99890800
AAPL,2021-07-12,146.2100067138672,146.32000732421875,144,144.5,140.73028564453125,144.5,76299700
AAPL,2021-07-13,144.02999877929688,147.4600067138672,143.6300048828125,145.63999938964844,141.8404998779297,145.63999938964844,100827100
AAPL,2021-07-14,148.10000610351563,149.57000732421875,147.67999267578125,149.14999389648438,145.25897216796875,149.14999389648438,127050800
AAPL,2021-07-15,149.24000549316406,150,147.08999633789063,148.47999572753906,144.60641479492188,148.47999572753906,106820300
AAPL,2021-07-16,148.4600067138672,149.75999450683594,145.8800048828125,146.38999938964844,142.57093811035156,146.38999938964844,93251400
AAPL,2021-07-19,143.75,144.07000732421875,141.6699981689453,142.4499969482422,138.73374938964844,142.4499969482422,121434600
AAPL,2021-07-20,143.4600067138672,147.10000610351563,142.9600067138672,146.14999389648438,142.33724975585938,146.14999389648438,96350000
AAPL,2021-07-21,145.52999877929688,146.1300048828125,144.6300048828125,145.39999389648438,141.6067657470703,145.39999389648438,74993500
AAPL,2021-07-22,145.94000244140625,148.1999969482422,145.80999755859375,146.8000030517578,142.97027587890625,146.8000030517578,77338200
AAPL,2021-07-23,147.5500030517578,148.72000122070313,146.9199981689453,148.55999755859375,144.6843719482422,148.55999755859375,71447400
AAPL,2021-07-26,148.27000427246094,149.8300018310547,147.6999969482422,148.99000549316406,145.1031951904297,148.99000549316406,72434100
AAPL,2021-07-27,149.1199951171875,149.2100067138672,145.5500030517578,146.77000427246094,142.9410400390625,146.77000427246094,104818600
AAPL,2021-07-28,144.80999755859375,146.97000122070313,142.5399932861328,144.97999572753906,141.19775390625,144.97999572753906,118931200
AAPL,2021-07-29,144.69000244140625,146.5500030517578,144.5800018310547,145.63999938964844,141.8404998779297,145.63999938964844,56699500
AAPL,2021-07-30,144.3800048828125,146.3300018310547,144.11000061035156,145.86000061035156,142.05479431152344,145.86000061035156,70440600
AAPL,2021-08-02,146.36000061035156,146.9499969482422,145.25,145.52000427246094,141.72372436523438,145.52000427246094,62880000
AAPL,2021-08-03,145.80999755859375,148.0399932861328,145.17999267578125,147.36000061035156,143.51565551757813,147.36000061035156,64786600
AAPL,2021-08-04,147.27000427246094,147.7899932861328,146.27999877929688,146.9499969482422,143.11634826660156,146.9499969482422,56368300
AAPL,2021-08-05,146.97999572753906,147.83999633789063,146.1699981689453,147.05999755859375,143.2235107421875,147.05999755859375,46397700
AAPL,2021-08-06,146.35000610351563,147.11000061035156,145.6300048828125,146.13999938964844,142.5406951904297,146.13999938964844,54126800
AAPL,2021-08-09,146.1999969482422,146.6999969482422,145.52000427246094,146.08999633789063,142.491943359375,146.08999633789063,48908700
AAPL,2021-08-10,146.44000244140625,147.7100067138672,145.3000030517578,145.60000610351563,142.01405334472656,145.60000610351563,69023100
AAPL,2021-08-11,146.0500030517578,146.72000122070313,145.52999877929688,145.86000061035156,142.2676239013672,145.86000061035156,48493500
AAPL,2021-08-12,146.19000244140625,149.0500030517578,145.83999633789063,148.88999938964844,145.22300720214844,148.88999938964844,72282600
AAPL,2021-08-13,148.97000122070313,149.44000244140625,148.27000427246094,149.10000610351563,145.42784118652344,149.10000610351563,59375000
AAPL,2021-08-16,148.5399932861328,151.19000244140625,146.47000122070313,151.1199951171875,147.3980712890625,151.1199951171875,103296000
AAPL,2021-08-17,150.22999572753906,151.67999267578125,149.08999633789063,150.19000244140625,146.49098205566406,150.19000244140625,92229700
AAPL,2021-08-18,149.8000030517578,150.72000122070313,146.14999389648438,146.36000061035156,142.75534057617188,146.36000061035156,86326000
AAPL,2021-08-19,145.02999877929688,148,144.5,146.6999969482422,143.0869140625,146.6999969482422,86960300
AAPL,2021-08-20,147.44000244140625,148.5,146.77999877929688,148.19000244140625,144.54025268554688,148.19000244140625,60549600
AAPL,2021-08-23,148.30999755859375,150.19000244140625,147.88999938964844,149.7100067138672,146.02285766601563,149.7100067138672,60131800
AAPL,2021-08-24,149.4499969482422,150.86000061035156,149.14999389648438,149.6199951171875,145.93499755859375,149.6199951171875,48606400
AAPL,2021-08-25,149.80999755859375,150.32000732421875,147.8000030517578,148.36000061035156,144.70606994628906,148.36000061035156,58991300
AAPL,2021-08-26,148.35000610351563,149.1199951171875,147.50999450683594,147.5399932861328,143.90623474121094,147.5399932861328,48597200
AAPL,2021-08-27,147.47999572753906,148.75,146.8300018310547,148.60000610351563,144.94017028808594,148.60000610351563,55802400
AAPL,2021-08-30,149,153.49000549316406,148.61000061035156,153.1199951171875,149.3488311767578,153.1199951171875,90956700
AAPL,2021-08-31,152.66000366210938,152.8000030517578,151.2899932861328,151.8300018310547,148.09063720703125,151.8300018310547,86453100
AAPL,2021-09-01,152.8300018310547,154.97999572753906,152.33999633789063,152.50999450683594,148.75379943847656,152.50999450683594,80313700
AAPL,2021-09-02,153.8699951171875,154.72000122070313,152.39999389648438,153.64999389648438,149.86575317382813,153.64999389648438,71115500
AAPL,2021-09-03,153.75999450683594,154.6300048828125,153.08999633789063,154.3000030517578,150.49977111816406,154.3000030517578,57808700
AAPL,2021-09-07,154.97000122070313,157.25999450683594,154.38999938964844,156.69000244140625,152.83090209960938,156.69000244140625,82278300
AAPL,2021-09-08,156.97999572753906,157.0399932861328,153.97999572753906,155.11000061035156,151.28985595703125,155.11000061035156,74420200
AAPL,2021-09-09,155.49000549316406,156.11000061035156,153.9499969482422,154.07000732421875,150.2754364013672,154.07000732421875,57305700
AAPL,2021-09-10,155,155.47999572753906,148.6999969482422,148.97000122070313,145.301025390625,148.97000122070313,140893200
AAPL,2021-09-13,150.6300048828125,151.4199981689453,148.75,149.5500030517578,145.8667755126953,149.5500030517578,102404300
AAPL,2021-09-14,150.35000610351563,151.07000732421875,146.91000366210938,148.1199951171875,144.4720001220703,148.1199951171875,109296300
AAPL,2021-09-15,148.55999755859375,149.44000244140625,146.3699951171875,149.02999877929688,145.35955810546875,149.02999877929688,83281300
AAPL,2021-09-16,148.44000244140625,148.97000122070313,147.22000122070313,148.7899932861328,145.12545776367188,148.7899932861328,68034100
AAPL,2021-09-17,148.82000732421875,148.82000732421875,145.75999450683594,146.05999755859375,142.46270751953125,146.05999755859375,129868800
AAPL,2021-09-20,143.8000030517578,144.83999633789063,141.27000427246094,142.94000244140625,139.41957092285156,142.94000244140625,123478900
AAPL,2021-09-21,143.92999267578125,144.60000610351563,142.77999877929688,143.42999267578125,139.8974609375,143.42999267578125,75834000
AAPL,2021-09-22,144.4499969482422,146.42999267578125,143.6999969482422,145.85000610351563,142.25787353515625,145.85000610351563,76404300
AAPL,2021-09-23,146.64999389648438,147.0800018310547,145.63999938964844,146.8300018310547,143.2137908935547,146.8300018310547,64838200
AAPL,2021-09-24,145.66000366210938,147.47000122070313,145.55999755859375,146.9199981689453,143.301513671875,146.9199981689453,53477900
AAPL,2021-09-27,145.47000122070313,145.9600067138672,143.82000732421875,145.3699951171875,141.7897186279297,145.3699951171875,74150700
AAPL,2021-09-28,143.25,144.75,141.69000244140625,141.91000366210938,138.4149169921875,141.91000366210938,108972300
AAPL,2021-09-29,142.47000122070313,144.4499969482422,142.02999877929688,142.8300018310547,139.31227111816406,142.8300018310547,74602000
AAPL,2021-09-30,143.66000366210938,144.3800048828125,141.27999877929688,141.5,138.01502990722656,141.5,89056700
AAPL,2021-10-01,141.89999389648438,142.9199981689453,139.11000061035156,142.64999389648438,139.1366729736328,142.64999389648438,94639600
AAPL,2021-10-04,141.75999450683594,142.2100067138672,138.27000427246094,139.13999938964844,135.71315002441406,139.13999938964844,98322000
AAPL,2021-10-05,139.49000549316406,142.24000549316406,139.36000061035156,141.11000061035156,137.63462829589844,141.11000061035156,80861100
AAPL,2021-10-06,139.47000122070313,142.14999389648438,138.3699951171875,142,138.50271606445313,142,83221100
AAPL,2021-10-07,143.05999755859375,144.22000122070313,142.72000122070313,143.2899932861328,139.76097106933594,143.2899932861328,61732700
AAPL,2021-10-08,144.02999877929688,144.17999267578125,142.55999755859375,142.89999389648438,139.38050842285156,142.89999389648438,58773200
AAPL,2021-10-11,142.27000427246094,144.80999755859375,141.80999755859375,142.80999755859375,139.29273986816406,142.80999755859375,64452200
AAPL,2021-10-12,143.22999572753906,143.25,141.0399932861328,141.50999450683594,138.02479553222656,141.50999450683594,73035900
AAPL,2021-10-13,141.24000549316406,141.39999389648438,139.1999969482422,140.91000366210938,137.43954467773438,140.91000366210938,78762700
AAPL,2021-10-14,142.11000061035156,143.8800048828125,141.50999450683594,143.75999450683594,140.2193603515625,143.75999450683594,69907100
AAPL,2021-10-15,143.77000427246094,144.89999389648438,143.50999450683594,144.83999633789063,141.27272033691406,144.83999633789063,67940300
AAPL,2021-10-18,143.4499969482422,146.83999633789063,143.16000366210938,146.5500030517578,142.94064331054688,146.5500030517578,85589200
AAPL,2021-10-19,147.00999450683594,149.1699981689453,146.5500030517578,148.75999450683594,145.09622192382813,148.75999450683594,76378900
AAPL,2021-10-20,148.6999969482422,149.75,148.1199951171875,149.25999450683594,145.58389282226563,149.25999450683594,58418800
AAPL,2021-10-21,148.80999755859375,149.63999938964844,147.8699951171875,149.47999572753906,145.79847717285156,149.47999572753906,61421000
AAPL,2021-10-22,149.69000244140625,150.17999267578125,148.63999938964844,148.69000244140625,145.02792358398438,148.69000244140625,58883400
AAPL,2021-10-25,148.67999267578125,149.3699951171875,147.6199951171875,148.63999938964844,144.97915649414063,148.63999938964844,50720600
AAPL,2021-10-26,149.3300018310547,150.83999633789063,149.00999450683594,149.32000732421875,145.6424560546875,149.32000732421875,60893400
AAPL,2021-10-27,149.36000061035156,149.72999572753906,148.49000549316406,148.85000610351563,145.18399047851563,148.85000610351563,56094900
AAPL,2021-10-28,149.82000732421875,153.1699981689453,149.72000122070313,152.57000732421875,148.81240844726563,152.57000732421875,100077900
AAPL,2021-10-29,147.22000122070313,149.94000244140625,146.41000366210938,149.8000030517578,146.11061096191406,149.8000030517578,124953200
AAPL,2021-11-01,148.99000549316406,149.6999969482422,147.8000030517578,148.9600067138672,145.29127502441406,148.9600067138672,74588300
AAPL,2021-11-02,148.66000366210938,151.57000732421875,148.64999389648438,150.02000427246094,146.32516479492188,150.02000427246094,69122000
AAPL,2021-11-03,150.38999938964844,151.97000122070313,149.82000732421875,151.49000549316406,147.7589874267578,151.49000549316406,54511500
AAPL,2021-11-04,151.5800018310547,152.42999267578125,150.63999938964844,150.9600067138672,147.24205017089844,150.9600067138672,60394600
AAPL,2021-11-05,151.88999938964844,152.1999969482422,150.05999755859375,151.27999877929688,147.76950073242188,151.27999877929688,65463900
AAPL,2021-11-08,151.41000366210938,151.57000732421875,150.16000366210938,150.44000244140625,146.94900512695313,150.44000244140625,55020900
AAPL,2021-11-09,150.1999969482422,151.42999267578125,150.05999755859375,150.80999755859375,147.31039428710938,150.80999755859375,56787900
AAPL,2021-11-10,150.02000427246094,150.1300048828125,147.85000610351563,147.9199981689453,144.48745727539063,147.9199981689453,65187100
AAPL,2021-11-11,148.9600067138672,149.42999267578125,147.67999267578125,147.8699951171875,144.43861389160156,147.8699951171875,41000000
AAPL,2021-11-12,148.42999267578125,150.39999389648438,147.47999572753906,149.99000549316406,146.5094451904297,149.99000549316406,63804000
AAPL,2021-11-15,150.3699951171875,151.8800048828125,149.42999267578125,150,146.5192108154297,150,59222800
AAPL,2021-11-16,149.94000244140625,151.49000549316406,149.33999633789063,151,147.4959716796875,151,59256200
AAPL,2021-11-17,151,155,150.99000549316406,153.49000549316406,149.92823791503906,153.49000549316406,88807000
AAPL,2021-11-18,153.7100067138672,158.6699981689453,153.0500030517578,157.8699951171875,154.20655822753906,157.8699951171875,137827700
AAPL,2021-11-19,157.64999389648438,161.02000427246094,156.52999877929688,160.5500030517578,156.82437133789063,160.5500030517578,117305600
AAPL,2021-11-22,161.67999267578125,165.6999969482422,161,161.02000427246094,157.2834930419922,161.02000427246094,117467900
AAPL,2021-11-23,161.1199951171875,161.8000030517578,159.05999755859375,161.41000366210938,157.66441345214844,161.41000366210938,96041900
AAPL,2021-11-24,160.75,162.13999938964844,159.63999938964844,161.94000244140625,158.18214416503906,161.94000244140625,69463600
AAPL,2021-11-26,159.57000732421875,160.4499969482422,156.36000061035156,156.80999755859375,153.17117309570313,156.80999755859375,76959800
AAPL,2021-11-29,159.3699951171875,161.19000244140625,158.7899932861328,160.24000549316406,156.5216064453125,160.24000549316406,88748200
AAPL,2021-11-30,159.99000549316406,165.52000427246094,159.9199981689453,165.3000030517578,161.46412658691406,165.3000030517578,174048100
AAPL,2021-12-01,167.47999572753906,170.3000030517578,164.52999877929688,164.77000427246094,160.9464569091797,164.77000427246094,152052500
AAPL,2021-12-02,158.74000549316406,164.1999969482422,157.8000030517578,163.75999450683594,159.95985412597656,163.75999450683594,136739200
AAPL,2021-12-03,164.02000427246094,164.9600067138672,159.72000122070313,161.83999633789063,158.08447265625,161.83999633789063,118023100
AAPL,2021-12-06,164.2899932861328,167.8800048828125,164.27999877929688,165.32000732421875,161.4837188720703,165.32000732421875,107497000
AAPL,2021-12-07,169.0800018310547,171.5800018310547,168.33999633789063,171.17999267578125,167.20773315429688,171.17999267578125,120405400
AAPL,2021-12-08,172.1300048828125,175.9600067138672,170.6999969482422,175.0800018310547,171.01719665527344,175.0800018310547,116998900
AAPL,2021-12-09,174.91000366210938,176.75,173.9199981689453,174.55999755859375,170.50929260253906,174.55999755859375,108923700
AAPL,2021-12-10,175.2100067138672,179.6300048828125,174.69000244140625,179.4499969482422,175.2858123779297,179.4499969482422,115402700
AAPL,2021-12-13,181.1199951171875,182.1300048828125,175.52999877929688,175.74000549316406,171.66189575195313,175.74000549316406,153237000
AAPL,2021-12-14,175.25,177.74000549316406,172.2100067138672,174.3300018310547,170.28456115722656,174.3300018310547,139380400
AAPL,2021-12-15,175.11000061035156,179.5,172.30999755859375,179.3000030517578,175.13925170898438,179.3000030517578,131063300
AAPL,2021-12-16,179.27999877929688,181.13999938964844,170.75,172.25999450683594,168.2626190185547,172.25999450683594,150185800
AAPL,2021-12-17,169.92999267578125,173.47000122070313,169.69000244140625,171.13999938964844,167.1686553955078,171.13999938964844,195432700
AAPL,2021-12-20,168.27999877929688,170.5800018310547,167.4600067138672,169.75,165.81089782714844,169.75,107499100
AAPL,2021-12-21,171.55999755859375,173.1999969482422,169.1199951171875,172.99000549316406,168.9757080078125,172.99000549316406,91185900
AAPL,2021-12-22,173.0399932861328,175.86000061035156,172.14999389648438,175.63999938964844,171.564208984375,175.63999938964844,92135300
AAPL,2021-12-23,175.85000610351563,176.85000610351563,175.27000427246094,176.27999877929688,172.1893768310547,176.27999877929688,68356600
AAPL,2021-12-27,177.08999633789063,180.4199981689453,177.07000732421875,180.3300018310547,176.14540100097656,180.3300018310547,74919600
AAPL,2021-12-28,180.16000366210938,181.3300018310547,178.52999877929688,179.2899932861328,175.12948608398438,179.2899932861328,79144300
AAPL,2021-12-29,179.3300018310547,180.6300048828125,178.13999938964844,179.3800048828125,175.2174072265625,179.3800048828125,62348900
AAPL,2021-12-30,179.47000122070313,180.57000732421875,178.08999633789063,178.1999969482422,174.06480407714844,178.1999969482422,59773000
AAPL,2021-12-31,178.08999633789063,179.22999572753906,177.25999450683594,177.57000732421875,173.44943237304688,177.57000732421875,64062300
AAPL,2022-01-03,177.8300018310547,182.8800048828125,177.7100067138672,182.00999450683594,177.78639221191406,182.00999450683594,104487900
AAPL,2022-01-04,182.6300048828125,182.94000244140625,179.1199951171875,179.6999969482422,175.52999877929688,179.6999969482422,99310400
AAPL,2022-01-05,179.61000061035156,180.1699981689453,174.63999938964844,174.9199981689453,170.86093139648438,174.9199981689453,94537600
AAPL,2022-01-06,172.6999969482422,175.3000030517578,171.63999938964844,172,168.00868225097656,172,96904000
AAPL,2022-01-07,172.88999938964844,174.13999938964844,171.02999877929688,172.1699981689453,168.17469787597656,172.1699981689453,86709100
AAPL,2022-01-10,169.0800018310547,172.5,168.1699981689453,172.19000244140625,168.19427490234375,172.19000244140625,106765600
AAPL,2022-01-11,172.32000732421875,175.17999267578125,170.82000732421875,175.0800018310547,171.01719665527344,175.0800018310547,76138300
AAPL,2022-01-12,176.1199951171875,177.17999267578125,174.82000732421875,175.52999877929688,171.45675659179688,175.52999877929688,74805200
AAPL,2022-01-13,175.77999877929688,176.6199951171875,171.7899932861328,172.19000244140625,168.19427490234375,172.19000244140625,84505800
AAPL,2022-01-14,171.33999633789063,173.77999877929688,171.08999633789063,173.07000732421875,169.05386352539063,173.07000732421875,80440800
AAPL,2022-01-18,171.50999450683594,172.5399932861328,169.41000366210938,169.8000030517578,165.85975646972656,169.8000030517578,90956700
AAPL,2022-01-19,170,171.0800018310547,165.94000244140625,166.22999572753906,162.37258911132813,166.22999572753906,94815000
AAPL,2022-01-20,166.97999572753906,169.67999267578125,164.17999267578125,164.50999450683594,160.69248962402344,164.50999450683594,91420500
AAPL,2022-01-21,164.4199981689453,166.3300018310547,162.3000030517578,162.41000366210938,158.64125061035156,162.41000366210938,122848900
AAPL,2022-01-24,160.02000427246094,162.3000030517578,154.6999969482422,161.6199951171875,157.86953735351563,161.6199951171875,162294600
AAPL,2022-01-25,158.97999572753906,162.75999450683594,157.02000427246094,159.77999877929688,156.07223510742188,159.77999877929688,115798400
AAPL,2022-01-26,163.5,164.38999938964844,157.82000732421875,159.69000244140625,155.98434448242188,159.69000244140625,108275300
AAPL,2022-01-27,162.4499969482422,163.83999633789063,158.27999877929688,159.22000122070313,155.52523803710938,159.22000122070313,121954600
AAPL,2022-01-28,165.7100067138672,170.35000610351563,162.8000030517578,170.3300018310547,166.37742614746094,170.3300018310547,179935700
AAPL,2022-01-31,170.16000366210938,175,169.50999450683594,174.77999877929688,170.72418212890625,174.77999877929688,115541600
AAPL,2022-02-01,174.00999450683594,174.83999633789063,172.30999755859375,174.61000061035156,170.55809020996094,174.61000061035156,86213900
AAPL,2022-02-02,174.75,175.8800048828125,173.3300018310547,175.83999633789063,171.7595672607422,175.83999633789063,84914300
AAPL,2022-02-03,174.47999572753906,176.24000549316406,172.1199951171875,172.89999389648438,168.88775634765625,172.89999389648438,89418100
AAPL,2022-02-04,171.67999267578125,174.10000610351563,170.67999267578125,172.38999938964844,168.6041717529297,172.38999938964844,82465400
AAPL,2022-02-07,172.86000061035156,173.9499969482422,170.9499969482422,171.66000366210938,167.8902130126953,171.66000366210938,77251200
AAPL,2022-02-08,171.72999572753906,175.35000610351563,171.42999267578125,174.8300018310547,170.99058532714844,174.8300018310547,74829200
AAPL,2022-02-09,176.0500030517578,176.64999389648438,174.89999389648438,176.27999877929688,172.40875244140625,176.27999877929688,71285000
AAPL,2022-02-10,174.13999938964844,175.47999572753906,171.5500030517578,172.1199951171875,168.34007263183594,172.1199951171875,90865900
AAPL,2022-02-11,172.3300018310547,173.0800018310547,168.0399932861328,168.63999938964844,164.9365234375,168.63999938964844,98670700
AAPL,2022-02-14,167.3699951171875,169.5800018310547,166.55999755859375,168.8800048828125,165.17124938964844,168.8800048828125,86185500
AAPL,2022-02-15,170.97000122070313,172.9499969482422,170.25,172.7899932861328,168.995361328125,172.7899932861328,62527400
AAPL,2022-02-16,171.85000610351563,173.33999633789063,170.0500030517578,172.5500030517578,168.76063537597656,172.5500030517578,61177400
AAPL,2022-02-17,171.02999877929688,171.91000366210938,168.47000122070313,168.8800048828125,165.17124938964844,168.8800048828125,69589300
AAPL,2022-02-18,169.82000732421875,170.5399932861328,166.19000244140625,167.3000030517578,163.62594604492188,167.3000030517578,82772700
AAPL,2022-02-22,164.97999572753906,166.69000244140625,162.14999389648438,164.32000732421875,160.71139526367188,164.32000732421875,91162800
AAPL,2022-02-23,165.5399932861328,166.14999389648438,159.75,160.07000732421875,156.5547637939453,160.07000732421875,90009200
AAPL,2022-02-24,152.5800018310547,162.85000610351563,152,162.74000549316406,159.1660614013672,162.74000549316406,141147500
AAPL,2022-02-25,163.83999633789063,165.1199951171875,160.8699951171875,164.85000610351563,161.22975158691406,164.85000610351563,91974200
AAPL,2022-02-28,163.05999755859375,165.4199981689453,162.42999267578125,165.1199951171875,161.4937744140625,165.1199951171875,95056600
AAPL,2022-03-01,164.6999969482422,166.60000610351563,161.97000122070313,163.1999969482422,159.615966796875,163.1999969482422,83474400
AAPL,2022-03-02,164.38999938964844,167.36000061035156,162.9499969482422,166.55999755859375,162.90219116210938,166.55999755859375,79724800
AAPL,2022-03-03,168.47000122070313,168.91000366210938,165.5500030517578,166.22999572753906,162.57943725585938,166.22999572753906,76678400
AAPL,2022-03-04,164.49000549316406,165.5500030517578,162.10000610351563,163.1699981689453,159.58663940429688,163.1699981689453,83737200
AAPL,2022-03-07,163.36000061035156,165.02000427246094,159.0399932861328,159.3000030517578,155.8016357421875,159.3000030517578,96418800
AAPL,2022-03-08,158.82000732421875,162.8800048828125,155.8000030517578,157.44000244140625,153.9824981689453,157.44000244140625,131148300
AAPL,2022-03-09,161.47999572753906,163.41000366210938,159.41000366210938,162.9499969482422,159.3714599609375,162.9499969482422,91454900
AAPL,2022-03-10,160.1999969482422,160.38999938964844,155.97999572753906,158.52000427246094,155.03872680664063,158.52000427246094,105342000
AAPL,2022-03-11,158.92999267578125,159.27999877929688,154.5,154.72999572753906,151.33197021484375,154.72999572753906,96970100
AAPL,2022-03-14,151.4499969482422,154.1199951171875,150.10000610351563,150.6199951171875,147.31227111816406,150.6199951171875,108732100
AAPL,2022-03-15,150.89999389648438,155.57000732421875,150.3800048828125,155.08999633789063,151.68409729003906,155.08999633789063,92964300
AAPL,2022-03-16,157.0500030517578,160,154.4600067138672,159.58999633789063,156.08526611328125,159.58999633789063,102300200
AAPL,2022-03-17,158.61000061035156,161,157.6300048828125,160.6199951171875,157.09262084960938,160.6199951171875,75615400
AAPL,2022-03-18,160.50999450683594,164.47999572753906,159.75999450683594,163.97999572753906,160.3788604736328,163.97999572753906,123511700
AAPL,2022-03-21,163.50999450683594,166.35000610351563,163.00999450683594,165.3800048828125,161.74807739257813,165.3800048828125,95811400
AAPL,2022-03-22,165.50999450683594,169.4199981689453,164.91000366210938,168.82000732421875,165.1125946044922,168.82000732421875,81532000
AAPL,2022-03-23,167.99000549316406,172.63999938964844,167.64999389648438,170.2100067138672,166.47201538085938,170.2100067138672,98062700
AAPL,2022-03-24,171.05999755859375,174.13999938964844,170.2100067138672,174.07000732421875,170.24729919433594,174.07000732421875,90131400
AAPL,2022-03-25,173.8800048828125,175.27999877929688,172.75,174.72000122070313,170.88304138183594,174.72000122070313,80546200
AAPL,2022-03-28,172.1699981689453,175.72999572753906,172,175.60000610351563,171.7436981201172,175.60000610351563,90371900
AAPL,2022-03-29,176.69000244140625,179.00999450683594,176.33999633789063,178.9600067138672,175.02992248535156,178.9600067138672,100589400
AAPL,2022-03-30,178.5500030517578,179.61000061035156,176.6999969482422,177.77000427246094,173.8660430908203,177.77000427246094,92633200
AAPL,2022-03-31,177.83999633789063,178.02999877929688,174.39999389648438,174.61000061035156,170.77540588378906,174.61000061035156,103049300
AAPL,2022-04-01,174.02999877929688,174.8800048828125,171.94000244140625,174.30999755859375,170.4820098876953,174.30999755859375,78751300
AAPL,2022-04-04,174.57000732421875,178.49000549316406,174.44000244140625,178.44000244140625,174.5213165283203,178.44000244140625,76468400
AAPL,2022-04-05,177.5,178.3000030517578,174.4199981689453,175.05999755859375,171.2155303955078,175.05999755859375,73401800
AAPL,2022-04-06,172.36000061035156,173.6300048828125,170.1300048828125,171.8300018310547,168.0564422607422,171.8300018310547,89058800
AAPL,2022-04-07,171.16000366210938,173.36000061035156,169.85000610351563,172.13999938964844,168.35964965820313,172.13999938964844,77594700
AAPL,2022-04-08,171.77999877929688,171.77999877929688,169.1999969482422,170.08999633789063,166.3546905517578,170.08999633789063,76575500
AAPL,2022-04-11,168.7100067138672,169.02999877929688,165.5,165.75,162.11000061035156,165.75,72246700
AAPL,2022-04-12,168.02000427246094,169.8699951171875,166.63999938964844,167.66000366210938,163.97804260253906,167.66000366210938,79265200
AAPL,2022-04-13,167.38999938964844,171.0399932861328,166.77000427246094,170.39999389648438,166.65786743164063,170.39999389648438,70618900
AAPL,2022-04-14,170.6199951171875,171.27000427246094,165.0399932861328,165.2899932861328,161.66009521484375,165.2899932861328,75329400
AAPL,2022-04-18,163.9199981689453,166.60000610351563,163.57000732421875,165.07000732421875,161.44493103027344,165.07000732421875,69023900
AAPL,2022-04-19,165.02000427246094,167.82000732421875,163.91000366210938,167.39999389648438,163.72373962402344,167.39999389648438,67723800
AAPL,2022-04-20,168.75999450683594,168.8800048828125,166.10000610351563,167.22999572753906,163.55747985839844,167.22999572753906,67929800
AAPL,2022-04-21,168.91000366210938,171.52999877929688,165.91000366210938,166.4199981689453,162.7652587890625,166.4199981689453,87227800
AAPL,2022-04-22,166.4600067138672,167.8699951171875,161.5,161.7899932861328,158.23695373535156,161.7899932861328,84882400
AAPL,2022-04-25,161.1199951171875,163.1699981689453,158.4600067138672,162.8800048828125,159.30300903320313,162.8800048828125,96046400
AAPL,2022-04-26,162.25,162.33999633789063,156.72000122070313,156.8000030517578,153.35655212402344,156.8000030517578,95623200
AAPL,2022-04-27,155.91000366210938,159.7899932861328,155.3800048828125,156.57000732421875,153.13156127929688,156.57000732421875,88063200
AAPL,2022-04-28,159.25,164.52000427246094,158.92999267578125,163.63999938964844,160.04635620117188,163.63999938964844,130216800
AAPL,2022-04-29,161.83999633789063,166.1999969482422,157.25,157.64999389648438,154.18785095214844,157.64999389648438,131747600
AAPL,2022-05-02,156.7100067138672,158.22999572753906,153.27000427246094,157.9600067138672,154.4910888671875,157.9600067138672,123055300
AAPL,2022-05-03,158.14999389648438,160.7100067138672,156.32000732421875,159.47999572753906,155.9776611328125,159.47999572753906,88966500
AAPL,2022-05-04,159.6699981689453,166.47999572753906,159.25999450683594,166.02000427246094,162.37405395507813,166.02000427246094,108256500
AAPL,2022-05-05,163.85000610351563,164.0800018310547,154.9499969482422,156.77000427246094,153.3271942138672,156.77000427246094,130525300
AAPL,2022-05-06,156.00999450683594,159.44000244140625,154.17999267578125,157.27999877929688,154.05198669433594,157.27999877929688,116124600
AAPL,2022-05-09,154.92999267578125,155.8300018310547,151.49000549316406,152.05999755859375,148.9391326904297,152.05999755859375,131577900
AAPL,2022-05-10,155.52000427246094,156.74000549316406,152.92999267578125,154.50999450683594,151.3388671875,154.50999450683594,115366700
AAPL,2022-05-11,153.5,155.4499969482422,145.80999755859375,146.5,143.4932403564453,146.5,142689800
AAPL,2022-05-12,142.77000427246094,146.1999969482422,138.8000030517578,142.55999755859375,139.63414001464844,142.55999755859375,182602000
AAPL,2022-05-13,144.58999633789063,148.10000610351563,143.11000061035156,147.11000061035156,144.0907440185547,147.11000061035156,113990900
AAPL,2022-05-16,145.5500030517578,147.52000427246094,144.17999267578125,145.5399932861328,142.5529327392578,145.5399932861328,86643800
AAPL,2022-05-17,148.86000061035156,149.77000427246094,146.67999267578125,149.24000549316406,146.1770477294922,149.24000549316406,78336300
AAPL,2022-05-18,146.85000610351563,147.36000061035156,139.89999389648438,140.82000732421875,137.9298095703125,140.82000732421875,109742900
AAPL,2022-05-19,139.8800048828125,141.66000366210938,136.60000610351563,137.35000610351563,134.5310821533203,137.35000610351563,136095600
AAPL,2022-05-20,139.08999633789063,140.6999969482422,132.61000061035156,137.58999633789063,134.76608276367188,137.58999633789063,137426100
AAPL,2022-05-23,137.7899932861328,143.25999450683594,137.64999389648438,143.11000061035156,140.1728057861328,143.11000061035156,117726300
AAPL,2022-05-24,140.80999755859375,141.97000122070313,137.3300018310547,140.36000061035156,137.47926330566406,140.36000061035156,104132700
AAPL,2022-05-25,138.42999267578125,141.7899932861328,138.33999633789063,140.52000427246094,137.63597106933594,140.52000427246094,92482700
AAPL,2022-05-26,137.38999938964844,144.33999633789063,137.13999938964844,143.77999877929688,140.8291015625,143.77999877929688,90601500
AAPL,2022-05-27,145.38999938964844,149.67999267578125,145.25999450683594,149.63999938964844,146.56884765625,149.63999938964844,90978500
AAPL,2022-05-31,149.07000732421875,150.66000366210938,146.83999633789063,148.83999633789063,145.78518676757813,148.83999633789063,103718400
AAPL,2022-06-01,149.89999389648438,151.74000549316406,147.67999267578125,148.7100067138672,145.6578826904297,148.7100067138672,74286600
AAPL,2022-06-02,147.8300018310547,151.27000427246094,146.86000061035156,151.2100067138672,148.10658264160156,151.2100067138672,72348100
AAPL,2022-06-03,146.89999389648438,147.97000122070313,144.4600067138672,145.3800048828125,142.39625549316406,145.3800048828125,88570300
AAPL,2022-06-06,147.02999877929688,148.57000732421875,144.89999389648438,146.13999938964844,143.140625,146.13999938964844,71598400
AAPL,2022-06-07,144.35000610351563,149,144.10000610351563,148.7100067138672,145.6578826904297,148.7100067138672,67808200
AAPL,2022-06-08,148.5800018310547,149.8699951171875,147.4600067138672,147.9600067138672,144.9232940673828,147.9600067138672,53950200
AAPL,2022-06-09,147.0800018310547,147.9499969482422,142.52999877929688,142.63999938964844,139.71249389648438,142.63999938964844,69473000
AAPL,2022-06-10,140.27999877929688,140.75999450683594,137.05999755859375,137.1300048828125,134.31558227539063,137.1300048828125,91437900
AAPL,2022-06-13,132.8699951171875,135.1999969482422,131.44000244140625,131.8800048828125,129.17330932617188,131.8800048828125,122207100
AAPL,2022-06-14,133.1300048828125,133.88999938964844,131.47999572753906,132.75999450683594,130.03526306152344,132.75999450683594,84784300
AAPL,2022-06-15,134.2899932861328,137.33999633789063,132.16000366210938,135.42999267578125,132.6504669189453,135.42999267578125,91533000
AAPL,2022-06-16,132.0800018310547,132.38999938964844,129.0399932861328,130.05999755859375,127.39067077636719,130.05999755859375,108123900
AAPL,2022-06-17,130.07000732421875,133.0800018310547,129.80999755859375,131.55999755859375,128.85987854003906,131.55999755859375,134520300
AAPL,2022-06-21,133.4199981689453,137.05999755859375,133.32000732421875,135.8699951171875,133.08145141601563,135.8699951171875,81000500
AAPL,2022-06-22,134.7899932861328,137.75999450683594,133.91000366210938,135.35000610351563,132.57212829589844,135.35000610351563,73409200
AAPL,2022-06-23,136.82000732421875,138.58999633789063,135.6300048828125,138.27000427246094,135.43218994140625,138.27000427246094,72433800
AAPL,2022-06-24,139.89999389648438,141.91000366210938,139.77000427246094,141.66000366210938,138.7525634765625,141.66000366210938,89116800
AAPL,2022-06-27,142.6999969482422,143.49000549316406,140.97000122070313,141.66000366210938,138.7525634765625,141.66000366210938,70207900
AAPL,2022-06-28,142.1300048828125,143.4199981689453,137.32000732421875,137.44000244140625,134.6191864013672,137.44000244140625,67083400
AAPL,2022-06-29,137.4600067138672,140.6699981689453,136.6699981689453,139.22999572753906,136.37245178222656,139.22999572753906,66242400
AAPL,2022-06-30,137.25,138.3699951171875,133.77000427246094,136.72000122070313,133.9139862060547,136.72000122070313,98964500
AAPL,2022-07-01,136.0399932861328,139.0399932861328,135.66000366210938,138.92999267578125,136.07862854003906,138.92999267578125,71051600
AAPL,2022-07-05,137.77000427246094,141.61000061035156,136.92999267578125,141.55999755859375,138.65469360351563,141.55999755859375,73353800
AAPL,2022-07-06,141.35000610351563,144.1199951171875,141.0800018310547,142.9199981689453,139.9866943359375,142.9199981689453,74064300
AAPL,2022-07-07,143.2899932861328,146.5500030517578,143.27999877929688,146.35000610351563,143.3463134765625,146.35000610351563,66253700
AAPL,2022-07-08,145.25999450683594,147.5500030517578,145,147.0399932861328,144.02218627929688,147.0399932861328,64547800
AAPL,2022-07-11,145.6699981689453,146.63999938964844,143.77999877929688,144.8699951171875,141.89669799804688,144.8699951171875,63141600
AAPL,2022-07-12,145.75999450683594,148.4499969482422,145.0500030517578,145.86000061035156,142.8663787841797,145.86000061035156,77588800
AAPL,2022-07-13,142.99000549316406,146.4499969482422,142.1199951171875,145.49000549316406,142.50401306152344,145.49000549316406,71185600
AAPL,2022-07-14,144.0800018310547,148.9499969482422,143.25,148.47000122070313,145.42279052734375,148.47000122070313,78140700
AAPL,2022-07-15,149.77999877929688,150.86000061035156,148.1999969482422,150.1699981689453,147.0879364013672,150.1699981689453,76259900
AAPL,2022-07-18,150.74000549316406,151.57000732421875,146.6999969482422,147.07000732421875,144.05157470703125,147.07000732421875,81420900
AAPL,2022-07-19,147.9199981689453,151.22999572753906,146.91000366210938,151,147.90086364746094,151,82982400
AAPL,2022-07-20,151.1199951171875,153.72000122070313,150.3699951171875,153.0399932861328,149.89903259277344,153.0399932861328,64823400
AAPL,2022-07-21,154.5,155.57000732421875,151.94000244140625,155.35000610351563,152.16159057617188,155.35000610351563,65086600
AAPL,2022-07-22,155.38999938964844,156.27999877929688,153.41000366210938,154.08999633789063,150.92745971679688,154.08999633789063,66675400
AAPL,2022-07-25,154.00999450683594,155.0399932861328,152.27999877929688,152.9499969482422,149.81085205078125,152.9499969482422,53623900
AAPL,2022-07-26,152.25999450683594,153.08999633789063,150.8000030517578,151.60000610351563,148.4886016845703,151.60000610351563,55138700
AAPL,2022-07-27,152.5800018310547,157.3300018310547,152.16000366210938,156.7899932861328,153.57200622558594,156.7899932861328,78620700
AAPL,2022-07-28,156.97999572753906,157.63999938964844,154.41000366210938,157.35000610351563,154.1205596923828,157.35000610351563,81378700
AAPL,2022-07-29,161.24000549316406,163.6300048828125,159.5,162.50999450683594,159.1746826171875,162.50999450683594,101786900
AAPL,2022-08-01,161.00999450683594,163.58999633789063,160.88999938964844,161.50999450683594,158.1951904296875,161.50999450683594,67829400
AAPL,2022-08-02,160.10000610351563,162.41000366210938,159.6300048828125,160.00999450683594,156.7259521484375,160.00999450683594,59907000
AAPL,2022-08-03,160.83999633789063,166.58999633789063,160.75,166.1300048828125,162.72036743164063,166.1300048828125,82507500
AAPL,2022-08-04,166.00999450683594,167.19000244140625,164.42999267578125,165.80999755859375,162.40692138671875,165.80999755859375,55474100
AAPL,2022-08-05,163.2100067138672,165.85000610351563,163,165.35000610351563,162.18136596679688,165.35000610351563,56697000
AAPL,2022-08-08,166.3699951171875,167.80999755859375,164.1999969482422,164.8699951171875,161.71054077148438,164.8699951171875,60276900
AAPL,2022-08-09,164.02000427246094,165.82000732421875,163.25,164.9199981689453,161.7595672607422,164.9199981689453,63135500
AAPL,2022-08-10,167.67999267578125,169.33999633789063,166.89999389648438,169.24000549316406,165.996826171875,169.24000549316406,70170500
AAPL,2022-08-11,170.05999755859375,170.99000549316406,168.19000244140625,168.49000549316406,165.2611846923828,168.49000549316406,57149200
AAPL,2022-08-12,169.82000732421875,172.1699981689453,169.39999389648438,172.10000610351563,168.80198669433594,172.10000610351563,68039400
AAPL,2022-08-15,171.52000427246094,173.38999938964844,171.35000610351563,173.19000244140625,169.87109375,173.19000244140625,54091700
AAPL,2022-08-16,172.77999877929688,173.7100067138672,171.66000366210938,173.02999877929688,169.71421813964844,173.02999877929688,56377100
AAPL,2022-08-17,172.77000427246094,176.14999389648438,172.57000732421875,174.5500030517578,171.20506286621094,174.5500030517578,79542000
AAPL,2022-08-18,173.75,174.89999389648438,173.1199951171875,174.14999389648438,170.81268310546875,174.14999389648438,62290100
AAPL,2022-08-19,173.02999877929688,173.74000549316406,171.30999755859375,171.52000427246094,168.23309326171875,171.52000427246094,70346300
AAPL,2022-08-22,169.69000244140625,169.86000061035156,167.13999938964844,167.57000732421875,164.3588104248047,167.57000732421875,69026800
AAPL,2022-08-23,167.0800018310547,168.7100067138672,166.64999389648438,167.22999572753906,164.02529907226563,167.22999572753906,54147100
AAPL,2022-08-24,167.32000732421875,168.11000061035156,166.25,167.52999877929688,164.31959533691406,167.52999877929688,53841500
AAPL,2022-08-25,168.77999877929688,170.13999938964844,168.35000610351563,170.02999877929688,166.7716522216797,170.02999877929688,51218200
AAPL,2022-08-26,170.57000732421875,171.0500030517578,163.55999755859375,163.6199951171875,160.48448181152344,163.6199951171875,78961000
AAPL,2022-08-29,161.14999389648438,162.89999389648438,159.82000732421875,161.3800048828125,158.2874298095703,161.3800048828125,73314000
AAPL,2022-08-30,162.1300048828125,162.55999755859375,157.72000122070313,158.91000366210938,155.86474609375,158.91000366210938,77906200
AAPL,2022-08-31,160.30999755859375,160.5800018310547,157.13999938964844,157.22000122070313,154.20713806152344,157.22000122070313,87991100
AAPL,2022-09-01,156.63999938964844,158.4199981689453,154.6699981689453,157.9600067138672,154.93292236328125,157.9600067138672,74229900
AAPL,2022-09-02,159.75,160.36000061035156,154.97000122070313,155.80999755859375,152.82415771484375,155.80999755859375,76957800
AAPL,2022-09-06,156.47000122070313,157.08999633789063,153.69000244140625,154.52999877929688,151.5687255859375,154.52999877929688,73714800
AAPL,2022-09-07,154.82000732421875,156.6699981689453,153.61000061035156,155.9600067138672,152.9712677001953,155.9600067138672,87449600
AAPL,2022-09-08,154.63999938964844,156.36000061035156,152.67999267578125,154.4600067138672,151.5000762939453,154.4600067138672,84923800
AAPL,2022-09-09,155.47000122070313,157.82000732421875,154.75,157.3699951171875,154.35426330566406,157.3699951171875,68028800
AAPL,2022-09-12,159.58999633789063,164.25999450683594,159.3000030517578,163.42999267578125,160.29812622070313,163.42999267578125,104956000
AAPL,2022-09-13,159.89999389648438,160.5399932861328,153.3699951171875,153.83999633789063,150.8918914794922,153.83999633789063,122656600
AAPL,2022-09-14,154.7899932861328,157.10000610351563,153.61000061035156,155.30999755859375,152.333740234375,155.30999755859375,87965400
AAPL,2022-09-15,154.64999389648438,155.24000549316406,151.3800048828125,152.3699951171875,149.45005798339844,152.3699951171875,90481100
AAPL,2022-09-16,151.2100067138672,151.35000610351563,148.3699951171875,150.6999969482422,147.8120880126953,150.6999969482422,162278800
AAPL,2022-09-19,149.30999755859375,154.55999755859375,149.10000610351563,154.47999572753906,151.51963806152344,154.47999572753906,81474200
AAPL,2022-09-20,153.39999389648438,158.0800018310547,153.0800018310547,156.89999389648438,153.89328002929688,156.89999389648438,107689800
AAPL,2022-09-21,157.33999633789063,158.74000549316406,153.60000610351563,153.72000122070313,150.77423095703125,153.72000122070313,101696800
AAPL,2022-09-22,152.3800048828125,154.47000122070313,150.91000366210938,152.74000549316406,149.81300354003906,152.74000549316406,86652500
AAPL,2022-09-23,151.19000244140625,151.47000122070313,148.55999755859375,150.42999267578125,147.54727172851563,150.42999267578125,96029900
AAPL,2022-09-26,149.66000366210938,153.77000427246094,149.63999938964844,150.77000427246094,147.88075256347656,150.77000427246094,93339400
AAPL,2022-09-27,152.74000549316406,154.72000122070313,149.9499969482422,151.75999450683594,148.85177612304688,151.75999450683594,84442700
AAPL,2022-09-28,147.63999938964844,150.63999938964844,144.83999633789063,149.83999633789063,146.96859741210938,149.83999633789063,146691400
AAPL,2022-09-29,146.10000610351563,146.72000122070313,140.67999267578125,142.47999572753906,139.7495880126953,142.47999572753906,128138200
AAPL,2022-09-30,141.27999877929688,143.10000610351563,138,138.1999969482422,135.55165100097656,138.1999969482422,124925300
AAPL,2022-10-03,138.2100067138672,143.07000732421875,137.69000244140625,142.4499969482422,139.7201690673828,142.4499969482422,114311700
AAPL,2022-10-04,145.02999877929688,146.22000122070313,144.25999450683594,146.10000610351563,143.3002166748047,146.10000610351563,87830100
AAPL,2022-10-05,144.07000732421875,147.3800048828125,143.00999450683594,146.39999389648438,143.59449768066406,146.39999389648438,79471000
AAPL,2022-10-06,145.80999755859375,147.5399932861328,145.22000122070313,145.42999267578125,142.64305114746094,145.42999267578125,68402200
AAPL,2022-10-07,142.5399932861328,143.10000610351563,139.4499969482422,140.08999633789063,137.40541076660156,140.08999633789063,85925600
AAPL,2022-10-10,140.4199981689453,141.88999938964844,138.57000732421875,140.4199981689453,137.72906494140625,140.4199981689453,74899000
AAPL,2022-10-11,139.89999389648438,141.35000610351563,138.22000122070313,138.97999572753906,136.31668090820313,138.97999572753906,77033700
AAPL,2022-10-12,139.1300048828125,140.36000061035156,138.16000366210938,138.33999633789063,135.68893432617188,138.33999633789063,70433700
AAPL,2022-10-13,134.99000549316406,143.58999633789063,134.3699951171875,142.99000549316406,140.2498321533203,142.99000549316406,113224000
AAPL,2022-10-14,144.30999755859375,144.52000427246094,138.19000244140625,138.3800048828125,135.7281951904297,138.3800048828125,88598000
AAPL,2022-10-17,141.07000732421875,142.89999389648438,140.27000427246094,142.41000366210938,139.68093872070313,142.41000366210938,85250900
AAPL,2022-10-18,145.49000549316406,146.6999969482422,140.61000061035156,143.75,140.9952850341797,143.75,99136600
AAPL,2022-10-19,141.69000244140625,144.9499969482422,141.5,143.86000061035156,141.10316467285156,143.86000061035156,61758300
AAPL,2022-10-20,143.02000427246094,145.88999938964844,142.64999389648438,143.38999938964844,140.64215087890625,143.38999938964844,64522000
AAPL,2022-10-21,142.8699951171875,147.85000610351563,142.64999389648438,147.27000427246094,144.44781494140625,147.27000427246094,86548600
AAPL,2022-10-24,147.19000244140625,150.22999572753906,146,149.4499969482422,146.58602905273438,149.4499969482422,75981900
AAPL,2022-10-25,150.08999633789063,152.49000549316406,149.36000061035156,152.33999633789063,149.42068481445313,152.33999633789063,74732300
AAPL,2022-10-26,150.9600067138672,151.99000549316406,148.0399932861328,149.35000610351563,146.48800659179688,149.35000610351563,88194300
AAPL,2022-10-27,148.07000732421875,149.0500030517578,144.1300048828125,144.8000030517578,142.025146484375,144.8000030517578,109180200
AAPL,2022-10-28,148.1999969482422,157.5,147.82000732421875,155.74000549316406,152.75552368164063,155.74000549316406,164762400
AAPL,2022-10-31,153.16000366210938,154.24000549316406,151.9199981689453,153.33999633789063,150.40147399902344,153.33999633789063,97943200
AAPL,2022-11-01,155.0800018310547,155.4499969482422,149.1300048828125,150.64999389648438,147.76304626464844,150.64999389648438,80379300
AAPL,2022-11-02,148.9499969482422,152.1699981689453,145,145.02999877929688,142.25071716308594,145.02999877929688,93604600
AAPL,2022-11-03,142.05999755859375,142.8000030517578,138.75,138.8800048828125,136.21859741210938,138.8800048828125,97918500
AAPL,2022-11-04,142.08999633789063,142.6699981689453,134.3800048828125,138.3800048828125,135.95335388183594,138.3800048828125,140814800
AAPL,2022-11-07,137.11000061035156,139.14999389648438,135.6699981689453,138.9199981689453,136.4838409423828,138.9199981689453,83374600
AAPL,2022-11-08,140.41000366210938,141.42999267578125,137.49000549316406,139.5,137.05369567871094,139.5,89908500
AAPL,2022-11-09,138.5,138.5500030517578,134.58999633789063,134.8699951171875,132.5049285888672,134.8699951171875,74917800
AAPL,2022-11-10,141.24000549316406,146.8699951171875,139.5,146.8699951171875,144.29444885253906,146.8699951171875,118854000
AAPL,2022-11-11,145.82000732421875,150.00999450683594,144.3699951171875,149.6999969482422,147.0748291015625,149.6999969482422,93979700
AAPL,2022-11-14,148.97000122070313,150.27999877929688,147.42999267578125,148.27999877929688,145.67971801757813,148.27999877929688,73374100
AAPL,2022-11-15,152.22000122070313,153.58999633789063,148.55999755859375,150.0399932861328,147.40884399414063,150.0399932861328,89868300
AAPL,2022-11-16,149.1300048828125,149.8699951171875,147.2899932861328,148.7899932861328,146.18077087402344,148.7899932861328,64218300
AAPL,2022-11-17,146.42999267578125,151.47999572753906,146.14999389648438,150.72000122070313,148.07693481445313,150.72000122070313,80389400
AAPL,2022-11-18,152.30999755859375,152.6999969482422,149.97000122070313,151.2899932861328,148.63693237304688,151.2899932861328,74829600
AAPL,2022-11-21,150.16000366210938,150.3699951171875,147.72000122070313,148.00999450683594,145.41444396972656,148.00999450683594,58724100
AAPL,2022-11-22,148.1300048828125,150.4199981689453,146.92999267578125,150.17999267578125,147.54640197753906,150.17999267578125,51804100
AAPL,2022-11-23,149.4499969482422,151.8300018310547,149.33999633789063,151.07000732421875,148.4208221435547,151.07000732421875,58301400
AAPL,2022-11-25,148.30999755859375,148.8800048828125,147.1199951171875,148.11000061035156,145.51272583007813,148.11000061035156,35195900
AAPL,2022-11-28,145.13999938964844,146.63999938964844,143.3800048828125,144.22000122070313,141.69088745117188,144.22000122070313,69246000
AAPL,2022-11-29,144.2899932861328,144.80999755859375,140.35000610351563,141.1699981689453,138.6943817138672,141.1699981689453,83763800
AAPL,2022-11-30,141.39999389648438,148.72000122070313,140.5500030517578,148.02999877929688,145.4341278076172,148.02999877929688,111380900
AAPL,2022-12-01,148.2100067138672,149.1300048828125,146.61000061035156,148.30999755859375,145.7091827392578,148.30999755859375,71250400
AAPL,2022-12-02,145.9600067138672,148,145.64999389648438,147.80999755859375,145.21795654296875,147.80999755859375,65447400
AAPL,2022-12-05,147.77000427246094,150.9199981689453,145.77000427246094,146.6300048828125,144.05865478515625,146.6300048828125,68826400
AAPL,2022-12-06,147.07000732421875,147.3000030517578,141.9199981689453,142.91000366210938,140.40390014648438,142.91000366210938,64727200
AAPL,2022-12-07,142.19000244140625,143.3699951171875,140,140.94000244140625,138.4684295654297,140.94000244140625,69721100
AAPL,2022-12-08,142.36000061035156,143.52000427246094,141.10000610351563,142.64999389648438,140.14842224121094,142.64999389648438,62128300
AAPL,2022-12-09,142.33999633789063,145.57000732421875,140.89999389648438,142.16000366210938,139.6670379638672,142.16000366210938,76097000
AAPL,2022-12-12,142.6999969482422,144.5,141.05999755859375,144.49000549316406,141.95620727539063,144.49000549316406,70462700
AAPL,2022-12-13,149.5,149.97000122070313,144.24000549316406,145.47000122070313,142.9189910888672,145.47000122070313,93886200
AAPL,2022-12-14,145.35000610351563,146.66000366210938,141.16000366210938,143.2100067138672,140.6986541748047,143.2100067138672,82291200
AAPL,2022-12-15,141.11000061035156,141.8000030517578,136.02999877929688,136.5,134.1062774658203,136.5,98931900
AAPL,2022-12-16,136.69000244140625,137.64999389648438,133.72999572753906,134.50999450683594,132.15121459960938,134.50999450683594,160156900
AAPL,2022-12-19,135.11000061035156,135.1999969482422,131.32000732421875,132.3699951171875,130.0487518310547,132.3699951171875,79592600
AAPL,2022-12-20,131.38999938964844,133.25,129.88999938964844,132.3000030517578,129.97999572753906,132.3000030517578,77432800
AAPL,2022-12-21,132.97999572753906,136.80999755859375,132.75,135.4499969482422,133.07469177246094,135.4499969482422,85928000
AAPL,2022-12-22,134.35000610351563,134.55999755859375,130.3000030517578,132.22999572753906,129.9112091064453,132.22999572753906,77852100
AAPL,2022-12-23,130.9199981689453,132.4199981689453,129.63999938964844,131.86000061035156,129.54766845703125,131.86000061035156,63814900
AAPL,2022-12-27,131.3800048828125,131.41000366210938,128.72000122070313,130.02999877929688,127.74980163574219,130.02999877929688,69007800
AAPL,2022-12-28,129.6699981689453,131.02999877929688,125.87000274658203,126.04000091552734,123.82974243164063,126.04000091552734,85438400
AAPL,2022-12-29,127.98999786376953,130.47999572753906,127.7300033569336,129.61000061035156,127.3371353149414,129.61000061035156,75703700
AAPL,2022-12-30,128.41000366210938,129.9499969482422,127.43000030517578,129.92999267578125,127.6514892578125,129.92999267578125,77034200
AAPL,2023-01-03,130.27999877929688,130.89999389648438,124.16999816894531,125.06999969482422,122.87673950195313,125.06999969482422,112117500
AAPL,2023-01-04,126.88999938964844,128.66000366210938,125.08000183105469,126.36000061035156,124.14412689208984,126.36000061035156,89113600
AAPL,2023-01-05,127.12999725341797,127.7699966430664,124.76000213623047,125.0199966430664,122.82762145996094,125.0199966430664,80962700
AAPL,2023-01-06,126.01000213623047,130.2899932861328,124.88999938964844,129.6199951171875,127.34696197509766,129.6199951171875,87754700
AAPL,2023-01-09,130.47000122070313,133.41000366210938,129.88999938964844,130.14999389648438,127.86764526367188,130.14999389648438,70790800
AAPL,2023-01-10,130.25999450683594,131.25999450683594,128.1199951171875,130.72999572753906,128.43748474121094,130.72999572753906,63896200
AAPL,2023-01-11,131.25,133.50999450683594,130.4600067138672,133.49000549316406,131.1490936279297,133.49000549316406,69458900
AAPL,2023-01-12,133.8800048828125,134.25999450683594,131.44000244140625,133.41000366210938,131.0704803466797,133.41000366210938,71379600
AAPL,2023-01-13,132.02999877929688,134.9199981689453,131.66000366210938,134.75999450683594,132.39678955078125,134.75999450683594,57809700
AAPL,2023-01-17,134.8300018310547,137.2899932861328,134.1300048828125,135.94000244140625,133.55613708496094,135.94000244140625,63646600
AAPL,2023-01-18,136.82000732421875,138.61000061035156,135.02999877929688,135.2100067138672,132.83895874023438,135.2100067138672,69672800
AAPL,2023-01-19,134.0800018310547,136.25,133.77000427246094,135.27000427246094,132.8978729248047,135.27000427246094,58280400
AAPL,2023-01-20,135.27999877929688,138.02000427246094,134.22000122070313,137.8699951171875,135.45225524902344,137.8699951171875,80223600
AAPL,2023-01-23,138.1199951171875,143.32000732421875,137.89999389648438,141.11000061035156,138.63548278808594,141.11000061035156,81760300
AAPL,2023-01-24,140.30999755859375,143.16000366210938,140.3000030517578,142.52999877929688,140.0305633544922,142.52999877929688,66435100
AAPL,2023-01-25,140.88999938964844,142.42999267578125,138.80999755859375,141.86000061035156,139.372314453125,141.86000061035156,65799300
AAPL,2023-01-26,143.1699981689453,144.25,141.89999389648438,143.9600067138672,141.43548583984375,143.9600067138672,54105100
AAPL,2023-01-27,143.16000366210938,147.22999572753906,143.0800018310547,145.92999267578125,143.37095642089844,145.92999267578125,70555800
AAPL,2023-01-30,144.9600067138672,145.5500030517578,142.85000610351563,143,140.49232482910156,143,64015300
AAPL,2023-01-31,142.6999969482422,144.33999633789063,142.27999877929688,144.2899932861328,141.75967407226563,144.2899932861328,65874500
AAPL,2023-02-01,143.97000122070313,146.61000061035156,141.32000732421875,145.42999267578125,142.87969970703125,145.42999267578125,77663600
AAPL,2023-02-02,148.89999389648438,151.17999267578125,148.1699981689453,150.82000732421875,148.1751708984375,150.82000732421875,118339000
AAPL,2023-02-03,148.02999877929688,157.3800048828125,147.8300018310547,154.5,151.79061889648438,154.5,154357300
AAPL,2023-02-06,152.57000732421875,153.10000610351563,150.77999877929688,151.72999572753906,149.06922912597656,151.72999572753906,69858300
AAPL,2023-02-07,150.63999938964844,155.22999572753906,150.63999938964844,154.64999389648438,151.93801879882813,154.64999389648438,83322600
AAPL,2023-02-08,153.8800048828125,154.5800018310547,151.1699981689453,151.9199981689453,149.2559051513672,151.9199981689453,64120100
AAPL,2023-02-09,153.77999877929688,154.3300018310547,150.4199981689453,150.8699951171875,148.2243194580078,150.8699951171875,56007100
AAPL,2023-02-10,149.4600067138672,151.33999633789063,149.22000122070313,151.00999450683594,148.58836364746094,151.00999450683594,57450700
AAPL,2023-02-13,150.9499969482422,154.25999450683594,150.9199981689453,153.85000610351563,151.38284301757813,153.85000610351563,62199000
AAPL,2023-02-14,152.1199951171875,153.77000427246094,150.86000061035156,153.1999969482422,150.74325561523438,153.1999969482422,61707600
AAPL,2023-02-15,153.11000061035156,155.5,152.8800048828125,155.3300018310547,152.83908081054688,155.3300018310547,65573800
AAPL,2023-02-16,153.50999450683594,156.3300018310547,153.35000610351563,153.7100067138672,151.24510192871094,153.7100067138672,68167900
AAPL,2023-02-17,152.35000610351563,153,150.85000610351563,152.5500030517578,150.10369873046875,152.5500030517578,59144100
AAPL,2023-02-21,150.1999969482422,151.3000030517578,148.41000366210938,148.47999572753906,146.09893798828125,148.47999572753906,58867200
AAPL,2023-02-22,148.8699951171875,149.9499969482422,147.16000366210938,148.91000366210938,146.5220184326172,148.91000366210938,51011300
AAPL,2023-02-23,150.08999633789063,150.33999633789063,147.24000549316406,149.39999389648438,147.00416564941406,149.39999389648438,48394200
AAPL,2023-02-24,147.11000061035156,147.19000244140625,145.72000122070313,146.7100067138672,144.35733032226563,146.7100067138672,55469600
AAPL,2023-02-27,147.7100067138672,149.1699981689453,147.4499969482422,147.9199981689453,145.5479278564453,147.9199981689453,44998500
AAPL,2023-02-28,147.0500030517578,149.0800018310547,146.8300018310547,147.41000366210938,145.04612731933594,147.41000366210938,50547000
AAPL,2023-03-01,146.8300018310547,147.22999572753906,145.00999450683594,145.30999755859375,142.97979736328125,145.30999755859375,55479000
AAPL,2023-03-02,144.3800048828125,146.7100067138672,143.89999389648438,145.91000366210938,143.57017517089844,145.91000366210938,52238100
AAPL,2023-03-03,148.0399932861328,151.11000061035156,147.3300018310547,151.02999877929688,148.6080322265625,151.02999877929688,70732300
AAPL,2023-03-06,153.7899932861328,156.3000030517578,153.4600067138672,153.8300018310547,151.3631591796875,153.8300018310547,87558000
AAPL,2023-03-07,153.6999969482422,154.02999877929688,151.1300048828125,151.60000610351563,149.16893005371094,151.60000610351563,56182000
AAPL,2023-03-08,152.80999755859375,153.47000122070313,151.8300018310547,152.8699951171875,150.41856384277344,152.8699951171875,47204800
AAPL,2023-03-09,153.55999755859375,154.5399932861328,150.22999572753906,150.58999633789063,148.17510986328125,150.58999633789063,53833600
AAPL,2023-03-10,150.2100067138672,150.94000244140625,147.61000061035156,148.5,146.11862182617188,148.5,68572400
AAPL,2023-03-13,147.80999755859375,153.13999938964844,147.6999969482422,150.47000122070313,148.05699157714844,150.47000122070313,84457100
AAPL,2023-03-14,151.27999877929688,153.39999389648438,150.10000610351563,152.58999633789063,150.14303588867188,152.58999633789063,73695900
AAPL,2023-03-15,151.19000244140625,153.25,149.9199981689453,152.99000549316406,150.53659057617188,152.99000549316406,77167900
AAPL,2023-03-16,152.16000366210938,156.4600067138672,151.63999938964844,155.85000610351563,153.35076904296875,155.85000610351563,76161100
AAPL,2023-03-17,156.0800018310547,156.74000549316406,154.27999877929688,155,152.514404296875,155,98944600
AAPL,2023-03-20,155.07000732421875,157.82000732421875,154.14999389648438,157.39999389648438,154.87591552734375,157.39999389648438,73641400
AAPL,2023-03-21,157.32000732421875,159.39999389648438,156.5399932861328,159.27999877929688,156.7257843017578,159.27999877929688,73938300
AAPL,2023-03-22,159.3000030517578,162.13999938964844,157.80999755859375,157.8300018310547,155.29901123046875,157.8300018310547,75701800
AAPL,2023-03-23,158.8300018310547,161.5500030517578,157.67999267578125,158.92999267578125,156.3813934326172,158.92999267578125,67622100
AAPL,2023-03-24,158.86000061035156,160.33999633789063,157.85000610351563,160.25,157.68019104003906,160.25,59196500
AAPL,2023-03-27,159.94000244140625,160.77000427246094,157.8699951171875,158.27999877929688,155.74176025390625,158.27999877929688,52390300
AAPL,2023-03-28,157.97000122070313,158.49000549316406,155.97999572753906,157.64999389648438,155.12188720703125,157.64999389648438,45992200
AAPL,2023-03-29,159.3699951171875,161.0500030517578,159.35000610351563,160.77000427246094,158.19187927246094,160.77000427246094,51305700
AAPL,2023-03-30,161.52999877929688,162.47000122070313,161.27000427246094,162.36000061035156,159.75636291503906,162.36000061035156,49501700
AAPL,2023-03-31,162.44000244140625,165,161.91000366210938,164.89999389648438,162.25563049316406,164.89999389648438,68749800
AAPL,2023-04-03,164.27000427246094,166.2899932861328,164.22000122070313,166.1699981689453,163.50526428222656,166.1699981689453,56976200
AAPL,2023-04-04,166.60000610351563,166.83999633789063,165.11000061035156,165.6300048828125,162.97393798828125,165.6300048828125,46278300
AAPL,2023-04-05,164.74000549316406,165.0500030517578,161.8000030517578,163.75999450683594,161.13389587402344,163.75999450683594,51511700
AAPL,2023-04-06,162.42999267578125,164.9600067138672,162,164.66000366210938,162.01947021484375,164.66000366210938,45390100
AAPL,2023-04-10,161.4199981689453,162.02999877929688,160.0800018310547,162.02999877929688,159.43165588378906,162.02999877929688,47716900
AAPL,2023-04-11,162.35000610351563,162.36000061035156,160.50999450683594,160.8000030517578,158.22140502929688,160.8000030517578,47644200
AAPL,2023-04-12,161.22000122070313,162.05999755859375,159.77999877929688,160.10000610351563,157.53260803222656,160.10000610351563,50133100
AAPL,2023-04-13,161.6300048828125,165.8000030517578,161.4199981689453,165.55999755859375,162.90505981445313,165.55999755859375,68445600
AAPL,2023-04-14,164.58999633789063,166.32000732421875,163.82000732421875,165.2100067138672,162.5607147216797,165.2100067138672,49386500
AAPL,2023-04-17,165.08999633789063,165.38999938964844,164.02999877929688,165.22999572753906,162.58033752441406,165.22999572753906,41516200
AAPL,2023-04-18,166.10000610351563,167.41000366210938,165.64999389648438,166.47000122070313,163.8004608154297,166.47000122070313,49923000
AAPL,2023-04-19,165.8000030517578,168.16000366210938,165.5399932861328,167.6300048828125,164.94187927246094,167.6300048828125,47720200
AAPL,2023-04-20,166.08999633789063,167.8699951171875,165.55999755859375,166.64999389648438,163.9775390625,166.64999389648438,52456400
AAPL,2023-04-21,165.0500030517578,166.4499969482422,164.49000549316406,165.02000427246094,162.37371826171875,165.02000427246094,58337300
AAPL,2023-04-24,165,165.60000610351563,163.88999938964844,165.3300018310547,162.67869567871094,165.3300018310547,41949600
AAPL,2023-04-25,165.19000244140625,166.30999755859375,163.72999572753906,163.77000427246094,161.14376831054688,163.77000427246094,48714100
AAPL,2023-04-26,163.05999755859375,165.27999877929688,162.8000030517578,163.75999450683594,161.13389587402344,163.75999450683594,45498800
AAPL,2023-04-27,165.19000244140625,168.55999755859375,165.19000244140625,168.41000366210938,165.70936584472656,168.41000366210938,64902300
AAPL,2023-04-28,168.49000549316406,169.85000610351563,167.8800048828125,169.67999267578125,166.9589385986328,169.67999267578125,55275900
AAPL,2023-05-01,169.27999877929688,170.4499969482422,168.63999938964844,169.58999633789063,166.87042236328125,169.58999633789063,52472900
AAPL,2023-05-02,170.08999633789063,170.35000610351563,167.5399932861328,168.5399932861328,165.8372344970703,168.5399932861328,48425700
AAPL,2023-05-03,169.5,170.9199981689453,167.16000366210938,167.4499969482422,164.7647247314453,167.4499969482422,65136000
AAPL,2023-05-04,164.88999938964844,167.0399932861328,164.30999755859375,165.7899932861328,163.13136291503906,165.7899932861328,81235400
AAPL,2023-05-05,170.97999572753906,174.3000030517578,170.75999450683594,173.57000732421875,170.78660583496094,173.57000732421875,113453200
AAPL,2023-05-08,172.47999572753906,173.85000610351563,172.11000061035156,173.5,170.71771240234375,173.5,55962800
AAPL,2023-05-09,173.0500030517578,173.5399932861328,171.60000610351563,171.77000427246094,169.01547241210938,171.77000427246094,45326900
AAPL,2023-05-10,173.02000427246094,174.02999877929688,171.89999389648438,173.55999755859375,170.77674865722656,173.55999755859375,53724500
AAPL,2023-05-11,173.85000610351563,174.58999633789063,172.1699981689453,173.75,170.96371459960938,173.75,49514700
AAPL,2023-05-12,173.6199951171875,174.05999755859375,171,172.57000732421875,170.0375213623047,172.57000732421875,45533100
AAPL,2023-05-15,173.16000366210938,173.2100067138672,171.47000122070313,172.07000732421875,169.5448760986328,172.07000732421875,37266700
AAPL,2023-05-16,171.99000549316406,173.13999938964844,171.8000030517578,172.07000732421875,169.5448760986328,172.07000732421875,42110300
AAPL,2023-05-17,171.7100067138672,172.92999267578125,170.4199981689453,172.69000244140625,170.15573120117188,172.69000244140625,57951600
AAPL,2023-05-18,173,175.24000549316406,172.5800018310547,175.0500030517578,172.48109436035156,175.0500030517578,65496700
AAPL,2023-05-19,176.38999938964844,176.38999938964844,174.94000244140625,175.16000366210938,172.58950805664063,175.16000366210938,55809500
AAPL,2023-05-22,173.97999572753906,174.7100067138672,173.4499969482422,174.1999969482422,171.6436004638672,174.1999969482422,43570900
AAPL,2023-05-23,173.1300048828125,173.3800048828125,171.27999877929688,171.55999755859375,169.0423126220703,171.55999755859375,50747300
AAPL,2023-05-24,171.08999633789063,172.4199981689453,170.52000427246094,171.83999633789063,169.31820678710938,171.83999633789063,45143500
AAPL,2023-05-25,172.41000366210938,173.89999389648438,171.69000244140625,172.99000549316406,170.45135498046875,172.99000549316406,56058300
AAPL,2023-05-26,173.32000732421875,175.77000427246094,173.11000061035156,175.42999267578125,172.85552978515625,175.42999267578125,54835000
AAPL,2023-05-30,176.9600067138672,178.99000549316406,176.57000732421875,177.3000030517578,174.69810485839844,177.3000030517578,55964400
AAPL,2023-05-31,177.3300018310547,179.35000610351563,176.75999450683594,177.25,174.64881896972656,177.25,99625300
AAPL,2023-06-01,177.6999969482422,180.1199951171875,176.92999267578125,180.08999633789063,177.4471435546875,180.08999633789063,68901800
AAPL,2023-06-02,181.02999877929688,181.77999877929688,179.25999450683594,180.9499969482422,178.29454040527344,180.9499969482422,61996900
AAPL,2023-06-05,182.6300048828125,184.9499969482422,178.0399932861328,179.5800018310547,176.94467163085938,179.5800018310547,121946500
AAPL,2023-06-06,179.97000122070313,180.1199951171875,177.42999267578125,179.2100067138672,176.58004760742188,179.2100067138672,64848400
AAPL,2023-06-07,178.44000244140625,181.2100067138672,177.32000732421875,177.82000732421875,175.21044921875,177.82000732421875,61944600
AAPL,2023-06-08,177.89999389648438,180.83999633789063,177.4600067138672,180.57000732421875,177.92013549804688,180.57000732421875,50214900
AAPL,2023-06-09,181.5,182.22999572753906,180.6300048828125,180.9600067138672,178.3043670654297,180.9600067138672,48900000
AAPL,2023-06-12,181.27000427246094,183.88999938964844,180.97000122070313,183.7899932861328,181.0928497314453,183.7899932861328,54274900
AAPL,2023-06-13,182.8000030517578,184.14999389648438,182.44000244140625,183.30999755859375,180.61988830566406,183.30999755859375,54929100
AAPL,2023-06-14,183.3699951171875,184.38999938964844,182.02000427246094,183.9499969482422,181.25048828125,183.9499969482422,57462900
AAPL,2023-06-15,183.9600067138672,186.52000427246094,183.77999877929688,186.00999450683594,183.2802734375,186.00999450683594,65433200
AAPL,2023-06-16,186.72999572753906,186.99000549316406,184.27000427246094,184.9199981689453,182.2062530517578,184.9199981689453,101256200
AAPL,2023-06-20,184.41000366210938,186.10000610351563,184.41000366210938,185.00999450683594,182.29493713378906,185.00999450683594,49799100
AAPL,2023-06-21,184.89999389648438,185.41000366210938,182.58999633789063,183.9600067138672,181.26036071777344,183.9600067138672,49515700
AAPL,2023-06-22,183.74000549316406,187.0500030517578,183.6699981689453,187,184.25575256347656,187,51245300
AAPL,2023-06-23,185.5500030517578,187.55999755859375,185.00999450683594,186.67999267578125,183.94044494628906,186.67999267578125,53117000
AAPL,2023-06-26,186.8300018310547,188.0500030517578,185.22999572753906,185.27000427246094,182.55111694335938,185.27000427246094,48088700
AAPL,2023-06-27,185.88999938964844,188.38999938964844,185.6699981689453,188.05999755859375,185.3001708984375,188.05999755859375,50730800
AAPL,2023-06-28,187.92999267578125,189.89999389648438,187.60000610351563,189.25,186.4727325439453,189.25,51216800
AAPL,2023-06-29,189.0800018310547,190.07000732421875,188.94000244140625,189.58999633789063,186.8077392578125,189.58999633789063,46347300
AAPL,2023-06-30,191.6300048828125,194.47999572753906,191.25999450683594,193.97000122070313,191.12344360351563,193.97000122070313,85213200
AAPL,2023-07-03,193.77999877929688,193.8800048828125,191.75999450683594,192.4600067138672,189.63563537597656,192.4600067138672,31458200
AAPL,2023-07-05,191.57000732421875,192.97999572753906,190.6199951171875,191.3300018310547,188.5221710205078,191.3300018310547,46920300
AAPL,2023-07-06,189.83999633789063,192.02000427246094,189.1999969482422,191.80999755859375,188.99514770507813,191.80999755859375,45094300
AAPL,2023-07-07,191.41000366210938,192.6699981689453,190.24000549316406,190.67999267578125,187.8817138671875,190.67999267578125,46815000
AAPL,2023-07-10,189.25999450683594,189.99000549316406,187.0399932861328,188.61000061035156,185.84210205078125,188.61000061035156,59922200
AAPL,2023-07-11,189.16000366210938,189.3000030517578,186.60000610351563,188.0800018310547,185.31988525390625,188.0800018310547,46638100
AAPL,2023-07-12,189.67999267578125,191.6999969482422,188.47000122070313,189.77000427246094,186.985107421875,189.77000427246094,60750200
AAPL,2023-07-13,190.5,191.19000244140625,189.77999877929688,190.5399932861328,187.7437744140625,190.5399932861328,41342300
AAPL,2023-07-14,190.22999572753906,191.17999267578125,189.6300048828125,190.69000244140625,187.89158630371094,190.69000244140625,41616200
AAPL,2023-07-17,191.89999389648438,194.32000732421875,191.80999755859375,193.99000549316406,191.14317321777344,193.99000549316406,50520200
AAPL,2023-07-18,193.35000610351563,194.3300018310547,192.4199981689453,193.72999572753906,190.886962890625,193.72999572753906,48288200
AAPL,2023-07-19,193.10000610351563,198.22999572753906,192.64999389648438,195.10000610351563,192.23687744140625,195.10000610351563,80507300
AAPL,2023-07-20,195.08999633789063,196.47000122070313,192.5,193.1300048828125,190.29576110839844,193.1300048828125,59581200
AAPL,2023-07-21,194.10000610351563,194.97000122070313,191.22999572753906,191.94000244140625,189.12326049804688,191.94000244140625,71951700
AAPL,2023-07-24,193.41000366210938,194.91000366210938,192.25,192.75,189.92135620117188,192.75,45377800
AAPL,2023-07-25,193.3300018310547,194.44000244140625,192.9199981689453,193.6199951171875,190.77857971191406,193.6199951171875,37283200
AAPL,2023-07-26,193.6699981689453,195.63999938964844,193.32000732421875,194.5,191.6456756591797,194.5,47471900
AAPL,2023-07-27,196.02000427246094,197.1999969482422,192.5500030517578,193.22000122070313,190.38449096679688,193.22000122070313,47460200
AAPL,2023-07-28,194.6699981689453,196.6300048828125,194.13999938964844,195.8300018310547,192.95614624023438,195.8300018310547,48291400
AAPL,2023-07-31,196.05999755859375,196.49000549316406,195.25999450683594,196.4499969482422,193.5670623779297,196.4499969482422,38824100
AAPL,2023-08-01,196.24000549316406,196.72999572753906,195.27999877929688,195.61000061035156,192.73939514160156,195.61000061035156,35175100
AAPL,2023-08-02,195.0399932861328,195.17999267578125,191.85000610351563,192.5800018310547,189.7538604736328,192.5800018310547,50389300
AAPL,2023-08-03,191.57000732421875,192.3699951171875,190.69000244140625,191.1699981689453,188.36456298828125,191.1699981689453,61235200
AAPL,2023-08-04,185.52000427246094,187.3800048828125,181.9199981689453,181.99000549316406,179.31924438476563,181.99000549316406,115956800
AAPL,2023-08-07,182.1300048828125,183.1300048828125,177.35000610351563,178.85000610351563,176.225341796875,178.85000610351563,97576100
AAPL,2023-08-08,179.69000244140625,180.27000427246094,177.5800018310547,179.8000030517578,177.16139221191406,179.8000030517578,67823000
AAPL,2023-08-09,180.8699951171875,180.92999267578125,177.00999450683594,178.19000244140625,175.57505798339844,178.19000244140625,60378500
AAPL,2023-08-10,179.47999572753906,180.75,177.60000610351563,177.97000122070313,175.35821533203125,177.97000122070313,54686900
AAPL,2023-08-11,177.32000732421875,178.6199951171875,176.5500030517578,177.7899932861328,175.41746520996094,177.7899932861328,52036700
AAPL,2023-08-14,177.97000122070313,179.69000244140625,177.30999755859375,179.4600067138672,177.065185546875,179.4600067138672,43675600
AAPL,2023-08-15,178.8800048828125,179.47999572753906,177.0500030517578,177.4499969482422,175.08200073242188,177.4499969482422,43622600
AAPL,2023-08-16,177.1300048828125,178.5399932861328,176.5,176.57000732421875,174.2137451171875,176.57000732421875,46964900
AAPL,2023-08-17,177.13999938964844,177.50999450683594,173.47999572753906,174,171.67803955078125,174,66062900
AAPL,2023-08-18,172.3000030517578,175.10000610351563,171.9600067138672,174.49000549316406,172.16151428222656,174.49000549316406,61172200
AAPL,2023-08-21,175.07000732421875,176.1300048828125,173.74000549316406,175.83999633789063,173.49349975585938,175.83999633789063,46311900
AAPL,2023-08-22,177.05999755859375,177.67999267578125,176.25,177.22999572753906,174.86495971679688,177.22999572753906,42038900
AAPL,2023-08-23,178.52000427246094,181.5500030517578,178.3300018310547,181.1199951171875,178.70303344726563,181.1199951171875,52722800
AAPL,2023-08-24,180.6699981689453,181.10000610351563,176.00999450683594,176.3800048828125,174.02627563476563,176.3800048828125,54945800
AAPL,2023-08-25,177.3800048828125,179.14999389648438,175.82000732421875,178.61000061035156,176.22653198242188,178.61000061035156,51449600
AAPL,2023-08-28,180.08999633789063,180.58999633789063,178.5500030517578,180.19000244140625,177.7854461669922,180.19000244140625,43820700
AAPL,2023-08-29,179.6999969482422,184.89999389648438,179.5,184.1199951171875,181.6629638671875,184.1199951171875,53003900
AAPL,2023-08-30,184.94000244140625,187.85000610351563,184.74000549316406,187.64999389648438,185.14585876464844,187.64999389648438,60813900
AAPL,2023-08-31,187.83999633789063,189.1199951171875,187.47999572753906,187.8699951171875,185.36294555664063,187.8699951171875,60794500
AAPL,2023-09-01,189.49000549316406,189.9199981689453,188.27999877929688,189.4600067138672,186.93173217773438,189.4600067138672,45766500
AAPL,2023-09-05,188.27999877929688,189.97999572753906,187.61000061035156,189.6999969482422,187.16851806640625,189.6999969482422,45280000
AAPL,2023-09-06,188.39999389648438,188.85000610351563,181.47000122070313,182.91000366210938,180.46914672851563,182.91000366210938,81755800
AAPL,2023-09-07,175.17999267578125,178.2100067138672,173.5399932861328,177.55999755859375,175.1905517578125,177.55999755859375,112488800
AAPL,2023-09-08,178.35000610351563,180.24000549316406,177.7899932861328,178.17999267578125,175.80223083496094,178.17999267578125,65551300
AAPL,2023-09-11,180.07000732421875,180.3000030517578,177.33999633789063,179.36000061035156,176.9665069580078,179.36000061035156,58953100
AAPL,2023-09-12,179.49000549316406,180.1300048828125,174.82000732421875,176.3000030517578,173.94732666015625,176.3000030517578,90370200
AAPL,2023-09-13,176.50999450683594,177.3000030517578,173.97999572753906,174.2100067138672,171.88525390625,174.2100067138672,84267900
AAPL,2023-09-14,174,176.10000610351563,173.5800018310547,175.74000549316406,173.39480590820313,175.74000549316406,60895800
AAPL,2023-09-15,176.47999572753906,176.5,173.82000732421875,175.00999450683594,172.67454528808594,175.00999450683594,109259500
AAPL,2023-09-18,176.47999572753906,179.3800048828125,176.1699981689453,177.97000122070313,175.59506225585938,177.97000122070313,67257600
AAPL,2023-09-19,177.52000427246094,179.6300048828125,177.1300048828125,179.07000732421875,176.68040466308594,179.07000732421875,51826900
AAPL,2023-09-20,179.25999450683594,179.6999969482422,175.39999389648438,175.49000549316406,173.14817810058594,175.49000549316406,58436200
AAPL,2023-09-21,174.5500030517578,176.3000030517578,173.86000061035156,173.92999267578125,171.60894775390625,173.92999267578125,63149100
AAPL,2023-09-22,174.6699981689453,177.0800018310547,174.0500030517578,174.7899932861328,172.45748901367188,174.7899932861328,56725400
AAPL,2023-09-25,174.1999969482422,176.97000122070313,174.14999389648438,176.0800018310547,173.73023986816406,176.0800018310547,46172700
AAPL,2023-09-26,174.82000732421875,175.1999969482422,171.66000366210938,171.9600067138672,169.66525268554688,171.9600067138672,64588900
AAPL,2023-09-27,172.6199951171875,173.0399932861328,169.0500030517578,170.42999267578125,168.15565490722656,170.42999267578125,66921800
AAPL,2023-09-28,169.33999633789063,172.02999877929688,167.6199951171875,170.69000244140625,168.4122314453125,170.69000244140625,56294400
AAPL,2023-09-29,172.02000427246094,173.07000732421875,170.33999633789063,171.2100067138672,168.9252471923828,171.2100067138672,51861100
AAPL,2023-10-02,171.22000122070313,174.3000030517578,170.92999267578125,173.75,171.43138122558594,173.75,52164500
AAPL,2023-10-03,172.25999450683594,173.6300048828125,170.82000732421875,172.39999389648438,170.099365234375,172.39999389648438,49594600
AAPL,2023-10-04,171.08999633789063,174.2100067138672,170.97000122070313,173.66000366210938,171.34255981445313,173.66000366210938,53020300
AAPL,2023-10-05,173.7899932861328,175.4499969482422,172.67999267578125,174.91000366210938,172.5758819580078,174.91000366210938,48527900
AAPL,2023-10-06,173.8000030517578,177.99000549316406,173.17999267578125,177.49000549316406,175.12147521972656,177.49000549316406,57266700
AAPL,2023-10-09,176.80999755859375,179.0500030517578,175.8000030517578,178.99000549316406,176.60147094726563,178.99000549316406,42390800
AAPL,2023-10-10,178.10000610351563,179.72000122070313,177.9499969482422,178.38999938964844,176.00946044921875,178.38999938964844,43698000
AAPL,2023-10-11,178.1999969482422,179.85000610351563,177.60000610351563,179.8000030517578,177.40065002441406,179.8000030517578,47551100
AAPL,2023-10-12,180.07000732421875,182.33999633789063,179.0399932861328,180.7100067138672,178.2985076904297,180.7100067138672,56743100
AAPL,2023-10-13,181.4199981689453,181.92999267578125,178.13999938964844,178.85000610351563,176.46331787109375,178.85000610351563,51427100
AAPL,2023-10-16,176.75,179.0800018310547,176.50999450683594,178.72000122070313,176.3350372314453,178.72000122070313,52517000
AAPL,2023-10-17,176.64999389648438,178.4199981689453,174.8000030517578,177.14999389648438,174.7860107421875,177.14999389648438,57549400
AAPL,2023-10-18,175.5800018310547,177.5800018310547,175.11000061035156,175.83999633789063,173.49349975585938,175.83999633789063,54764400
AAPL,2023-10-19,176.0399932861328,177.83999633789063,175.19000244140625,175.4600067138672,173.11854553222656,175.4600067138672,59302900
AAPL,2023-10-20,175.30999755859375,175.4199981689453,172.63999938964844,172.8800048828125,170.57298278808594,172.8800048828125,64244000
AAPL,2023-10-23,170.91000366210938,174.00999450683594,169.92999267578125,173,170.69137573242188,173,55980100
AAPL,2023-10-24,173.0500030517578,173.6699981689453,171.4499969482422,173.44000244140625,171.12548828125,173.44000244140625,43816600
AAPL,2023-10-25,171.8800048828125,173.05999755859375,170.64999389648438,171.10000610351563,168.81675720214844,171.10000610351563,57157000
AAPL,2023-10-26,170.3699951171875,171.3800048828125,165.6699981689453,166.88999938964844,164.66290283203125,166.88999938964844,70625300
AAPL,2023-10-27,166.91000366210938,168.9600067138672,166.8300018310547,168.22000122070313,165.9751739501953,168.22000122070313,58499100
AAPL,2023-10-30,169.02000427246094,171.1699981689453,168.8699951171875,170.2899932861328,168.0175323486328,170.2899932861328,51131000
AAPL,2023-10-31,169.35000610351563,170.89999389648438,167.89999389648438,170.77000427246094,168.49114990234375,170.77000427246094,44846000
AAPL,2023-11-01,171,174.22999572753906,170.1199951171875,173.97000122070313,171.64840698242188,173.97000122070313,56934900
AAPL,2023-11-02,175.52000427246094,177.77999877929688,175.4600067138672,177.57000732421875,175.20037841796875,177.57000732421875,77334800
AAPL,2023-11-03,174.24000549316406,176.82000732421875,173.35000610351563,176.64999389648438,174.2926483154297,176.64999389648438,79829200
AAPL,2023-11-06,176.3800048828125,179.42999267578125,176.2100067138672,179.22999572753906,176.83824157714844,179.22999572753906,63841300
AAPL,2023-11-07,179.17999267578125,182.44000244140625,178.97000122070313,181.82000732421875,179.39369201660156,181.82000732421875,70530000
AAPL,2023-11-08,182.35000610351563,183.4499969482422,181.58999633789063,182.88999938964844,180.44940185546875,182.88999938964844,49340300
AAPL,2023-11-09,182.9600067138672,184.1199951171875,181.80999755859375,182.41000366210938,179.97579956054688,182.41000366210938,53763500
AAPL,2023-11-10,183.97000122070313,186.57000732421875,183.52999877929688,186.39999389648438,184.15487670898438,186.39999389648438,66133400
AAPL,2023-11-13,185.82000732421875,186.02999877929688,184.2100067138672,184.8000030517578,182.5741729736328,184.8000030517578,43627500
AAPL,2023-11-14,187.6999969482422,188.11000061035156,186.3000030517578,187.44000244140625,185.18234252929688,187.44000244140625,60108400
AAPL,2023-11-15,187.85000610351563,189.5,187.77999877929688,188.00999450683594,185.7454376220703,188.00999450683594,53790500
AAPL,2023-11-16,189.57000732421875,190.9600067138672,188.64999389648438,189.7100067138672,187.4250030517578,189.7100067138672,54412900
AAPL,2023-11-17,190.25,190.3800048828125,188.57000732421875,189.69000244140625,187.4052276611328,189.69000244140625,50922700
AAPL,2023-11-20,189.88999938964844,191.91000366210938,189.8800048828125,191.4499969482422,189.14404296875,191.4499969482422,46505100
AAPL,2023-11-21,191.41000366210938,191.52000427246094,189.74000549316406,190.63999938964844,188.3437957763672,190.63999938964844,38134500
AAPL,2023-11-22,191.49000549316406,192.92999267578125,190.8300018310547,191.30999755859375,189.0057373046875,191.30999755859375,39617700
AAPL,2023-11-24,190.8699951171875,190.89999389648438,189.25,189.97000122070313,187.68185424804688,189.97000122070313,24048300
AAPL,2023-11-27,189.9199981689453,190.6699981689453,188.89999389648438,189.7899932861328,187.50401306152344,189.7899932861328,40552600
AAPL,2023-11-28,189.77999877929688,191.0800018310547,189.39999389648438,190.39999389648438,188.10665893554688,190.39999389648438,38415400
AAPL,2023-11-29,190.89999389648438,192.08999633789063,188.97000122070313,189.3699951171875,187.08908081054688,189.3699951171875,43014200
AAPL,2023-11-30,189.83999633789063,190.32000732421875,188.19000244140625,189.9499969482422,187.66207885742188,189.9499969482422,48794400
AAPL,2023-12-01,190.3300018310547,191.55999755859375,189.22999572753906,191.24000549316406,188.9365692138672,191.24000549316406,45704800
AAPL,2023-12-04,189.97999572753906,190.0500030517578,187.4499969482422,189.42999267578125,187.14834594726563,189.42999267578125,43389500
AAPL,2023-12-05,190.2100067138672,194.39999389648438,190.17999267578125,193.4199981689453,191.09033203125,193.4199981689453,66628400
AAPL,2023-12-06,194.4499969482422,194.75999450683594,192.11000061035156,192.32000732421875,190.00357055664063,192.32000732421875,41089700
AAPL,2023-12-07,193.6300048828125,195,193.58999633789063,194.27000427246094,191.93008422851563,194.27000427246094,47477700
AAPL,2023-12-08,194.1999969482422,195.99000549316406,193.6699981689453,195.7100067138672,193.3527069091797,195.7100067138672,53406400
AAPL,2023-12-11,193.11000061035156,193.49000549316406,191.4199981689453,193.17999267578125,190.8531951904297,193.17999267578125,60943700
AAPL,2023-12-12,193.0800018310547,194.72000122070313,191.72000122070313,194.7100067138672,192.36476135253906,194.7100067138672,52696900
AAPL,2023-12-13,195.08999633789063,198,194.85000610351563,197.9600067138672,195.57562255859375,197.9600067138672,70404200
AAPL,2023-12-14,198.02000427246094,199.6199951171875,196.16000366210938,198.11000061035156,195.7238311767578,198.11000061035156,66831600
AAPL,2023-12-15,197.52999877929688,198.39999389648438,197,197.57000732421875,195.19032287597656,197.57000732421875,128538400
AAPL,2023-12-18,196.08999633789063,196.6300048828125,194.38999938964844,195.88999938964844,193.53053283691406,195.88999938964844,55751900
AAPL,2023-12-19,196.16000366210938,196.9499969482422,195.88999938964844,196.94000244140625,194.5679168701172,196.94000244140625,40714100
AAPL,2023-12-20,196.89999389648438,197.67999267578125,194.8300018310547,194.8300018310547,192.48333740234375,194.8300018310547,52242800
AAPL,2023-12-21,196.10000610351563,197.0800018310547,193.5,194.67999267578125,192.33511352539063,194.67999267578125,46482500
AAPL,2023-12-22,195.17999267578125,195.41000366210938,192.97000122070313,193.60000610351563,191.2681427001953,193.60000610351563,37149600
AAPL,2023-12-26,193.61000061035156,193.88999938964844,192.8300018310547,193.0500030517578,190.7247772216797,193.0500030517578,28919300
AAPL,2023-12-27,192.49000549316406,193.5,191.08999633789063,193.14999389648438,190.82354736328125,193.14999389648438,48087700
AAPL,2023-12-28,194.13999938964844,194.66000366210938,193.1699981689453,193.5800018310547,191.24835205078125,193.5800018310547,34049900
AAPL,2023-12-29,193.89999389648438,194.39999389648438,191.72999572753906,192.52999877929688,190.21102905273438,192.52999877929688,42672100
AAPL,2024-01-02,187.14999389648438,188.44000244140625,183.88999938964844,185.63999938964844,183.40402221679688,185.63999938964844,82488700
AAPL,2024-01-03,184.22000122070313,185.8800048828125,183.42999267578125,184.25,182.03076171875,184.25,58414500
AAPL,2024-01-04,182.14999389648438,183.08999633789063,180.8800048828125,181.91000366210938,179.71893310546875,181.91000366210938,71983600
AAPL,2024-01-05,181.99000549316406,182.75999450683594,180.1699981689453,181.17999267578125,178.9977264404297,181.17999267578125,62379700
AAPL,2024-01-08,182.08999633789063,185.60000610351563,181.5,185.55999755859375,183.32498168945313,185.55999755859375,59144500
AAPL,2024-01-09,183.9199981689453,185.14999389648438,182.72999572753906,185.13999938964844,182.91001892089844,185.13999938964844,42841800
AAPL,2024-01-10,184.35000610351563,186.39999389648438,183.9199981689453,186.19000244140625,183.9473876953125,186.19000244140625,46792900
AAPL,2024-01-11,186.5399932861328,187.0500030517578,183.6199951171875,185.58999633789063,183.35462951660156,185.58999633789063,49128400
AAPL,2024-01-12,186.05999755859375,186.74000549316406,185.19000244140625,185.9199981689453,183.68063354492188,185.9199981689453,40477800
AAPL,2024-01-16,182.16000366210938,184.25999450683594,180.92999267578125,183.6300048828125,181.41824340820313,183.6300048828125,65603000
AAPL,2024-01-17,181.27000427246094,182.92999267578125,180.3000030517578,182.67999267578125,180.4796600341797,182.67999267578125,47317400
AAPL,2024-01-18,186.08999633789063,189.13999938964844,185.8300018310547,188.6300048828125,186.35800170898438,188.6300048828125,78005800
AAPL,2024-01-19,189.3300018310547,191.9499969482422,188.82000732421875,191.55999755859375,189.2527313232422,191.55999755859375,68903000
AAPL,2024-01-22,192.3000030517578,195.3300018310547,192.25999450683594,193.88999938964844,191.5546417236328,193.88999938964844,60133900
AAPL,2024-01-23,195.02000427246094,195.75,193.8300018310547,195.17999267578125,192.82911682128906,195.17999267578125,42355600
AAPL,2024-01-24,195.4199981689453,196.3800048828125,194.33999633789063,194.5,192.1572723388672,194.5,53631300
AAPL,2024-01-25,195.22000122070313,196.27000427246094,193.11000061035156,194.1699981689453,191.83126831054688,194.1699981689453,54822100
AAPL,2024-01-26,194.27000427246094,194.75999450683594,191.94000244140625,192.4199981689453,190.1023406982422,192.4199981689453,44594000
AAPL,2024-01-29,192.00999450683594,192.1999969482422,189.5800018310547,191.72999572753906,189.420654296875,191.72999572753906,47145600
AAPL,2024-01-30,190.94000244140625,191.8000030517578,187.47000122070313,188.0399932861328,185.7751007080078,188.0399932861328,55859400
AAPL,2024-01-31,187.0399932861328,187.10000610351563,184.35000610351563,184.39999389648438,182.17893981933594,184.39999389648438,55467800
AAPL,2024-02-01,183.99000549316406,186.9499969482422,183.82000732421875,186.86000061035156,184.6093292236328,186.86000061035156,64885400
AAPL,2024-02-02,179.86000061035156,187.3300018310547,179.25,185.85000610351563,183.6114959716797,185.85000610351563,102551700
AAPL,2024-02-05,188.14999389648438,189.25,185.83999633789063,187.67999267578125,185.41943359375,187.67999267578125,69668800
AAPL,2024-02-06,186.86000061035156,189.30999755859375,186.77000427246094,189.3000030517578,187.0199432373047,189.3000030517578,43490800
AAPL,2024-02-07,190.63999938964844,191.0500030517578,188.61000061035156,189.41000366210938,187.12860107421875,189.41000366210938,53439000
AAPL,2024-02-08,189.38999938964844,189.5399932861328,187.35000610351563,188.32000732421875,186.05172729492188,188.32000732421875,40962000
AAPL,2024-02-09,188.64999389648438,189.99000549316406,188,188.85000610351563,186.81338500976563,188.85000610351563,45155200
AAPL,2024-02-12,188.4199981689453,188.6699981689453,186.7899932861328,187.14999389648438,185.13174438476563,187.14999389648438,41781900
AAPL,2024-02-13,185.77000427246094,186.2100067138672,183.50999450683594,185.0399932861328,183.04452514648438,185.0399932861328,56529500
AAPL,2024-02-14,185.32000732421875,185.52999877929688,182.44000244140625,184.14999389648438,182.16407775878906,184.14999389648438,54630500
AAPL,2024-02-15,183.5500030517578,184.49000549316406,181.35000610351563,183.86000061035156,181.87722778320313,183.86000061035156,65434500
AAPL,2024-02-16,183.4199981689453,184.85000610351563,181.6699981689453,182.30999755859375,180.34397888183594,182.30999755859375,49752500
AAPL,2024-02-20,181.7899932861328,182.42999267578125,180,181.55999755859375,179.60202026367188,181.55999755859375,53665600
AAPL,2024-02-21,181.94000244140625,182.88999938964844,180.66000366210938,182.32000732421875,180.35385131835938,182.32000732421875,41371400
AAPL,2024-02-22,183.47999572753906,184.9600067138672,182.4600067138672,184.3699951171875,182.38174438476563,184.3699951171875,52292200
AAPL,2024-02-23,185.00999450683594,185.0399932861328,182.22999572753906,182.52000427246094,180.5516815185547,182.52000427246094,45119700
AAPL,2024-02-26,182.24000549316406,182.75999450683594,180.64999389648438,181.16000366210938,179.2063446044922,181.16000366210938,40867400
AAPL,2024-02-27,181.10000610351563,183.9199981689453,179.55999755859375,182.6300048828125,180.6605224609375,182.6300048828125,54318900
AAPL,2024-02-28,182.50999450683594,183.1199951171875,180.1300048828125,181.4199981689453,179.46356201171875,181.4199981689453,48953900
AAPL,2024-02-29,181.27000427246094,182.57000732421875,179.52999877929688,180.75,178.80079650878906,180.75,136682600
AAPL,2024-03-01,179.5500030517578,180.52999877929688,177.3800048828125,179.66000366210938,177.72251892089844,179.66000366210938,73563100
AAPL,2024-03-04,176.14999389648438,176.89999389648438,173.7899932861328,175.10000610351563,173.21170043945313,175.10000610351563,81510100
AAPL,2024-03-05,170.75999450683594,172.0399932861328,169.6199951171875,170.1199951171875,168.28538513183594,170.1199951171875,95132400
AAPL,2024-03-06,171.05999755859375,171.24000549316406,168.67999267578125,169.1199951171875,167.2961883544922,169.1199951171875,68587700
AAPL,2024-03-07,169.14999389648438,170.72999572753906,168.49000549316406,169,167.17747497558594,169,71765100
AAPL,2024-03-08,169,173.6999969482422,168.94000244140625,170.72999572753906,168.88882446289063,170.72999572753906,76267000
AAPL,2024-03-11,172.94000244140625,174.3800048828125,172.0500030517578,172.75,170.8870391845703,172.75,60139500
AAPL,2024-03-12,173.14999389648438,174.02999877929688,171.00999450683594,173.22999572753906,171.36187744140625,173.22999572753906,59825400
AAPL,2024-03-13,172.77000427246094,173.19000244140625,170.75999450683594,171.1300048828125,169.28453063964844,171.1300048828125,52488700
AAPL,2024-03-14,172.91000366210938,174.30999755859375,172.0500030517578,173,171.13433837890625,173,72913500
AAPL,2024-03-15,171.1699981689453,172.6199951171875,170.2899932861328,172.6199951171875,170.75843811035156,172.6199951171875,121752700
AAPL,2024-03-18,175.57000732421875,177.7100067138672,173.52000427246094,173.72000122070313,171.84657287597656,173.72000122070313,75604200
AAPL,2024-03-19,174.33999633789063,176.61000061035156,173.02999877929688,176.0800018310547,174.18115234375,176.0800018310547,55215200
AAPL,2024-03-20,175.72000122070313,178.6699981689453,175.08999633789063,178.6699981689453,176.7432098388672,178.6699981689453,53423100
AAPL,2024-03-21,177.0500030517578,177.49000549316406,170.83999633789063,171.3699951171875,169.52191162109375,171.3699951171875,106181300
AAPL,2024-03-22,171.75999450683594,173.0500030517578,170.05999755859375,172.27999877929688,170.422119140625,172.27999877929688,71160100
AAPL,2024-03-25,170.57000732421875,171.94000244140625,169.4499969482422,170.85000610351563,169.00753784179688,170.85000610351563,54288300
AAPL,2024-03-26,170,171.4199981689453,169.5800018310547,169.7100067138672,167.87985229492188,169.7100067138672,57388400
AAPL,2024-03-27,170.41000366210938,173.60000610351563,170.11000061035156,173.30999755859375,171.44100952148438,173.30999755859375,60273300
AAPL,2024-03-28,171.75,172.22999572753906,170.50999450683594,171.47999572753906,169.63072204589844,171.47999572753906,65672700
AAPL,2024-04-01,171.19000244140625,171.25,169.47999572753906,170.02999877929688,168.19638061523438,170.02999877929688,46240500
AAPL,2024-04-02,169.0800018310547,169.33999633789063,168.22999572753906,168.83999633789063,167.0192413330078,168.83999633789063,49329500
AAPL,2024-04-03,168.7899932861328,170.67999267578125,168.5800018310547,169.64999389648438,167.8204803466797,169.64999389648438,47691700
AAPL,2024-04-04,170.2899932861328,171.9199981689453,168.82000732421875,168.82000732421875,166.99942016601563,168.82000732421875,53704400
AAPL,2024-04-05,169.58999633789063,170.38999938964844,168.9499969482422,169.5800018310547,167.75123596191406,169.5800018310547,42104800
AAPL,2024-04-08,169.02999877929688,169.1999969482422,168.24000549316406,168.4499969482422,166.63343811035156,168.4499969482422,37425500
AAPL,2024-04-09,168.6999969482422,170.0800018310547,168.35000610351563,169.6699981689453,167.8402557373047,169.6699981689453,42373800
AAPL,2024-04-10,168.8000030517578,169.08999633789063,167.11000061035156,167.77999877929688,165.97064208984375,167.77999877929688,49709300
AAPL,2024-04-11,168.33999633789063,175.4600067138672,168.16000366210938,175.0399932861328,173.15235900878906,175.0399932861328,91070300
AAPL,2024-04-12,174.25999450683594,178.36000061035156,174.2100067138672,176.5500030517578,174.6460723876953,176.5500030517578,101670900
AAPL,2024-04-15,175.36000061035156,176.6300048828125,172.5,172.69000244140625,170.82769775390625,172.69000244140625,73531800
AAPL,2024-04-16,171.75,173.75999450683594,168.27000427246094,169.3800048828125,167.55340576171875,169.3800048828125,73711200
AAPL,2024-04-17,169.61000061035156,170.64999389648438,168,168,166.1882781982422,168,50901200
AAPL,2024-04-18,168.02999877929688,168.63999938964844,166.5500030517578,167.0399932861328,165.23863220214844,167.0399932861328,43122900
AAPL,2024-04-19,166.2100067138672,166.39999389648438,164.0800018310547,165,163.22061157226563,165,68149400
AAPL,2024-04-22,165.52000427246094,167.25999450683594,164.77000427246094,165.83999633789063,164.05154418945313,165.83999633789063,48116400
AAPL,2024-04-23,165.35000610351563,167.0500030517578,164.9199981689453,166.89999389648438,165.10012817382813,166.89999389648438,49537800
AAPL,2024-04-24,166.5399932861328,169.3000030517578,166.2100067138672,169.02000427246094,167.19728088378906,169.02000427246094,48251800
AAPL,2024-04-25,169.52999877929688,170.61000061035156,168.14999389648438,169.88999938964844,168.05787658691406,169.88999938964844,50558300
AAPL,2024-04-26,169.8800048828125,171.33999633789063,169.17999267578125,169.3000030517578,167.47425842285156,169.3000030517578,44838400
AAPL,2024-04-29,173.3699951171875,176.02999877929688,173.10000610351563,173.5,171.62896728515625,173.5,68169400
AAPL,2024-04-30,173.3300018310547,174.99000549316406,170,170.3300018310547,168.49314880371094,170.3300018310547,65934800
AAPL,2024-05-01,169.5800018310547,172.7100067138672,169.11000061035156,169.3000030517578,167.47425842285156,169.3000030517578,50383100
AAPL,2024-05-02,172.50999450683594,173.4199981689453,170.88999938964844,173.02999877929688,171.1640167236328,173.02999877929688,94214900
AAPL,2024-05-03,186.64999389648438,187,182.66000366210938,183.3800048828125,181.4024200439453,183.3800048828125,163224100
AAPL,2024-05-06,182.35000610351563,184.1999969482422,180.4199981689453,181.7100067138672,179.75042724609375,181.7100067138672,78569700
AAPL,2024-05-07,183.4499969482422,184.89999389648438,181.32000732421875,182.39999389648438,180.43296813964844,182.39999389648438,77305800
AAPL,2024-05-08,182.85000610351563,183.07000732421875,181.4499969482422,182.74000549316406,180.76931762695313,182.74000549316406,45057100
AAPL,2024-05-09,182.55999755859375,184.66000366210938,182.11000061035156,184.57000732421875,182.57957458496094,184.57000732421875,48983000
AAPL,2024-05-10,184.89999389648438,185.08999633789063,182.1300048828125,183.0500030517578,181.32156372070313,183.0500030517578,50759500
AAPL,2024-05-13,185.44000244140625,187.10000610351563,184.6199951171875,186.27999877929688,184.5210723876953,186.27999877929688,72044800
AAPL,2024-05-14,187.50999450683594,188.3000030517578,186.2899932861328,187.42999267578125,185.6602020263672,187.42999267578125,52393600
AAPL,2024-05-15,187.91000366210938,190.64999389648438,187.3699951171875,189.72000122070313,187.92860412597656,189.72000122070313,70400000
AAPL,2024-05-16,190.47000122070313,191.10000610351563,189.66000366210938,189.83999633789063,188.0474853515625,189.83999633789063,52845200
AAPL,2024-05-17,189.50999450683594,190.80999755859375,189.17999267578125,189.8699951171875,188.07717895507813,189.8699951171875,41282900
AAPL,2024-05-20,189.3300018310547,191.9199981689453,189.00999450683594,191.0399932861328,189.2361297607422,191.0399932861328,44361300
AAPL,2024-05-21,191.08999633789063,192.72999572753906,190.9199981689453,192.35000610351563,190.53378295898438,192.35000610351563,42309400
AAPL,2024-05-22,192.27000427246094,192.82000732421875,190.27000427246094,190.89999389648438,189.09744262695313,190.89999389648438,34648500
AAPL,2024-05-23,190.97999572753906,191,186.6300048828125,186.8800048828125,185.11541748046875,186.8800048828125,51005900
AAPL,2024-05-24,188.82000732421875,190.5800018310547,188.0399932861328,189.97999572753906,188.18612670898438,189.97999572753906,36327000
AAPL,2024-05-28,191.50999450683594,193,189.10000610351563,189.99000549316406,188.19602966308594,189.99000549316406,52280100
AAPL,2024-05-29,189.61000061035156,192.25,189.50999450683594,190.2899932861328,188.4932098388672,190.2899932861328,53068000
AAPL,2024-05-30,190.75999450683594,192.17999267578125,190.6300048828125,191.2899932861328,189.4837646484375,191.2899932861328,49889100
AAPL,2024-05-31,191.44000244140625,192.57000732421875,189.91000366210938,192.25,190.43470764160156,192.25,75158300
AAPL,2024-06-03,192.89999389648438,194.99000549316406,192.52000427246094,194.02999877929688,192.19790649414063,194.02999877929688,50080500
AAPL,2024-06-04,194.63999938964844,195.32000732421875,193.02999877929688,194.35000610351563,192.514892578125,194.35000610351563,47471400
AAPL,2024-06-05,195.39999389648438,196.89999389648438,194.8699951171875,195.8699951171875,194.02052307128906,195.8699951171875,54156800
AAPL,2024-06-06,195.69000244140625,196.5,194.1699981689453,194.47999572753906,192.64364624023438,194.47999572753906,41181800
AAPL,2024-06-07,194.64999389648438,196.94000244140625,194.13999938964844,196.88999938964844,195.03089904785156,196.88999938964844,53103900
AAPL,2024-06-10,196.89999389648438,197.3000030517578,192.14999389648438,193.1199951171875,191.2964630126953,193.1199951171875,97010200
AAPL,2024-06-11,193.64999389648438,207.16000366210938,193.6300048828125,207.14999389648438,205.19400024414063,207.14999389648438,172373300
AAPL,2024-06-12,207.3699951171875,220.1999969482422,206.89999389648438,213.07000732421875,211.0581512451172,213.07000732421875,198134300
AAPL,2024-06-13,214.74000549316406,216.75,211.60000610351563,214.24000549316406,212.2170867919922,214.24000549316406,97862700
AAPL,2024-06-14,213.85000610351563,215.1699981689453,211.3000030517578,212.49000549316406,210.4835968017578,212.49000549316406,70122700
AAPL,2024-06-17,213.3699951171875,218.9499969482422,212.72000122070313,216.6699981689453,214.62411499023438,216.6699981689453,93728300
AAPL,2024-06-18,217.58999633789063,218.6300048828125,213,214.2899932861328,212.26658630371094,214.2899932861328,79943300
AAPL,2024-06-20,213.92999267578125,214.24000549316406,208.85000610351563,209.67999267578125,207.70010375976563,209.67999267578125,86172500
AAPL,2024-06-21,210.38999938964844,211.88999938964844,207.11000061035156,207.49000549316406,205.5308074951172,207.49000549316406,241805100
AAPL,2024-06-24,207.72000122070313,212.6999969482422,206.58999633789063,208.13999938964844,206.17465209960938,208.13999938964844,80727000
AAPL,2024-06-25,209.14999389648438,211.3800048828125,208.61000061035156,209.07000732421875,207.09588623046875,209.07000732421875,55549700
AAPL,2024-06-26,211.5,214.86000061035156,210.63999938964844,213.25,211.2364044189453,213.25,66213200
AAPL,2024-06-27,214.69000244140625,215.74000549316406,212.35000610351563,214.10000610351563,212.07839965820313,214.10000610351563,49772700
AAPL,2024-06-28,215.77000427246094,216.07000732421875,210.3000030517578,210.6199951171875,208.63125610351563,210.6199951171875,82542700
AAPL,2024-07-01,212.08999633789063,217.50999450683594,211.9199981689453,216.75,214.703369140625,216.75,60402900
AAPL,2024-07-02,216.14999389648438,220.3800048828125,215.10000610351563,220.27000427246094,218.19012451171875,220.27000427246094,58046200
AAPL,2024-07-03,220,221.5500030517578,219.02999877929688,221.5500030517578,219.45803833007813,221.5500030517578,37369800
AAPL,2024-07-05,221.64999389648438,226.4499969482422,221.64999389648438,226.33999633789063,224.2028045654297,226.33999633789063,60412400
AAPL,2024-07-08,227.08999633789063,227.85000610351563,223.25,227.82000732421875,225.66885375976563,227.82000732421875,59085900
AAPL,2024-07-09,227.92999267578125,229.39999389648438,226.3699951171875,228.67999267578125,226.5207061767578,228.67999267578125,48076100
AAPL,2024-07-10,229.3000030517578,233.0800018310547,229.25,232.97999572753906,230.78012084960938,232.97999572753906,62627700
AAPL,2024-07-11,231.38999938964844,232.38999938964844,225.77000427246094,227.57000732421875,225.42123413085938,227.57000732421875,64710600
AAPL,2024-07-12,228.9199981689453,232.63999938964844,228.67999267578125,230.5399932861328,228.36314392089844,230.5399932861328,53046500
AAPL,2024-07-15,236.47999572753906,237.22999572753906,233.08999633789063,234.39999389648438,232.18670654296875,234.39999389648438,62631300
AAPL,2024-07-16,235,236.27000427246094,232.3300018310547,234.82000732421875,232.60276794433594,234.82000732421875,43234300
AAPL,2024-07-17,229.4499969482422,231.4600067138672,226.63999938964844,228.8800048828125,226.7188262939453,228.8800048828125,57345900
AAPL,2024-07-18,230.27999877929688,230.44000244140625,222.27000427246094,224.17999267578125,222.06320190429688,224.17999267578125,66034600
AAPL,2024-07-19,224.82000732421875,226.8000030517578,223.27999877929688,224.30999755859375,222.19198608398438,224.30999755859375,49151500
AAPL,2024-07-22,227.00999450683594,227.77999877929688,223.08999633789063,223.9600067138672,221.84532165527344,223.9600067138672,48201800
AAPL,2024-07-23,224.3699951171875,226.94000244140625,222.67999267578125,225.00999450683594,222.8853759765625,225.00999450683594,39960300
AAPL,2024-07-24,224,224.8000030517578,217.1300048828125,218.5399932861328,216.47647094726563,218.5399932861328,61777600
AAPL,2024-07-25,218.92999267578125,220.85000610351563,214.6199951171875,217.49000549316406,215.43638610839844,217.49000549316406,51391200
AAPL,2024-07-26,218.6999969482422,219.49000549316406,216.00999450683594,217.9600067138672,215.90194702148438,217.9600067138672,41601300
AAPL,2024-07-29,216.9600067138672,219.3000030517578,215.75,218.24000549316406,216.17930603027344,218.24000549316406,36311800
AAPL,2024-07-30,219.19000244140625,220.3300018310547,216.1199951171875,218.8000030517578,216.7340087890625,218.8000030517578,41643800
AAPL,2024-07-31,221.44000244140625,223.82000732421875,220.6300048828125,222.0800018310547,219.98301696777344,222.0800018310547,50036300
AAPL,2024-08-01,224.3699951171875,224.47999572753906,217.02000427246094,218.36000061035156,216.29815673828125,218.36000061035156,62501000
AAPL,2024-08-02,219.14999389648438,225.60000610351563,217.7100067138672,219.86000061035156,217.78399658203125,219.86000061035156,105568600
AAPL,2024-08-05,199.08999633789063,213.5,196,209.27000427246094,207.2939910888672,209.27000427246094,119548600
AAPL,2024-08-06,205.3000030517578,209.99000549316406,201.07000732421875,207.22999572753906,205.27325439453125,207.22999572753906,69660500
AAPL,2024-08-07,206.89999389648438,213.63999938964844,206.38999938964844,209.82000732421875,207.8387908935547,209.82000732421875,63516400
AAPL,2024-08-08,213.11000061035156,214.1999969482422,208.8300018310547,213.30999755859375,211.29586791992188,213.30999755859375,47161100
AAPL,2024-08-09,212.10000610351563,216.77999877929688,211.97000122070313,216.24000549316406,214.1981964111328,216.24000549316406,42201600
AAPL,2024-08-12,216.07000732421875,219.50999450683594,215.60000610351563,217.52999877929688,215.72543334960938,217.52999877929688,38028100
AAPL,2024-08-13,219.00999450683594,221.88999938964844,219.00999450683594,221.27000427246094,219.4344024658203,221.27000427246094,44155300
AAPL,2024-08-14,220.57000732421875,223.02999877929688,219.6999969482422,221.72000122070313,219.88067626953125,221.72000122070313,41960600
AAPL,2024-08-15,224.60000610351563,225.35000610351563,222.75999450683594,224.72000122070313,222.8557891845703,224.72000122070313,46414000
AAPL,2024-08-16,223.9199981689453,226.8300018310547,223.64999389648438,226.0500030517578,224.1747283935547,226.0500030517578,44340200
AAPL,2024-08-19,225.72000122070313,225.99000549316406,223.0399932861328,225.88999938964844,224.0160675048828,225.88999938964844,40687800
AAPL,2024-08-20,225.77000427246094,227.1699981689453,225.4499969482422,226.50999450683594,224.6309051513672,226.50999450683594,30299000
AAPL,2024-08-21,226.52000427246094,227.97999572753906,225.0500030517578,226.39999389648438,224.52182006835938,226.39999389648438,34765500
AAPL,2024-08-22,227.7899932861328,228.33999633789063,223.89999389648438,224.52999877929688,222.6673583984375,224.52999877929688,43695300
AAPL,2024-08-23,225.66000366210938,228.22000122070313,224.3300018310547,226.83999633789063,224.95819091796875,226.83999633789063,38677300
AAPL,2024-08-26,226.75999450683594,227.27999877929688,223.88999938964844,227.17999267578125,225.29534912109375,227.17999267578125,30602200
AAPL,2024-08-27,226,228.85000610351563,224.88999938964844,228.02999877929688,226.13829040527344,228.02999877929688,35934600
AAPL,2024-08-28,227.9199981689453,229.86000061035156,225.67999267578125,226.49000549316406,224.611083984375,226.49000549316406,38052200
AAPL,2024-08-29,230.10000610351563,232.9199981689453,228.8800048828125,229.7899932861328,227.8837127685547,229.7899932861328,51906300
AAPL,2024-08-30,230.19000244140625,230.39999389648438,227.47999572753906,229,227.1002655029297,229,52990800
AAPL,2024-09-03,228.5500030517578,229,221.1699981689453,222.77000427246094,220.9219512939453,222.77000427246094,50190600
AAPL,2024-09-04,221.66000366210938,221.77999877929688,217.47999572753906,220.85000610351563,219.0178985595703,220.85000610351563,43840200
AAPL,2024-09-05,221.6300048828125,225.47999572753906,221.52000427246094,222.3800048828125,220.53517150878906,222.3800048828125,36615400
AAPL,2024-09-06,223.9499969482422,225.24000549316406,219.77000427246094,220.82000732421875,218.9881134033203,220.82000732421875,48423000
AAPL,2024-09-09,220.82000732421875,221.27000427246094,216.7100067138672,220.91000366210938,219.07737731933594,220.91000366210938,67180000
AAPL,2024-09-10,218.9199981689453,221.47999572753906,216.72999572753906,220.11000061035156,218.2840118408203,220.11000061035156,51591000
AAPL,2024-09-11,221.4600067138672,223.08999633789063,217.88999938964844,222.66000366210938,220.8128662109375,222.66000366210938,44587100
AAPL,2024-09-12,222.5,223.5500030517578,219.82000732421875,222.77000427246094,220.9219512939453,222.77000427246094,37455600
AAPL,2024-09-13,223.5800018310547,224.0399932861328,221.91000366210938,222.5,220.65419006347656,222.5,36766600
AAPL,2024-09-16,216.5399932861328,217.22000122070313,213.9199981689453,216.32000732421875,214.5254669189453,216.32000732421875,59357400
AAPL,2024-09-17,215.75,216.89999389648438,214.5,216.7899932861328,214.99156188964844,216.7899932861328,45519300
AAPL,2024-09-18,217.5500030517578,222.7100067138672,217.5399932861328,220.69000244140625,218.85919189453125,220.69000244140625,59894900
AAPL,2024-09-19,224.99000549316406,229.82000732421875,224.6300048828125,228.8699951171875,226.9713134765625,228.8699951171875,66781300
AAPL,2024-09-20,229.97000122070313,233.08999633789063,227.6199951171875,228.1999969482422,226.30690002441406,228.1999969482422,318679900
AAPL,2024-09-23,227.33999633789063,229.4499969482422,225.80999755859375,226.47000122070313,224.5912628173828,226.47000122070313,54146000
AAPL,2024-09-24,228.64999389648438,229.35000610351563,225.72999572753906,227.3699951171875,225.48377990722656,227.3699951171875,43556100
AAPL,2024-09-25,224.92999267578125,227.2899932861328,224.02000427246094,226.3699951171875,224.4920654296875,226.3699951171875,42308700
AAPL,2024-09-26,227.3000030517578,228.5,225.41000366210938,227.52000427246094,225.63253784179688,227.52000427246094,36636700
AAPL,2024-09-27,228.4600067138672,229.52000427246094,227.3000030517578,227.7899932861328,225.9003143310547,227.7899932861328,34026000
AAPL,2024-09-30,230.0399932861328,233,229.64999389648438,233,231.06707763671875,233,54541900
AAPL,2024-10-01,229.52000427246094,229.64999389648438,223.74000549316406,226.2100067138672,224.33340454101563,226.2100067138672,63285000
AAPL,2024-10-02,225.88999938964844,227.3699951171875,223.02000427246094,226.77999877929688,224.89866638183594,226.77999877929688,32880600
AAPL,2024-10-03,225.13999938964844,226.80999755859375,223.32000732421875,225.6699981689453,223.79786682128906,225.6699981689453,34044200
AAPL,2024-10-04,227.89999389648438,228,224.1300048828125,226.8000030517578,224.91851806640625,226.8000030517578,37245100
AAPL,2024-10-07,224.5,225.69000244140625,221.3300018310547,221.69000244140625,219.85089111328125,221.69000244140625,39505400
AAPL,2024-10-08,224.3000030517578,225.97999572753906,223.25,225.77000427246094,223.89706420898438,225.77000427246094,31855700
AAPL,2024-10-09,225.22999572753906,229.75,224.8300018310547,229.5399932861328,227.6357879638672,229.5399932861328,33591100
AAPL,2024-10-10,227.77999877929688,229.5,227.1699981689453,229.0399932861328,227.1399383544922,229.0399932861328,28183500
AAPL,2024-10-11,229.3000030517578,229.41000366210938,227.33999633789063,227.5500030517578,225.66229248046875,227.5500030517578,31759200
AAPL,2024-10-14,228.6999969482422,231.72999572753906,228.60000610351563,231.3000030517578,229.38119506835938,231.3000030517578,39882100
AAPL,2024-10-15,233.61000061035156,237.49000549316406,232.3699951171875,233.85000610351563,231.91001892089844,233.85000610351563,64751400
AAPL,2024-10-16,231.60000610351563,232.1199951171875,229.83999633789063,231.77999877929688,229.85719299316406,231.77999877929688,34082200
AAPL,2024-10-17,233.42999267578125,233.85000610351563,230.52000427246094,232.14999389648438,230.22413635253906,232.14999389648438,32993800
AAPL,2024-10-18,236.17999267578125,236.17999267578125,234.00999450683594,235,233.0504608154297,235,46431500
AAPL,2024-10-21,234.4499969482422,236.85000610351563,234.4499969482422,236.47999572753906,234.51820373535156,236.47999572753906,36254500
AAPL,2024-10-22,233.88999938964844,236.22000122070313,232.60000610351563,235.86000061035156,233.9033660888672,235.86000061035156,38846600
AAPL,2024-10-23,234.0800018310547,235.13999938964844,227.75999450683594,230.75999450683594,228.84567260742188,230.75999450683594,52287000
AAPL,2024-10-24,229.97999572753906,230.82000732421875,228.41000366210938,230.57000732421875,228.65724182128906,230.57000732421875,31109500
AAPL,2024-10-25,229.74000549316406,233.22000122070313,229.57000732421875,231.41000366210938,229.49026489257813,231.41000366210938,38802300
AAPL,2024-10-28,233.32000732421875,234.72999572753906,232.5500030517578,233.39999389648438,231.4637451171875,233.39999389648438,36087100
AAPL,2024-10-29,233.10000610351563,234.3300018310547,232.32000732421875,233.6699981689453,231.73150634765625,233.6699981689453,35417200
AAPL,2024-10-30,232.61000061035156,233.47000122070313,229.5500030517578,230.10000610351563,228.19114685058594,230.10000610351563,47070900
AAPL,2024-10-31,229.33999633789063,229.8300018310547,225.3699951171875,225.91000366210938,224.035888671875,225.91000366210938,64370100
AAPL,2024-11-01,220.97000122070313,225.35000610351563,220.27000427246094,222.91000366210938,221.06077575683594,222.91000366210938,65276700
AAPL,2024-11-04,220.99000549316406,222.7899932861328,219.7100067138672,222.00999450683594,220.16822814941406,222.00999450683594,44944500
AAPL,2024-11-05,221.8000030517578,223.9499969482422,221.13999938964844,223.4499969482422,221.59629821777344,223.4499969482422,28111300
AAPL,2024-11-06,222.61000061035156,226.07000732421875,221.19000244140625,222.72000122070313,220.8723602294922,222.72000122070313,54561100
AAPL,2024-11-07,224.6300048828125,227.8800048828125,224.57000732421875,227.47999572753906,225.59286499023438,227.47999572753906,42137700
AAPL,2024-11-08,227.1699981689453,228.66000366210938,226.41000366210938,226.9600067138672,225.32481384277344,226.9600067138672,38328800
AAPL,2024-11-11,225,225.6999969482422,221.5,224.22999572753906,222.614501953125,224.22999572753906,42005600
AAPL,2024-11-12,224.5500030517578,225.58999633789063,223.36000061035156,224.22999572753906,222.614501953125,224.22999572753906,40398300
AAPL,2024-11-13,224.00999450683594,226.64999389648438,222.75999450683594,225.1199951171875,223.49806213378906,225.1199951171875,48566200
AAPL,2024-11-14,225.02000427246094,228.8699951171875,225,228.22000122070313,226.5757293701172,228.22000122070313,44923900
AAPL,2024-11-15,226.39999389648438,226.9199981689453,224.27000427246094,225,223.37893676757813,225,47923700
AAPL,2024-11-18,225.25,229.74000549316406,225.1699981689453,228.02000427246094,226.37716674804688,228.02000427246094,44633700
AAPL,2024-11-19,226.97999572753906,230.16000366210938,226.66000366210938,228.27999877929688,226.63528442382813,228.27999877929688,36211800
AAPL,2024-11-20,228.05999755859375,229.92999267578125,225.88999938964844,229,227.35011291503906,229,35169600
AAPL,2024-11-21,228.8800048828125,230.16000366210938,225.7100067138672,228.52000427246094,226.8735809326172,228.52000427246094,42108300
AAPL,2024-11-22,228.05999755859375,230.72000122070313,228.05999755859375,229.8699951171875,228.21383666992188,229.8699951171875,38168300
AAPL,2024-11-25,231.4600067138672,233.25,229.74000549316406,232.8699951171875,231.19223022460938,232.8699951171875,90152800
AAPL,2024-11-26,233.3300018310547,235.57000732421875,233.3300018310547,235.05999755859375,233.36643981933594,235.05999755859375,45986200
AAPL,2024-11-27,234.47000122070313,235.69000244140625,233.80999755859375,234.92999267578125,233.2373809814453,234.92999267578125,33498400
AAPL,2024-11-29,234.80999755859375,237.80999755859375,233.97000122070313,237.3300018310547,235.62008666992188,237.3300018310547,28481400
AAPL,2024-12-02,237.27000427246094,240.7899932861328,237.16000366210938,239.58999633789063,237.86380004882813,239.58999633789063,48137100
AAPL,2024-12-03,239.80999755859375,242.75999450683594,238.89999389648438,242.64999389648438,240.9017791748047,242.64999389648438,38861000
AAPL,2024-12-04,242.8699951171875,244.11000061035156,241.25,243.00999450683594,241.25918579101563,243.00999450683594,44383900
AAPL,2024-12-05,243.99000549316406,244.5399932861328,242.1300048828125,243.0399932861328,241.28895568847656,243.0399932861328,40033900
AAPL,2024-12-06,242.91000366210938,244.6300048828125,242.0800018310547,242.83999633789063,241.0903778076172,242.83999633789063,36870600
AAPL,2024-12-09,241.8300018310547,247.24000549316406,241.75,246.75,244.9722442626953,246.75,44649200
AAPL,2024-12-10,246.88999938964844,248.2100067138672,245.33999633789063,247.77000427246094,245.98487854003906,247.77000427246094,36914800
AAPL,2024-12-11,247.9600067138672,250.8000030517578,246.25999450683594,246.49000549316406,244.71412658691406,246.49000549316406,45205800
AAPL,2024-12-12,246.88999938964844,248.74000549316406,245.67999267578125,247.9600067138672,246.17352294921875,247.9600067138672,32777500
AAPL,2024-12-13,247.82000732421875,249.2899932861328,246.24000549316406,248.1300048828125,246.34228515625,248.1300048828125,33155300
AAPL,2024-12-16,247.99000549316406,251.3800048828125,247.64999389648438,251.0399932861328,249.2313232421875,251.0399932861328,51694800
AAPL,2024-12-17,250.0800018310547,253.8300018310547,249.77999877929688,253.47999572753906,251.6537322998047,253.47999572753906,51356400
AAPL,2024-12-18,252.16000366210938,254.27999877929688,247.74000549316406,248.0500030517578,246.26287841796875,248.0500030517578,56774100
AAPL,2024-12-19,247.5,252,247.08999633789063,249.7899932861328,247.99032592773438,249.7899932861328,60882300
AAPL,2024-12-20,248.0399932861328,255,245.69000244140625,254.49000549316406,252.65647888183594,254.49000549316406,147495300
AAPL,2024-12-23,254.77000427246094,255.64999389648438,253.4499969482422,255.27000427246094,253.43087768554688,255.27000427246094,40858800
AAPL,2024-12-24,255.49000549316406,258.2099914550781,255.2899932861328,258.20001220703125,256.3397521972656,258.20001220703125,23234700
AAPL,2024-12-26,258.19000244140625,260.1000061035156,257.6300048828125,259.0199890136719,257.1538391113281,259.0199890136719,27237100
AAPL,2024-12-27,257.8299865722656,258.70001220703125,253.05999755859375,255.58999633789063,253.74853515625,255.58999633789063,42355300
AAPL,2024-12-30,252.22999572753906,253.5,250.75,252.1999969482422,250.38294982910156,252.1999969482422,35557500
AAPL,2024-12-31,252.44000244140625,253.27999877929688,249.42999267578125,250.4199981689453,248.6157989501953,250.4199981689453,39480700
AAPL,2025-01-02,248.92999267578125,249.10000610351563,241.82000732421875,243.85000610351563,242.09315490722656,243.85000610351563,55740700
AAPL,2025-01-03,243.36000061035156,244.17999267578125,241.88999938964844,243.36000061035156,241.60665893554688,243.36000061035156,40244100
AAPL,2025-01-06,244.30999755859375,247.3300018310547,243.1999969482422,245,243.23483276367188,245,45045600
AAPL,2025-01-07,242.97999572753906,245.5500030517578,241.35000610351563,242.2100067138672,240.46495056152344,242.2100067138672,40856000
AAPL,2025-01-08,241.9199981689453,243.7100067138672,240.0500030517578,242.6999969482422,240.951416015625,242.6999969482422,37628900
AAPL,2025-01-10,240.00999450683594,240.16000366210938,233,236.85000610351563,235.1436004638672,236.85000610351563,61710900
AAPL,2025-01-13,233.52999877929688,234.6699981689453,229.72000122070313,234.39999389648438,232.7112274169922,234.39999389648438,49630700
AAPL,2025-01-14,234.75,236.1199951171875,232.47000122070313,233.27999877929688,231.59925842285156,233.27999877929688,39435300
AAPL,2025-01-15,234.63999938964844,238.9600067138672,234.42999267578125,237.8699951171875,236.15618896484375,237.8699951171875,39832000
AAPL,2025-01-16,237.35000610351563,238.00999450683594,228.02999877929688,228.25999450683594,226.61544799804688,228.25999450683594,71759100
AAPL,2025-01-17,232.1199951171875,232.2899932861328,228.47999572753906,229.97999572753906,228.32305908203125,229.97999572753906,68488300
AAPL,2025-01-21,224,224.4199981689453,219.3800048828125,222.63999938964844,221.0359344482422,222.63999938964844,98070400
AAPL,2025-01-22,219.7899932861328,224.1199951171875,219.7899932861328,223.8300018310547,222.2173614501953,223.8300018310547,64126500
AAPL,2025-01-23,224.74000549316406,227.02999877929688,222.3000030517578,223.66000366210938,222.04861450195313,223.66000366210938,60234800
AAPL,2025-01-24,224.77999877929688,225.6300048828125,221.41000366210938,222.77999877929688,221.1749267578125,222.77999877929688,54697900
AAPL,2025-01-27,224.02000427246094,232.14999389648438,223.97999572753906,229.86000061035156,228.20391845703125,229.86000061035156,94863400
AAPL,2025-01-28,230.85000610351563,240.19000244140625,230.80999755859375,238.25999450683594,236.54339599609375,238.25999450683594,75707600
AAPL,2025-01-29,234.1199951171875,239.86000061035156,234.00999450683594,239.36000061035156,237.63546752929688,239.36000061035156,45486100
AAPL,2025-01-30,238.6699981689453,240.7899932861328,237.2100067138672,237.58999633789063,235.8782196044922,237.58999633789063,55658300
AAPL,2025-01-31,247.19000244140625,247.19000244140625,233.44000244140625,236,234.2996826171875,236,100959800
AAPL,2025-02-03,229.99000549316406,231.8300018310547,225.6999969482422,228.00999450683594,226.3672332763672,228.00999450683594,73063300
AAPL,2025-02-04,227.25,233.1300048828125,226.64999389648438,232.8000030517578,231.1227569580078,232.8000030517578,45067300
AAPL,2025-02-05,228.52999877929688,232.6699981689453,228.27000427246094,232.47000122070313,230.79513549804688,232.47000122070313,39620300
AAPL,2025-02-06,231.2899932861328,233.8000030517578,230.42999267578125,233.22000122070313,231.5397186279297,233.22000122070313,29925300
AAPL,2025-02-07,232.60000610351563,234,227.25999450683594,227.6300048828125,225.98997497558594,227.6300048828125,39707200
AAPL,2025-02-10,229.57000732421875,230.58999633789063,227.1999969482422,227.64999389648438,226.2583465576172,227.64999389648438,33115600
AAPL,2025-02-11,228.1999969482422,235.22999572753906,228.1300048828125,232.6199951171875,231.1979522705078,232.6199951171875,53718400
AAPL,2025-02-12,231.1999969482422,236.9600067138672,230.67999267578125,236.8699951171875,235.42198181152344,236.8699951171875,45243300
AAPL,2025-02-13,236.91000366210938,242.33999633789063,235.57000732421875,241.52999877929688,240.05348205566406,241.52999877929688,53614100
AAPL,2025-02-14,241.25,245.5500030517578,240.99000549316406,244.60000610351563,243.10472106933594,244.60000610351563,40896200
AAPL,2025-02-18,244.14999389648438,245.17999267578125,241.83999633789063,244.47000122070313,242.9755096435547,244.47000122070313,48822500
AAPL,2025-02-19,244.66000366210938,246.00999450683594,243.16000366210938,244.8699951171875,243.37307739257813,244.8699951171875,32204200
AAPL,2025-02-20,244.94000244140625,246.77999877929688,244.2899932861328,245.8300018310547,244.32720947265625,245.8300018310547,32316900
AAPL,2025-02-21,245.9499969482422,248.69000244140625,245.22000122070313,245.5500030517578,244.0489044189453,245.5500030517578,53197400
AAPL,2025-02-24,244.92999267578125,248.86000061035156,244.4199981689453,247.10000610351563,245.58946228027344,247.10000610351563,51326400
AAPL,2025-02-25,248,250,244.91000366210938,247.0399932861328,245.52978515625,247.0399932861328,48013300
AAPL,2025-02-26,244.3300018310547,244.97999572753906,239.1300048828125,240.36000061035156,238.890625,240.36000061035156,44433600
AAPL,2025-02-27,239.41000366210938,242.4600067138672,237.05999755859375,237.3000030517578,235.84934997558594,237.3000030517578,41153600
AAPL,2025-02-28,236.9499969482422,242.08999633789063,230.1999969482422,241.83999633789063,240.36160278320313,241.83999633789063,56833400
AAPL,2025-03-03,241.7899932861328,244.02999877929688,236.11000061035156,238.02999877929688,236.57485961914063,238.02999877929688,47184000
AAPL,2025-03-04,237.7100067138672,240.07000732421875,234.67999267578125,235.92999267578125,234.4877166748047,235.92999267578125,53798100
AAPL,2025-03-05,235.4199981689453,236.5500030517578,229.22999572753906,235.74000549316406,234.29888916015625,235.74000549316406,47227600
AAPL,2025-03-06,234.44000244140625,237.86000061035156,233.16000366210938,235.3300018310547,233.8914031982422,235.3300018310547,45170400
AAPL,2025-03-07,235.11000061035156,241.3699951171875,234.75999450683594,239.07000732421875,237.6085205078125,239.07000732421875,46273600
AAPL,2025-03-10,235.5399932861328,236.16000366210938,224.22000122070313,227.47999572753906,226.08935546875,227.47999572753906,72071200
AAPL,2025-03-11,223.80999755859375,225.83999633789063,217.4499969482422,220.83999633789063,219.48997497558594,220.83999633789063,76137400
AAPL,2025-03-12,220.13999938964844,221.75,214.91000366210938,216.97999572753906,215.65354919433594,216.97999572753906,62547500
AAPL,2025-03-13,215.9499969482422,216.83999633789063,208.4199981689453,209.67999267578125,208.398193359375,209.67999267578125,61368300
AAPL,2025-03-14,211.25,213.9499969482422,209.5800018310547,213.49000549316406,212.1848907470703,213.49000549316406,60107600
AAPL,2025-03-17,213.30999755859375,215.22000122070313,209.97000122070313,214,212.69178771972656,214,48073400
AAPL,2025-03-18,214.16000366210938,215.14999389648438,211.49000549316406,212.69000244140625,211.38978576660156,212.69000244140625,42432400
AAPL,2025-03-19,214.22000122070313,218.75999450683594,213.75,215.24000549316406,213.92422485351563,215.24000549316406,54385400
AAPL,2025-03-20,213.99000549316406,217.49000549316406,212.22000122070313,214.10000610351563,212.79116821289063,214.10000610351563,48862900
AAPL,2025-03-21,211.55999755859375,218.83999633789063,211.27999877929688,218.27000427246094,216.93568420410156,218.27000427246094,94127800
AAPL,2025-03-24,221,221.47999572753906,218.5800018310547,220.72999572753906,219.38063049316406,220.72999572753906,44299500
AAPL,2025-03-25,220.77000427246094,224.10000610351563,220.0800018310547,223.75,222.38218688964844,223.75,34493600
AAPL,2025-03-26,223.50999450683594,225.02000427246094,220.47000122070313,221.52999877929688,220.1757354736328,221.52999877929688,34466100
AAPL,2025-03-27,221.38999938964844,224.99000549316406,220.55999755859375,223.85000610351563,222.48155212402344,223.85000610351563,37094800
AAPL,2025-03-28,221.6699981689453,223.80999755859375,217.67999267578125,217.89999389648438,216.56793212890625,217.89999389648438,39818600
AAPL,2025-03-31,217.00999450683594,225.6199951171875,216.22999572753906,222.1300048828125,220.7720947265625,222.1300048828125,65299300
AAPL,2025-04-01,219.80999755859375,223.67999267578125,218.89999389648438,223.19000244140625,221.82559204101563,223.19000244140625,36412700
AAPL,2025-04-02,221.32000732421875,225.19000244140625,221.02000427246094,223.88999938964844,222.5213165283203,223.88999938964844,35905900
AAPL,2025-04-03,205.5399932861328,207.49000549316406,201.25,203.19000244140625,201.9478759765625,203.19000244140625,103419000
AAPL,2025-04-04,193.88999938964844,199.8800048828125,187.33999633789063,188.3800048828125,187.22840881347656,188.3800048828125,125910900
AAPL,2025-04-07,177.1999969482422,194.14999389648438,174.6199951171875,181.4600067138672,180.35072326660156,181.4600067138672,160466300
AAPL,2025-04-08,186.6999969482422,190.33999633789063,169.2100067138672,172.4199981689453,171.365966796875,172.4199981689453,120859500
AAPL,2025-04-09,171.9499969482422,200.61000061035156,171.88999938964844,198.85000610351563,197.6343994140625,198.85000610351563,184395900
AAPL,2025-04-10,189.07000732421875,194.77999877929688,183,190.4199981689453,189.25595092773438,190.4199981689453,121880000
AAPL,2025-04-11,186.10000610351563,199.5399932861328,186.05999755859375,198.14999389648438,196.93865966796875,198.14999389648438,87435900
AAPL,2025-04-14,211.44000244140625,212.94000244140625,201.16000366210938,202.52000427246094,201.28195190429688,202.52000427246094,101352900
AAPL,2025-04-15,201.86000061035156,203.50999450683594,199.8000030517578,202.13999938964844,200.904296875,202.13999938964844,51343900
AAPL,2025-04-16,198.36000061035156,200.6999969482422,192.3699951171875,194.27000427246094,193.08238220214844,194.27000427246094,59732400
AAPL,2025-04-17,197.1999969482422,198.8300018310547,194.4199981689453,196.97999572753906,195.77584838867188,196.97999572753906,52164700
AAPL,2025-04-21,193.27000427246094,193.8000030517578,189.80999755859375,193.16000366210938,191.9791717529297,193.16000366210938,46742500
AAPL,2025-04-22,196.1199951171875,201.58999633789063,195.97000122070313,199.74000549316406,198.5189666748047,199.74000549316406,52976400
AAPL,2025-04-23,206,208,202.8000030517578,204.60000610351563,203.3492431640625,204.60000610351563,52929200
AAPL,2025-04-24,204.88999938964844,208.8300018310547,202.94000244140625,208.3699951171875,207.09619140625,208.3699951171875,47311000
AAPL,2025-04-25,206.3699951171875,209.75,206.1999969482422,209.27999877929688,208.00064086914063,209.27999877929688,38222300
AAPL,2025-04-28,210,211.5,207.4600067138672,210.13999938964844,208.85537719726563,210.13999938964844,38743100
AAPL,2025-04-29,208.69000244140625,212.24000549316406,208.3699951171875,211.2100067138672,209.91885375976563,211.2100067138672,36827600
AAPL,2025-04-30,209.3000030517578,213.5800018310547,206.6699981689453,212.5,211.20094299316406,212.5,52286500
AAPL,2025-05-01,209.0800018310547,214.55999755859375,208.89999389648438,213.32000732421875,212.0159454345703,213.32000732421875,57365700
AAPL,2025-05-02,206.08999633789063,206.99000549316406,202.16000366210938,205.35000610351563,204.0946807861328,205.35000610351563,101010600
AAPL,2025-05-05,203.10000610351563,204.10000610351563,198.2100067138672,198.88999938964844,197.67416381835938,198.88999938964844,69018500
AAPL,2025-05-06,198.2100067138672,200.64999389648438,197.02000427246094,198.50999450683594,197.2964630126953,198.50999450683594,51216500
AAPL,2025-05-07,199.1699981689453,199.44000244140625,193.25,196.25,195.05029296875,196.25,68536700
AAPL,2025-05-08,197.72000122070313,200.0500030517578,194.67999267578125,197.49000549316406,196.28273010253906,197.49000549316406,50478900
AAPL,2025-05-09,199,200.5399932861328,197.5399932861328,198.52999877929688,197.3163604736328,198.52999877929688,36453900
AAPL,2025-05-12,210.97000122070313,211.27000427246094,206.75,210.7899932861328,209.77610778808594,210.7899932861328,63775800
AAPL,2025-05-13,210.42999267578125,213.39999389648438,209,212.92999267578125,211.9058380126953,212.92999267578125,51909300
AAPL,2025-05-14,212.42999267578125,213.94000244140625,210.5800018310547,212.3300018310547,211.3087158203125,212.3300018310547,49325800
AAPL,2025-05-15,210.9499969482422,212.9600067138672,209.5399932861328,211.4499969482422,210.43296813964844,211.4499969482422,45029500
AAPL,2025-05-16,212.36000061035156,212.57000732421875,209.77000427246094,211.25999450683594,210.24388122558594,211.25999450683594,54737900
AAPL,2025-05-19,207.91000366210938,209.47999572753906,204.25999450683594,208.77999877929688,207.77578735351563,208.77999877929688,46140500
AAPL,2025-05-20,207.6699981689453,208.47000122070313,205.02999877929688,206.86000061035156,205.8650360107422,206.86000061035156,42496600
AAPL,2025-05-21,205.1699981689453,207.0399932861328,200.7100067138672,202.08999633789063,201.1179656982422,202.08999633789063,59211800
AAPL,2025-05-22,200.7100067138672,202.75,199.6999969482422,201.36000061035156,200.39149475097656,201.36000061035156,46742400
AAPL,2025-05-23,193.6699981689453,197.6999969482422,193.4600067138672,195.27000427246094,194.33079528808594,195.27000427246094,78432900
AAPL,2025-05-27,198.3000030517578,200.74000549316406,197.42999267578125,200.2100067138672,199.24703979492188,200.2100067138672,56288500
AAPL,2025-05-28,200.58999633789063,202.72999572753906,199.89999389648438,200.4199981689453,199.45602416992188,200.4199981689453,45339700
AAPL,2025-05-29,203.5800018310547,203.80999755859375,198.50999450683594,199.9499969482422,198.98825073242188,199.9499969482422,51396800
AAPL,2025-05-30,199.3699951171875,201.9600067138672,196.77999877929688,200.85000610351563,199.88392639160156,200.85000610351563,70819900
AAPL,2025-06-02,200.27999877929688,202.1300048828125,200.1199951171875,201.6999969482422,200.72982788085938,201.6999969482422,35423300
AAPL,2025-06-03,201.35000610351563,203.77000427246094,200.9600067138672,203.27000427246094,202.2923126220703,203.27000427246094,46381600
AAPL,2025-06-04,202.91000366210938,206.24000549316406,202.10000610351563,202.82000732421875,201.84446716308594,202.82000732421875,43604000
AAPL,2025-06-05,203.5,204.75,200.14999389648438,200.6300048828125,199.66500854492188,200.6300048828125,55126100
AAPL,2025-06-06,203,205.6999969482422,202.0500030517578,203.9199981689453,202.93919372558594,203.9199981689453,46607700
AAPL,2025-06-09,204.38999938964844,206,200.02000427246094,201.4499969482422,200.48106384277344,201.4499969482422,72862600
AAPL,2025-06-10,200.60000610351563,204.35000610351563,200.57000732421875,202.6699981689453,201.6951904296875,202.6699981689453,54672600
AAPL,2025-06-11,203.5,204.5,198.41000366210938,198.77999877929688,197.8238983154297,198.77999877929688,60989900
AAPL,2025-06-12,199.0800018310547,199.67999267578125,197.36000061035156,199.1999969482422,198.24188232421875,199.1999969482422,43904600
AAPL,2025-06-13,199.72999572753906,200.3699951171875,195.6999969482422,196.4499969482422,195.50509643554688,196.4499969482422,51447300
AAPL,2025-06-16,197.3000030517578,198.69000244140625,196.55999755859375,198.4199981689453,197.46563720703125,198.4199981689453,43020700
AAPL,2025-06-17,197.1999969482422,198.38999938964844,195.2100067138672,195.63999938964844,194.6990203857422,195.63999938964844,38856200
AAPL,2025-06-18,195.94000244140625,197.57000732421875,195.07000732421875,196.5800018310547,195.6344757080078,196.5800018310547,45394700
AAPL,2025-06-20,198.24000549316406,201.6999969482422,196.86000061035156,201,200.03321838378906,201,96813500
AAPL,2025-06-23,201.6300048828125,202.3000030517578,198.9600067138672,201.5,200.53082275390625,201.5,55814300
AAPL,2025-06-24,202.58999633789063,203.44000244140625,200.1999969482422,200.3000030517578,199.3365936279297,200.3000030517578,54064000
AAPL,2025-06-25,201.4499969482422,203.6699981689453,200.6199951171875,201.55999755859375,200.5905303955078,201.55999755859375,39525700
AAPL,2025-06-26,201.42999267578125,202.63999938964844,199.4600067138672,201,200.03321838378906,201,50799100
AAPL,2025-06-27,201.88999938964844,203.22000122070313,200,201.0800018310547,200.1128387451172,201.0800018310547,73188600
AAPL,2025-06-30,202.00999450683594,207.38999938964844,199.25999450683594,205.1699981689453,204.1831512451172,205.1699981689453,91912800
AAPL,2025-07-01,206.6699981689453,210.19000244140625,206.13999938964844,207.82000732421875,206.82041931152344,207.82000732421875,78788900
AAPL,2025-07-02,208.91000366210938,213.33999633789063,208.13999938964844,212.44000244140625,211.41819763183594,212.44000244140625,67941800
AAPL,2025-07-03,212.14999389648438,214.64999389648438,211.80999755859375,213.5500030517578,212.52285766601563,213.5500030517578,34955800
AAPL,2025-07-07,212.67999267578125,216.22999572753906,208.8000030517578,209.9499969482422,208.940185546875,209.9499969482422,50229000
AAPL,2025-07-08,210.10000610351563,211.42999267578125,208.4499969482422,210.00999450683594,208.99986267089844,210.00999450683594,42848900
AAPL,2025-07-09,209.52999877929688,211.3300018310547,207.22000122070313,211.13999938964844,210.12445068359375,211.13999938964844,48749400
AAPL,2025-07-10,210.50999450683594,213.47999572753906,210.02999877929688,212.41000366210938,211.3883514404297,212.41000366210938,44443600
AAPL,2025-07-11,210.57000732421875,212.1300048828125,209.86000061035156,211.16000366210938,210.14434814453125,211.16000366210938,39765800
AAPL,2025-07-14,209.92999267578125,210.91000366210938,207.5399932861328,208.6199951171875,207.6165771484375,208.6199951171875,38840100
AAPL,2025-07-15,209.22000122070313,211.88999938964844,208.9199981689453,209.11000061035156,208.1042022705078,209.11000061035156,42296300
AAPL,2025-07-16,210.3000030517578,212.39999389648438,208.63999938964844,210.16000366210938,209.149169921875,210.16000366210938,47490500
AAPL,2025-07-17,210.57000732421875,211.8000030517578,209.58999633789063,210.02000427246094,209.00985717773438,210.02000427246094,48068100
AAPL,2025-07-18,210.8699951171875,211.7899932861328,209.6999969482422,211.17999267578125,210.1642608642578,211.17999267578125,48974600
AAPL,2025-07-21,212.10000610351563,215.77999877929688,211.6300048828125,212.47999572753906,211.4580078125,212.47999572753906,51377400
AAPL,2025-07-22,213.13999938964844,214.9499969482422,212.22999572753906,214.39999389648438,213.36875915527344,214.39999389648438,46404100
AAPL,2025-07-23,215,215.14999389648438,212.41000366210938,214.14999389648438,213.11996459960938,214.14999389648438,46989300
AAPL,2025-07-24,213.89999389648438,215.69000244140625,213.52999877929688,213.75999450683594,212.7318572998047,213.75999450683594,46022600
AAPL,2025-07-25,214.6999969482422,215.24000549316406,213.39999389648438,213.8800048828125,212.8512725830078,213.8800048828125,40268800
AAPL,2025-07-28,214.02999877929688,214.85000610351563,213.05999755859375,214.0500030517578,213.02044677734375,214.0500030517578,37858000
AAPL,2025-07-29,214.17999267578125,214.80999755859375,210.82000732421875,211.27000427246094,210.25384521484375,211.27000427246094,51411700
AAPL,2025-07-30,211.89999389648438,212.38999938964844,207.72000122070313,209.0500030517578,208.04449462890625,209.0500030517578,45512500
AAPL,2025-07-31,208.49000549316406,209.83999633789063,207.16000366210938,207.57000732421875,206.57162475585938,207.57000732421875,80698400
AAPL,2025-08-01,210.8699951171875,213.5800018310547,201.5,202.3800048828125,201.40658569335938,202.3800048828125,104434500
AAPL,2025-08-04,204.50999450683594,207.8800048828125,201.67999267578125,203.35000610351563,202.37191772460938,203.35000610351563,75109300
AAPL,2025-08-05,203.39999389648438,205.33999633789063,202.16000366210938,202.9199981689453,201.94400024414063,202.9199981689453,44155100
AAPL,2025-08-06,205.6300048828125,215.3800048828125,205.58999633789063,213.25,212.2242889404297,213.25,108483100
AAPL,2025-08-07,218.8800048828125,220.85000610351563,216.5800018310547,220.02999877929688,218.9716796875,220.02999877929688,90224800
AAPL,2025-08-08,220.8300018310547,231,219.25,229.35000610351563,228.2468719482422,229.35000610351563,113854000
AAPL,2025-08-11,227.9199981689453,229.55999755859375,224.75999450683594,227.17999267578125,226.34388732910156,227.17999267578125,61806100
AAPL,2025-08-12,228.00999450683594,230.8000030517578,227.07000732421875,229.64999389648438,228.80479431152344,229.64999389648438,55626200
AAPL,2025-08-13,231.07000732421875,235,230.42999267578125,233.3300018310547,232.47125244140625,233.3300018310547,69878500
AAPL,2025-08-14,234.05999755859375,235.1199951171875,230.85000610351563,232.77999877929688,231.92327880859375,232.77999877929688,51916300
AAPL,2025-08-15,234,234.27999877929688,229.33999633789063,231.58999633789063,230.73764038085938,231.58999633789063,56038700
AAPL,2025-08-18,231.6999969482422,233.1199951171875,230.11000061035156,230.88999938964844,230.04022216796875,230.88999938964844,37476200
AAPL,2025-08-19,231.27999877929688,232.8699951171875,229.35000610351563,230.55999755859375,229.71144104003906,230.55999755859375,39402600
AAPL,2025-08-20,229.97999572753906,230.47000122070313,225.77000427246094,226.00999450683594,225.17820739746094,226.00999450683594,42263900
AAPL,2025-08-21,226.27000427246094,226.52000427246094,223.77999877929688,224.89999389648438,224.07228088378906,224.89999389648438,30621200
AAPL,2025-08-22,226.1699981689453,229.08999633789063,225.41000366210938,227.75999450683594,226.92176818847656,227.75999450683594,42477800
AAPL,2025-08-25,226.47999572753906,229.3000030517578,226.22999572753906,227.16000366210938,226.323974609375,227.16000366210938,30983100
AAPL,2025-08-26,226.8699951171875,229.49000549316406,224.69000244140625,229.30999755859375,228.46604919433594,229.30999755859375,54575100
AAPL,2025-08-27,228.61000061035156,230.89999389648438,228.25999450683594,230.49000549316406,229.6417236328125,230.49000549316406,31259500
AAPL,2025-08-28,230.82000732421875,233.41000366210938,229.33999633789063,232.55999755859375,231.70408630371094,232.55999755859375,38074700
AAPL,2025-08-29,232.50999450683594,233.3800048828125,231.3699951171875,232.13999938964844,231.28562927246094,232.13999938964844,39418400
AAPL,2025-09-02,229.25,230.85000610351563,226.97000122070313,229.72000122070313,228.8745574951172,229.72000122070313,44075600
AAPL,2025-09-03,237.2100067138672,238.85000610351563,234.36000061035156,238.47000122070313,237.59234619140625,238.47000122070313,66427800
AAPL,2025-09-04,238.4499969482422,239.89999389648438,236.74000549316406,239.77999877929688,238.89752197265625,239.77999877929688,47549400
AAPL,2025-09-05,240,241.32000732421875,238.49000549316406,239.69000244140625,238.80784606933594,239.69000244140625,54870400
AAPL,2025-09-08,239.3000030517578,240.14999389648438,236.33999633789063,237.8800048828125,237.0045166015625,237.8800048828125,48999500
AAPL,2025-09-09,237,238.77999877929688,233.36000061035156,234.35000610351563,233.48751831054688,234.35000610351563,66313900
AAPL,2025-09-10,232.19000244140625,232.4199981689453,225.9499969482422,226.7899932861328,225.955322265625,226.7899932861328,83440800
AAPL,2025-09-11,226.8800048828125,230.4499969482422,226.64999389648438,230.02999877929688,229.18341064453125,230.02999877929688,50208600
AAPL,2025-09-12,229.22000122070313,234.50999450683594,229.02000427246094,234.07000732421875,233.2085418701172,234.07000732421875,55824200
AAPL,2025-09-15,237,238.19000244140625,235.02999877929688,236.6999969482422,235.828857421875,236.6999969482422,42699500
AAPL,2025-09-16,237.17999267578125,241.22000122070313,236.32000732421875,238.14999389648438,237.27349853515625,238.14999389648438,63421100
AAPL,2025-09-17,238.97000122070313,240.10000610351563,237.72999572753906,238.99000549316406,238.11044311523438,238.99000549316406,46508000
AAPL,2025-09-18,239.97000122070313,241.1999969482422,236.64999389648438,237.8800048828125,237.0045166015625,237.8800048828125,44249600
AAPL,2025-09-19,241.22999572753906,246.3000030517578,240.2100067138672,245.5,244.59646606445313,245.5,163741300
AAPL,2025-09-22,248.3000030517578,256.6400146484375,248.1199951171875,256.0799865722656,255.13751220703125,256.0799865722656,105517400
AAPL,2025-09-23,255.8800048828125,257.3399963378906,253.5800018310547,254.42999267578125,253.4936065673828,254.42999267578125,60275200
AAPL,2025-09-24,255.22000122070313,255.74000549316406,251.0399932861328,252.30999755859375,251.3813934326172,252.30999755859375,42303700
AAPL,2025-09-25,253.2100067138672,257.1700134277344,251.7100067138672,256.8699951171875,255.9246063232422,256.8699951171875,55202100
AAPL,2025-09-26,254.10000610351563,257.6000061035156,253.77999877929688,255.4600067138672,254.51980590820313,255.4600067138672,46076300
AAPL,2025-09-29,254.55999755859375,255,253.00999450683594,254.42999267578125,253.4936065673828,254.42999267578125,40127700
AAPL,2025-09-30,254.86000061035156,255.9199981689453,253.11000061035156,254.6300048828125,253.69285583496094,254.6300048828125,37704300
AAPL,2025-10-01,255.0399932861328,258.7900085449219,254.92999267578125,255.4499969482422,254.5098419189453,255.4499969482422,48713900
AAPL,2025-10-02,256.5799865722656,258.17999267578125,254.14999389648438,257.1300048828125,256.1836853027344,257.1300048828125,42630200
AAPL,2025-10-03,254.6699981689453,259.239990234375,253.9499969482422,258.0199890136719,257.07037353515625,258.0199890136719,49155600
AAPL,2025-10-06,257.989990234375,259.07000732421875,255.0500030517578,256.69000244140625,255.74526977539063,256.69000244140625,44664100
AAPL,2025-10-07,256.80999755859375,257.3999938964844,255.42999267578125,256.4800109863281,255.53607177734375,256.4800109863281,31955800
AAPL,2025-10-08,256.5199890136719,258.5199890136719,256.1099853515625,258.05999755859375,257.1102294921875,258.05999755859375,36496900
AAPL,2025-10-09,257.80999755859375,258,253.13999938964844,254.0399932861328,253.10504150390625,254.0399932861328,38322000
AAPL,2025-10-10,254.94000244140625,256.3800048828125,244,245.27000427246094,244.3673095703125,245.27000427246094,61999100
AAPL,2025-10-13,249.3800048828125,249.69000244140625,245.55999755859375,247.66000366210938,246.74851989746094,247.66000366210938,38142900
AAPL,2025-10-14,246.60000610351563,248.85000610351563,244.6999969482422,247.77000427246094,246.85812377929688,247.77000427246094,35478000
AAPL,2025-10-15,249.49000549316406,251.82000732421875,247.47000122070313,249.33999633789063,248.4223175048828,249.33999633789063,33893600
AAPL,2025-10-16,248.25,249.0399932861328,245.1300048828125,247.4499969482422,246.53929138183594,247.4499969482422,39777000
AAPL,2025-10-17,248.02000427246094,253.3800048828125,247.27000427246094,252.2899932861328,251.36148071289063,252.2899932861328,49147000
AAPL,2025-10-20,255.88999938964844,264.3800048828125,255.6300048828125,262.239990234375,261.27484130859375,262.239990234375,90483000
AAPL,2025-10-21,261.8800048828125,265.2900085449219,261.8299865722656,262.7699890136719,261.8028564453125,262.7699890136719,46695900
AAPL,2025-10-22,262.6499938964844,262.8500061035156,255.42999267578125,258.45001220703125,257.498779296875,258.45001220703125,45015300
AAPL,2025-10-23,259.94000244140625,260.6199951171875,258.010009765625,259.5799865722656,258.6246032714844,259.5799865722656,32754900
AAPL,2025-10-24,261.19000244140625,264.1300048828125,259.17999267578125,262.82000732421875,261.8527526855469,262.82000732421875,38253700
AAPL,2025-10-27,264.8800048828125,269.1199951171875,264.6499938964844,268.80999755859375,267.8207092285156,268.80999755859375,44888200
AAPL,2025-10-28,268.989990234375,269.8900146484375,268.1499938964844,269,268.0099792480469,269,41534800
AAPL,2025-10-29,269.2799987792969,271.4100036621094,267.1099853515625,269.70001220703125,268.7074279785156,269.70001220703125,51086700
AAPL,2025-10-30,271.989990234375,274.1400146484375,268.4800109863281,271.3999938964844,270.4011535644531,271.3999938964844,69886500
AAPL,2025-10-31,276.989990234375,277.32000732421875,269.1600036621094,270.3699951171875,269.37493896484375,270.3699951171875,86167100
AAPL,2025-11-03,270.4200134277344,270.8500061035156,266.25,269.04998779296875,268.05975341796875,269.04998779296875,50194600
AAPL,2025-11-04,268.3299865722656,271.489990234375,267.6199951171875,270.0400085449219,269.0461730957031,270.0400085449219,49274800
AAPL,2025-11-05,268.6099853515625,271.70001220703125,266.92999267578125,270.1400146484375,269.14581298828125,270.1400146484375,43683100
AAPL,2025-11-06,267.8900146484375,273.3999938964844,267.8900146484375,269.7699890136719,268.7771301269531,269.7699890136719,51204000
AAPL,2025-11-07,269.79998779296875,272.2900085449219,266.7699890136719,268.4700012207031,267.48193359375,268.4700012207031,48227400
AAPL,2025-11-10,268.9599914550781,273.7300109863281,267.4599914550781,269.42999267578125,268.6986083984375,269.42999267578125,41312400
AAPL,2025-11-11,269.80999755859375,275.9100036621094,269.79998779296875,275.25,274.5028381347656,275.25,46208300
AAPL,2025-11-12,275,275.7300109863281,271.70001220703125,273.4700012207031,272.7276306152344,273.4700012207031,48398000
AAPL,2025-11-13,274.1099853515625,276.70001220703125,272.0899963378906,272.95001220703125,272.2090759277344,272.95001220703125,49602800
AAPL,2025-11-14,271.04998779296875,275.9599914550781,269.6000061035156,272.4100036621094,271.6705322265625,272.4100036621094,47431300
AAPL,2025-11-17,268.82000732421875,270.489990234375,265.7300109863281,267.4599914550781,266.73394775390625,267.4599914550781,45018300
AAPL,2025-11-18,269.989990234375,270.7099914550781,265.32000732421875,267.44000244140625,266.7140197753906,267.44000244140625,45677300
AAPL,2025-11-19,265.5299987792969,272.2099914550781,265.5,268.55999755859375,267.8309631347656,268.55999755859375,40424500
AAPL,2025-11-20,270.8299865722656,275.42999267578125,265.9200134277344,266.25,265.5272521972656,266.25,45823600
AAPL,2025-11-21,265.95001220703125,273.3299865722656,265.6700134277344,271.489990234375,270.7530212402344,271.489990234375,59030800
AAPL,2025-11-24,270.8999938964844,277,270.8999938964844,275.9200134277344,275.1710205078125,275.9200134277344,65585800
AAPL,2025-11-25,275.2699890136719,280.3800048828125,275.25,276.9700012207031,276.2181396484375,276.9700012207031,46914200
AAPL,2025-11-26,276.9599914550781,279.5299987792969,276.6300048828125,277.54998779296875,276.79656982421875,277.54998779296875,33431400
AAPL,2025-11-28,277.260009765625,279,275.989990234375,278.8500061035156,278.093017578125,278.8500061035156,20135600
AAPL,2025-12-01,278.010009765625,283.4200134277344,276.1400146484375,283.1000061035156,282.33148193359375,283.1000061035156,46587700
AAPL,2025-12-02,283,287.3999938964844,282.6300048828125,286.19000244140625,285.4131164550781,286.19000244140625,53669500
AAPL,2025-12-03,286.20001220703125,288.6199951171875,283.29998779296875,284.1499938964844,283.378662109375,284.1499938964844,43538700
AAPL,2025-12-04,284.1000061035156,284.7300109863281,278.5899963378906,280.70001220703125,279.93804931640625,280.70001220703125,43989100
AAPL,2025-12-05,280.5400085449219,281.1400146484375,278.04998779296875,278.7799987792969,278.02325439453125,278.7799987792969,47265800
AAPL,2025-12-08,278.1300048828125,279.6700134277344,276.1499938964844,277.8900146484375,277.1356506347656,277.8900146484375,38211800
AAPL,2025-12-09,278.1600036621094,280.0299987792969,276.9200134277344,277.17999267578125,276.4275817871094,277.17999267578125,32193300
AAPL,2025-12-10,277.75,279.75,276.44000244140625,278.7799987792969,278.02325439453125,278.7799987792969,33038300
AAPL,2025-12-11,279.1000061035156,279.5899963378906,273.80999755859375,278.0299987792969,277.2752380371094,278.0299987792969,33248000
AAPL,2025-12-12,277.8999938964844,279.2200012207031,276.82000732421875,278.2799987792969,277.52459716796875,278.2799987792969,39532900
AAPL,2025-12-15,280.1499938964844,280.1499938964844,272.8399963378906,274.1099853515625,273.3658752441406,274.1099853515625,50409100
AAPL,2025-12-16,272.82000732421875,275.5,271.7900085449219,274.6099853515625,273.8645324707031,274.6099853515625,37648600
AAPL,2025-12-17,275.010009765625,276.1600036621094,271.6400146484375,271.8399963378906,271.10205078125,271.8399963378906,50138700
AAPL,2025-12-18,273.6099853515625,273.6300048828125,266.95001220703125,272.19000244140625,271.45111083984375,272.19000244140625,51630700
AAPL,2025-12-19,272.1499938964844,274.6000061035156,269.8999938964844,273.6700134277344,272.9271240234375,273.6700134277344,144632000
AAPL,2025-12-22,272.8599853515625,273.8800048828125,270.510009765625,270.9700012207031,270.2344665527344,270.9700012207031,36571800
AAPL,2025-12-23,270.8399963378906,272.5,269.55999755859375,272.3599853515625,271.62066650390625,272.3599853515625,29642000
AAPL,2025-12-24,272.3399963378906,275.42999267578125,272.20001220703125,273.80999755859375,273.0667419433594,273.80999755859375,17910600
AAPL,2025-12-26,274.1600036621094,275.3699951171875,272.8599853515625,273.3999938964844,272.6578063964844,273.3999938964844,21521800
AAPL,2025-12-29,272.69000244140625,274.3599853515625,272.3500061035156,273.760009765625,273.0168762207031,273.760009765625,23715200
AAPL,2025-12-30,272.80999755859375,274.0799865722656,272.2799987792969,273.0799865722656,272.33868408203125,273.0799865722656,22139600
AAPL,2025-12-31,273.05999755859375,273.67999267578125,271.75,271.8599853515625,271.12200927734375,271.8599853515625,27293600
AAPL,2026-01-02,272.260009765625,277.8399963378906,269,271.010009765625,270.2743225097656,271.010009765625,37838100
AAPL,2026-01-05,270.6400146484375,271.510009765625,266.1400146484375,267.260009765625,266.5345153808594,267.260009765625,45647200
AAPL,2026-01-06,267,267.54998779296875,262.1199951171875,262.3599853515625,261.6477966308594,262.3599853515625,52352100
AAPL,2026-01-07,263.20001220703125,263.67999267578125,259.80999755859375,260.3299865722656,259.623291015625,260.3299865722656,48309800
AAPL,2026-01-08,257.0199890136719,259.2900085449219,255.6999969482422,259.0400085449219,258.33685302734375,259.0400085449219,50419300
AAPL,2026-01-09,259.0799865722656,260.2099914550781,256.2200012207031,259.3699951171875,258.6659240722656,259.3699951171875,39997000
AAPL,2026-01-12,259.1600036621094,261.29998779296875,256.79998779296875,260.25,259.54351806640625,260.25,45263800
AAPL,2026-01-13,258.7200012207031,261.80999755859375,258.3900146484375,261.04998779296875,260.3413391113281,261.04998779296875,45730800
AAPL,2026-01-14,259.489990234375,261.82000732421875,256.7099914550781,259.9599914550781,259.25433349609375,259.9599914550781,40019400
AAPL,2026-01-15,260.6499938964844,261.0400085449219,257.04998779296875,258.2099914550781,257.5090637207031,258.2099914550781,39388600
AAPL,2026-01-16,257.8999938964844,258.8999938964844,254.92999267578125,255.52999877929688,254.8363494873047,255.52999877929688,72142800
AAPL,2026-01-20,252.72999572753906,254.7899932861328,243.4199981689453,246.6999969482422,246.0303192138672,246.6999969482422,80267500
AAPL,2026-01-21,248.6999969482422,251.55999755859375,245.17999267578125,247.64999389648438,246.97775268554688,247.64999389648438,54641700
AAPL,2026-01-22,249.1999969482422,251,248.14999389648438,248.35000610351563,247.67584228515625,248.35000610351563,39708300
AAPL,2026-01-23,247.32000732421875,249.41000366210938,244.67999267578125,248.0399932861328,247.36668395996094,248.0399932861328,41689000
AAPL,2026-01-26,251.47999572753906,256.55999755859375,249.8000030517578,255.41000366210938,254.7166748046875,255.41000366210938,55969200
AAPL,2026-01-27,259.1700134277344,261.95001220703125,258.2099914550781,258.2699890136719,257.5688781738281,258.2699890136719,49648300
AAPL,2026-01-28,257.6499938964844,258.8599853515625,254.50999450683594,256.44000244140625,255.74388122558594,256.44000244140625,41288000
AAPL,2026-01-29,258,259.6499938964844,254.41000366210938,258.2799987792969,257.5788879394531,258.2799987792969,67253000
AAPL,2026-01-30,255.1699981689453,261.8999938964844,252.17999267578125,259.4800109863281,258.775634765625,259.4800109863281,92443400
AAPL,2026-02-02,260.0299987792969,270.489990234375,259.2099914550781,270.010009765625,269.2770690917969,270.010009765625,73913400
AAPL,2026-02-03,269.20001220703125,271.8800048828125,267.6099853515625,269.4800109863281,268.7485046386719,269.4800109863281,64394700
AAPL,2026-02-04,272.2900085449219,278.95001220703125,272.2900085449219,276.489990234375,275.73944091796875,276.489990234375,90545700
AAPL,2026-02-05,278.1300048828125,279.5,273.2300109863281,275.9100036621094,275.1610107421875,275.9100036621094,52977400
AAPL,2026-02-06,277.1199951171875,280.9100036621094,276.92999267578125,278.1199951171875,277.3650207519531,278.1199951171875,50453400
AAPL,2026-02-09,277.9100036621094,278.20001220703125,271.70001220703125,274.6199951171875,274.13079833984375,274.6199951171875,44623400
AAPL,2026-02-10,274.8900146484375,275.3699951171875,272.94000244140625,273.67999267578125,273.19244384765625,273.67999267578125,34376900
AAPL,2026-02-11,274.70001220703125,280.17999267578125,274.45001220703125,275.5,275.00921630859375,275.5,51931300
AAPL,2026-02-12,275.5899963378906,275.7200012207031,260.17999267578125,261.7300109863281,261.2637634277344,261.7300109863281,81077200
AAPL,2026-02-13,262.010009765625,262.2300109863281,255.4499969482422,255.77999877929688,255.32435607910156,255.77999877929688,56290700
AAPL,2026-02-17,258.04998779296875,266.2900085449219,255.5399932861328,263.8800048828125,263.4099426269531,263.8800048828125,58469100
AAPL,2026-02-18,263.6000061035156,266.82000732421875,262.45001220703125,264.3500061035156,263.8791198730469,264.3500061035156,34203300
AAPL,2026-02-19,262.6000061035156,264.4800109863281,260.04998779296875,260.5799865722656,260.11578369140625,260.5799865722656,30845300
AAPL,2026-02-20,258.9700012207031,264.75,258.1600036621094,264.5799865722656,264.1086730957031,264.5799865722656,42070500
AAPL,2026-02-23,263.489990234375,269.42999267578125,263.3800048828125,266.17999267578125,265.705810546875,266.17999267578125,37308200
AAPL,2026-02-24,267.8599853515625,274.8900146484375,267.7099914550781,272.1400146484375,271.6552429199219,272.1400146484375,47014600
AAPL,2026-02-25,271.7799987792969,274.94000244140625,271.04998779296875,274.2300109863281,273.74151611328125,274.2300109863281,33714300
AAPL,2026-02-26,274.95001220703125,276.1099853515625,270.79998779296875,272.95001220703125,272.4637756347656,272.95001220703125,32345100
AAPL,2026-02-27,272.80999755859375,272.80999755859375,262.8900146484375,264.17999267578125,263.70941162109375,264.17999267578125,72366500
AAPL,2026-03-02,262.4100036621094,266.5299987792969,260.20001220703125,264.7200012207031,264.2484130859375,264.7200012207031,41827900
AAPL,2026-03-03,263.4800109863281,265.55999755859375,260.1300048828125,263.75,263.2801818847656,263.75,38568900
AAPL,2026-03-04,264.6499938964844,266.1499938964844,261.4200134277344,262.5199890136719,262.0523376464844,262.5199890136719,39803100
AAPL,2026-03-05,260.7900085449219,261.55999755859375,257.25,260.2900085449219,259.8263244628906,260.2900085449219,49658600
AAPL,2026-03-06,258.6300048828125,258.7699890136719,254.3699951171875,257.4599914550781,257.0013427734375,257.4599914550781,41120000
AAPL,2026-03-09,255.69000244140625,261.1499938964844,253.67999267578125,259.8800048828125,259.41705322265625,259.8800048828125,38218500
AAPL,2026-03-10,257.6499938964844,262.4800109863281,256.95001220703125,260.8299865722656,260.3653564453125,260.8299865722656,30590800
AAPL,2026-03-11,261.0899963378906,262.1300048828125,259.54998779296875,260.80999755859375,260.34539794921875,260.80999755859375,26218900
AAPL,2026-03-12,258.6600036621094,258.95001220703125,254.17999267578125,255.75999450683594,255.3043975830078,255.75999450683594,40794000
AAPL,2026-03-13,255.47999572753906,256.3299865722656,249.52000427246094,250.1199951171875,249.6744384765625,250.1199951171875,36930000
AAPL,2026-03-16,252.11000061035156,253.88999938964844,249.8800048828125,252.82000732421875,252.36964416503906,252.82000732421875,32074200
AAPL,2026-03-17,252.9600067138672,255.1300048828125,252.17999267578125,254.22999572753906,253.77711486816406,254.22999572753906,32361600
AAPL,2026-03-18,252.6300048828125,254.94000244140625,249,249.94000244140625,249.49476623535156,249.94000244140625,35757900
AAPL,2026-03-19,249.39999389648438,251.8300018310547,247.3000030517578,248.9600067138672,248.5165252685547,248.9600067138672,34864100
AAPL,2026-03-20,247.97999572753906,249.1999969482422,246,247.99000549316406,247.54823303222656,247.99000549316406,88331100
AAPL,2026-03-23,253.97000122070313,254.60000610351563,250.27999877929688,251.49000549316406,251.04200744628906,251.49000549316406,40546100
AAPL,2026-03-24,250.35000610351563,254.8300018310547,249.5500030517578,251.63999938964844,251.1917266845703,251.63999938964844,45152300
AAPL,2026-03-25,254.10000610351563,255,251.60000610351563,252.6199951171875,252.16998291015625,252.6199951171875,28476700
AAPL,2026-03-26,252.1199951171875,257,250.77000427246094,252.88999938964844,252.43951416015625,252.88999938964844,41796700
AAPL,2026-03-27,253.89999389648438,255.49000549316406,248.07000732421875,248.8000030517578,248.35679626464844,248.8000030517578,47900000
AAPL,2026-03-30,250.07000732421875,250.8699951171875,245.50999450683594,246.6300048828125,246.19065856933594,246.6300048828125,39446200
AAPL,2026-03-31,247.91000366210938,255.47999572753906,247.10000610351563,253.7899932861328,253.33790588378906,253.7899932861328,49598100
AAPL,2026-04-01,254.0800018310547,256.17999267578125,253.3300018310547,255.6300048828125,255.1746368408203,255.6300048828125,40059400
AAPL,2026-04-02,254.1999969482422,256.1300048828125,250.64999389648438,255.9199981689453,255.464111328125,255.9199981689453,31289400
AAPL,2026-04-06,256.510009765625,262.1600036621094,256.4599914550781,258.8599853515625,258.39886474609375,258.8599853515625,29329900
AAPL,2026-04-07,256.1600036621094,256.20001220703125,245.6999969482422,253.5,253.0484161376953,253.5,62148000
AAPL,2026-04-08,258.45001220703125,259.75,256.5299987792969,258.8999938964844,258.4388122558594,258.8999938964844,41032800
AAPL,2026-04-09,259,261.1199951171875,256.07000732421875,260.489990234375,260.0259704589844,260.489990234375,28121600
AAPL,2026-04-10,259.9800109863281,262.19000244140625,259.0199890136719,260.4800109863281,260.0159912109375,260.4800109863281,31291500
AAPL,2026-04-13,259.7300109863281,260.17999267578125,256.6600036621094,259.20001220703125,258.73828125,259.20001220703125,36234700
AAPL,2026-04-14,259.25,261.92999267578125,257.19000244140625,258.8299865722656,258.3689270019531,258.8299865722656,48370700
AAPL,2026-04-15,258.1600036621094,266.55999755859375,257.80999755859375,266.42999267578125,265.95538330078125,266.42999267578125,49913500
AAPL,2026-04-16,266.79998779296875,267.1600036621094,261.2699890136719,263.3999938964844,262.9307861328125,263.3999938964844,43323100
AAPL,2026-04-17,266.9599914550781,272.29998779296875,266.7200012207031,270.2300109863281,269.7486267089844,270.2300109863281,61436200
AAPL,2026-04-20,270.3299865722656,274.2799987792969,270.2900085449219,273.04998779296875,272.5635681152344,273.04998779296875,36590200
AAPL,2026-04-21,271.5,272.79998779296875,265.3999938964844,266.1700134277344,265.69586181640625,266.1700134277344,50209800
AAPL,2026-04-22,267.82000732421875,273.739990234375,266.8699951171875,273.1700134277344,272.68341064453125,273.1700134277344,43249200
AAPL,2026-04-23,275.04998779296875,275.7699890136719,271.6499938964844,273.42999267578125,272.9429016113281,273.42999267578125,33399600
AAPL,2026-04-24,272.760009765625,273.05999755859375,269.6499938964844,271.05999755859375,270.5771179199219,271.05999755859375,38157100
AAPL,2026-04-27,266.0899963378906,268.3599853515625,265.07000732421875,267.6099853515625,267.1332702636719,267.6099853515625,41466800
AAPL,2026-04-28,272.3399963378906,273.2300109863281,268.6600036621094,270.7099914550781,270.2277526855469,270.7099914550781,40018900
AAPL,2026-04-29,267.54998779296875,271.0400085449219,267.0400085449219,270.1700134277344,269.688720703125,270.1700134277344,30047900
AAPL,2026-04-30,270.5,276,268.1400146484375,271.3500061035156,270.86663818359375,271.3500061035156,91848200
AAPL,2026-05-01,278.8599853515625,287.2200012207031,278.3699951171875,280.1400146484375,279.6409912109375,280.1400146484375,79915400
AAPL,2026-05-04,279.6600036621094,280.6300048828125,274.8599853515625,276.8299865722656,276.3368225097656,276.8299865722656,46668400
AAPL,2026-05-05,276.92999267578125,284.57000732421875,276.5,284.17999267578125,283.67376708984375,284.17999267578125,49311700
AAPL,2026-05-06,281.9200134277344,288.0299987792969,281.07000732421875,287.510009765625,286.99786376953125,287.510009765625,58336100
AAPL,2026-05-07,289.2699890136719,292.1300048828125,285.7799987792969,287.44000244140625,286.927978515625,287.44000244140625,45224300
AAPL,2026-05-08,290.010009765625,294.760009765625,290,293.32000732421875,292.7974853515625,293.32000732421875,52692800
AAPL,2026-05-11,291.9800109863281,293.8800048828125,290.2300109863281,292.67999267578125,292.42779541015625,292.67999267578125,42247300
AAPL,2026-05-12,292.55999755859375,295.2699890136719,292.55999755859375,294.79998779296875,294.54595947265625,294.79998779296875,45748100
AAPL,2026-05-13,293.5,300.9200134277344,293.5,298.8699951171875,298.6124572753906,298.8699951171875,52684300
AAPL,2026-05-14,299.82000732421875,300.45001220703125,295.3800048828125,298.2099914550781,297.9530334472656,298.2099914550781,35324900
AAPL,2026-05-15,297.8999938964844,303.20001220703125,296.5199890136719,300.2300109863281,299.9713134765625,300.2300109863281,54862800
AAPL,2026-05-18,300.239990234375,300.6600036621094,294.9100036621094,297.8399963378906,297.5833435058594,297.8399963378906,34483000
AAPL,2026-05-19,296.9700012207031,300.510009765625,296.3500061035156,298.9700012207031,298.7123718261719,298.9700012207031,42243600
AAPL,2026-05-20,298.17999267578125,302.79998779296875,298.0799865722656,302.25,301.98956298828125,302.25,38229800
AAPL,2026-05-21,301.05999755859375,305.5400085449219,300.3999938964844,304.989990234375,304.7271728515625,304.989990234375,42965100
AAPL,2026-05-22,306.1199951171875,311.3999938964844,305.8399963378906,308.82000732421875,308.55389404296875,308.82000732421875,43670200
AAPL,2026-05-26,309.55999755859375,311.82000732421875,307.6700134277344,308.3299865722656,308.0643005371094,308.3299865722656,48000500
AAPL,2026-05-27,308.3299865722656,313.260009765625,308.29998779296875,310.8500061035156,310.5821533203125,310.8500061035156,50430900
AAPL,2026-05-28,310.67999267578125,312.79998779296875,309.57000732421875,312.510009765625,312.24072265625,312.510009765625,48220400
AAPL,2026-05-29,311.7799987792969,315,309.5299987792969,312.05999755859375,311.7911071777344,312.05999755859375,70026800
AAPL,2026-06-01,309.6300048828125,310.94000244140625,305.0199890136719,306.30999755859375,306.0460510253906,306.30999755859375,48849900
AAPL,2026-06-02,307.4599914550781,315.45001220703125,306.69000244140625,315.20001220703125,314.92840576171875,315.20001220703125,44534700
AAPL,2026-06-03,314.17999267578125,316.94000244140625,308.8500061035156,310.260009765625,309.9926452636719,310.260009765625,50836700
AAPL,2026-06-04,313.2300109863281,313.5400085449219,309.6499938964844,311.2300109863281,310.9618225097656,311.2300109863281,44869100
AAPL,2026-06-05,312.8599853515625,315.1700134277344,307.1499938964844,307.3399963378906,307.0751647949219,307.3399963378906,65310500
AAPL,2026-06-08,308.739990234375,317.3999938964844,301.1700134277344,301.5400085449219,301.2801818847656,301.5400085449219,77949100
AAPL,2026-06-09,300.2799987792969,300.75,287.7799987792969,290.54998779296875,290.29962158203125,290.54998779296875,70108800
AAPL,2026-06-10,290.739990234375,294.75,287.3800048828125,291.5799865722656,291.3287353515625,291.5799865722656,52793300
AAPL,2026-06-11,293.7200012207031,297,289.5899963378906,295.6300048828125,295.375244140625,295.6300048828125,42572500
AAPL,2026-06-12,296.0299987792969,297.1400146484375,289.6199951171875,291.1300048828125,290.879150390625,291.1300048828125,38742100
AAPL,2026-06-15,294.1199951171875,297.7799987792969,291.70001220703125,296.4200134277344,296.1645812988281,296.4200134277344,45732600
AAPL,2026-06-16,295.25,300.4800109863281,293.9700012207031,299.239990234375,298.9821472167969,299.239990234375,39874400
AAPL,2026-06-17,300.8500061035156,302.07000732421875,294.3599853515625,295.95001220703125,295.6949768066406,295.95001220703125,42745100
AAPL,2026-06-18,298.1099853515625,300.57000732421875,295.6199951171875,298.010009765625,297.7532043457031,298.010009765625,85962200
AAPL,2026-06-22,297.30999755859375,302.4200134277344,296.760009765625,297.010009765625,296.75408935546875,297.010009765625,44879900
AAPL,2026-06-23,297.5400085449219,301.6400146484375,294.17999267578125,294.29998779296875,294.04638671875,294.29998779296875,52010900
AAPL,2026-06-24,295.3599853515625,299.70001220703125,292.94000244140625,293.0799865722656,292.8274230957031,293.0799865722656,53081900
AAPL,2026-06-25,287.3999938964844,288.79998779296875,273.75,275.1499938964844,274.91290283203125,275.1499938964844,107013700
AAPL,2026-06-26,275,285.95001220703125,274.2099914550781,283.7799987792969,283.53546142578125,283.7799987792969,261775500
AAPL,2026-06-29,286.7300109863281,288.3699951171875,279.8500061035156,281.739990234375,281.4972229003906,281.739990234375,66427000
AAPL,2026-06-30,281.1700134277344,289.94000244140625,280.70001220703125,289.3599853515625,289.11065673828125,289.3599853515625,65100200
AAPL,2026-07-01,293.44000244140625,296.5899963378906,289.20001220703125,294.3800048828125,294.1263427734375,294.3800048828125,50164200
AAPL,2026-07-02,294.1199951171875,309.4200134277344,293.67999267578125,308.6300048828125,308.3640441894531,308.6300048828125,75352800
AAPL,2026-07-06,307.3599853515625,314.20001220703125,307,312.6600036621094,312.3905944824219,312.6600036621094,53590000
AAPL,2026-07-07,315.2900085449219,315.4800109863281,310.1499938964844,310.6600036621094,310.3923034667969,310.6600036621094,42490000
AAPL,2026-07-08,311.9100036621094,314.82000732421875,307.04998779296875,313.3900146484375,313.1199645996094,313.3900146484375,41323500
AAPL,2026-07-09,310.510009765625,316.5299987792969,308.1600036621094,316.2200012207031,315.947509765625,316.2200012207031,48124500
AAPL,2026-07-10,314.7200012207031,316.9100036621094,312.1700134277344,315.32000732421875,315.0483093261719,315.32000732421875,34132300
AAPL,2026-07-13,317.0199890136719,323.45001220703125,315.7799987792969,317.30999755859375,317.03656005859375,317.30999755859375,43257800
AAPL,2026-07-14,313.760009765625,316.19000244140625,311.9100036621094,314.8599853515625,314.58868408203125,314.8599853515625,36336800
AAPL,2026-07-15,317.6199951171875,328.7300109863281,317.32000732421875,327.5,327.2178039550781,327.5,60957600
AAPL,2026-07-16,328.010009765625,334.67999267578125,326.7900085449219,333.260009765625,332.97283935546875,333.260009765625,62970600
AAPL,2026-07-17,331.9800109863281,334.989990234375,329,333.739990234375,333.452392578125,333.739990234375,63407100
AAPL,2026-07-20,333.510009765625,333.7099914550781,323.67999267578125,326.5899963378906,326.3085632324219,326.5899963378906,53468000
AAPL,2026-07-21,323.1300048828125,329.6000061035156,322.2200012207031,327.739990234375,327.45758056640625,327.739990234375,41338900
AAPL,2026-07-22,327.8699951171875,329,323.3399963378906,325.8900146484375,325.60919189453125,325.8900146484375,38755900
AAPL,2026-07-23,321.7300109863281,323.29998779296875,319.3500061035156,321.6600036621094,321.3828430175781,321.6600036621094,40840800
AAPL,2026-07-24,321.7900085449219,334.3699951171875,321.6199951171875,333.0199890136719,332.7330322265625,333.0199890136719,47489400
AAPL,2026-07-27,334.5400085449219,339.57000732421875,334.0199890136719,336.9100036621094,336.61968994140625,336.9100036621094,49604300
AAPL,2026-07-28,340.0299987792969,342.8900146484375,335.6000061035156,340.0799865722656,339.78692626953125,340.0799865722656,51859000
AAPL,2026-07-29,339.7300109863281,344.57000732421875,337.3500061035156,338.19000244140625,337.8985900878906,338.19000244140625,56090800
AAPL,2026-07-30,333.1000061035156,334.75,329.5899963378906,333.42999267578125,333.1426696777344,333.42999267578125,74817800
AAPL,2026-07-31,304.80999755859375,310.69000244140625,300,308.9100036621094,308.6438293457031,308.9100036621094,132489100
AAPL,2026-08-03,309.5799865722656,311.79998779296875,302.55999755859375,303.4200134277344,303.1585693359375,303.4200134277344,75052000
AAPL,2026-08-04,302.7300109863281,310.4200134277344,301.32000732421875,309.3800048828125,309.1134033203125,309.3800048828125,68001000
AAPL,2026-08-05,309.3599853515625,311.7099914550781,305.6700134277344,311,310.7320251464844,311,49438800
AAPL,2026-08-06,314.3399963378906,316.2900085449219,309.2300109863281,312.4100036621094,312.14080810546875,312.4100036621094,46139900
AAPL,2026-08-07,311.45001220703125,314.80999755859375,310.739990234375,313.3299865722656,313.05999755859375,313.3299865722656,34437200
AAPL,2026-08-10,306.8299865722656,308.260009765625,304.6099853515625,308.260009765625,308.260009765625,308.260009765625,44812500
AAPL,2026-08-11,307.75,309.9700012207031,302.7900085449219,304.9100036621094,304.9100036621094,304.9100036621094,37476700
AAPL,2026-08-12,305.1000061035156,305.6600036621094,300.57000732421875,302.25,302.25,302.25,41657800
AAPL,2026-08-13,304.2099914550781,306,302.04998779296875,305.260009765625,305.260009765625,305.260009765625,40349300
AAPL,2026-08-14,306,307.489990234375,304.29998779296875,305.92999267578125,305.92999267578125,305.92999267578125,28229400
AAPL,2026-08-17,306.2099914550781,307.6600036621094,302.94000244140625,305.5899963378906,305.5899963378906,305.5899963378906,38169300
AAPL,2026-08-18,307.5799865722656,311.489990234375,305.739990234375,310.0299987792969,310.0299987792969,310.0299987792969,53424500
AAPL,2026-08-19,310.1400146484375,319.2799987792969,309.6000061035156,316.8299865722656,316.8299865722656,316.8299865722656,50505600
AAPL,2026-08-20,317.4599914550781,320.2799987792969,310.6499938964844,311.29998779296875,311.29998779296875,311.29998779296875,40959200
AAPL,2026-08-21,312.04998779296875,312.3800048828125,307.010009765625,309.3500061035156,309.3500061035156,309.3500061035156,46876800
AAPL,2026-08-24,311.4700012207031,313.3599853515625,309.9700012207031,310.3399963378906,310.3399963378906,310.3399963378906,34673600
AAPL,2026-08-25,310.7900085449219,313.5899963378906,308.2099914550781,309.8999938964844,309.8999938964844,309.8999938964844,25869800
AAPL,2026-08-26,310.29998779296875,315.42999267578125,308.79998779296875,313.45001220703125,313.45001220703125,313.45001220703125,34024500
AAPL,2026-08-27,310.54998779296875,315.3999938964844,309.3999938964844,314.5799865722656,314.5799865722656,314.5799865722656,32419200
AAPL,2026-08-28,316.8500061035156,322.3699951171875,315.45001220703125,319.70001220703125,319.70001220703125,319.70001220703125,38649400
AAPL,2026-08-31,319.6000061035156,321.239990234375,312.79998779296875,316.8500061035156,316.8500061035156,316.8500061035156,41242700
AAPL,2026-09-01,316.9800109863281,327.29998779296875,314.7300109863281,325.1300048828125,325.1300048828125,325.1300048828125,53167400
AAPL,2026-09-02,326.8699951171875,328.3999938964844,323.5299987792969,324.9599914550781,324.9599914550781,324.9599914550781,33776400
AAPL,2026-09-03,324.8699951171875,330.80999755859375,324.1099853515625,328.2099914550781,328.2099914550781,328.2099914550781,37225800
AAPL,2026-09-04,328.30999755859375,328.92999267578125,317.8599853515625,319.9700012207031,319.9700012207031,319.9700012207031,39606900
AAPL,2026-09-08,317.1000061035156,320.70001220703125,314.8999938964844,316.2200012207031,316.2200012207031,316.2200012207031,35477100
AAPL,2026-09-09,315.489990234375,319.1499938964844,309.8999938964844,315.3399963378906,315.3399963378906,315.3399963378906,65640000
AAPL,2026-09-10,316.6700134277344,326.739990234375,316.510009765625,326.57000732421875,326.57000732421875,326.57000732421875,70011900
AAPL,2026-09-11,327.45001220703125,336.2200012207031,326.29998779296875,332.2699890136719,332.2699890136719,332.2699890136719,50716900
AAPL,2026-09-14,334.7900085449219,335.5,331.3399963378906,333.0799865722656,333.0799865722656,333.0799865722656,39269100
AAPL,2026-09-15,330.1400146484375,331.7799987792969,328.3500061035156,331.3399963378906,331.3399963378906,331.3399963378906,31748200
AAPL,2026-09-16,332.5299987792969,335.4800109863281,330.70001220703125,332.4100036621094,332.4100036621094,332.4100036621094,35981000
AAPL,2026-09-17,334.7699890136719,338.3399963378906,330.17999267578125,337,337,337,36700200
AAPL,2026-09-18,337.9100036621094,338.489990234375,332.5299987792969,336.1300048828125,336.1300048828125,336.1300048828125,86588200
AAPL,2026-09-21,335.2799987792969,339.6400146484375,333.04998779296875,338.9800109863281,338.9800109863281,338.9800109863281,34999200
AAPL,2026-09-22,340.1400146484375,345.3399963378906,338.75,339.75,339.75,339.75,40711800
AAPL,2026-09-23,341.0799865722656,341.79998779296875,335.5,337.0199890136719,337.0199890136719,337.0199890136719,31658800
AAPL,2026-09-24,336.7200012207031,338.9100036621094,334.29998779296875,335.9200134277344,335.9200134277344,335.9200134277344,24733100
AAPL,2026-09-25,336.0400085449219,341.6700134277344,334.5299987792969,341.07000732421875,341.07000732421875,341.07000732421875,30002500
AAPL,2026-09-28,340.3699951171875,342.989990234375,338.0400085449219,338.3999938964844,338.3999938964844,338.3999938964844,32820800
AAPL,2026-09-29,336.9700012207031,337.0899963378906,328.70001220703125,329.3999938964844,329.3999938964844,329.3999938964844,38478000
AAPL,2026-09-30,330.79998779296875,339.5,330.1400146484375,333.0199890136719,333.0199890136719,333.0199890136719,49988600
AAPL,2026-10-01,330,332.4800109863281,325.80999755859375,330.32000732421875,330.32000732421875,330.32000732421875,36306300
AAPL,2026-10-02,333.260009765625,334.5400085449219,330.6099853515625,333.69000244140625,333.69000244140625,333.69000244140625,33278600
AAPL,2026-10-05,332.82000732421875,336.2099914550781,331.6499938964844,332.8900146484375,332.8900146484375,332.8900146484375,34400900
AAPL,2026-10-06,332.2799987792969,334.3800048828125,330.6199951171875,333.6300048828125,333.6300048828125,333.6300048828125,30449000
TSLA,2015-01-02,14.857999801635742,14.883333206176758,14.21733283996582,14.620667457580566,14.620667457580566,219.3100118637085,71466000
TSLA,2015-01-05,14.303333282470703,14.433333396911621,13.810667037963867,14.005999565124512,14.005999565124512,210.08999347686768,80527500
TSLA,2015-01-06,14.003999710083008,14.279999732971191,13.61400032043457,14.085332870483398,14.085332870483398,211.27999305725098,93928500
TSLA,2015-01-07,14.223333358764648,14.3186674118042,13.985333442687988,14.063332557678223,14.063332557678223,210.94998836517334,44526000
TSLA,2015-01-08,14.187333106994629,14.25333309173584,14.000666618347168,14.041333198547363,14.041333198547363,210.61999797821045,51637500
TSLA,2015-01-09,13.928000450134277,13.998666763305664,13.663999557495117,13.77733325958252,13.77733325958252,206.6599988937378,70024500
TSLA,2015-01-12,13.536666870117188,13.631333351135254,13.283332824707031,13.480667114257813,13.480667114257813,202.2100067138672,89254500
TSLA,2015-01-13,13.554667472839355,13.840666770935059,13.394000053405762,13.616666793823242,13.616666793823242,204.25000190734863,67159500
TSLA,2015-01-14,12.388667106628418,13.013333320617676,12.333333015441895,12.845999717712402,12.845999717712402,192.68999576568604,173278500
TSLA,2015-01-15,12.965999603271484,13.050000190734863,12.666666984558105,12.791333198547363,12.791333198547363,191.86999797821045,78247500
TSLA,2015-01-16,12.713333129882813,12.965999603271484,12.643333435058594,12.871333122253418,12.871333122253418,193.06999683380127,54048000
TSLA,2015-01-20,12.924667358398438,12.941332817077637,12.469332695007324,12.795332908630371,12.795332908630371,191.92999362945557,67548000
TSLA,2015-01-21,12.636667251586914,13.245332717895508,12.633999824523926,13.104666709899902,13.104666709899902,196.57000064849854,62295000
TSLA,2015-01-22,13.133333206176758,13.549332618713379,13.013333320617676,13.441332817077637,13.441332817077637,201.61999225616455,61753500
TSLA,2015-01-23,13.352666854858398,13.566666603088379,13.222000122070313,13.419333457946777,13.419333457946777,201.29000186920166,51579000
TSLA,2015-01-26,13.45533275604248,13.907999992370605,13.403332710266113,13.770000457763672,13.770000457763672,206.55000686645508,48517500
TSLA,2015-01-27,13.628000259399414,13.868666648864746,13.553333282470703,13.732000350952148,13.732000350952148,205.98000526428223,41715000
TSLA,2015-01-28,13.740667343139648,13.758000373840332,13.227999687194824,13.291333198547363,13.291333198547363,199.36999797821045,47244000
TSLA,2015-01-29,13.404666900634766,13.732000350952148,13.100000381469727,13.680000305175781,13.680000305175781,205.20000457763672,53221500
TSLA,2015-01-30,13.597332954406738,13.83133316040039,13.533332824707031,13.573332786560059,13.573332786560059,203.59999179840088,45105000
TSLA,2015-02-02,13.597999572753906,14.130000114440918,13.553333282470703,14.062666893005371,14.062666893005371,210.94000339508057,62238000
TSLA,2015-02-03,14.214667320251465,14.691332817077637,14.084667205810547,14.557332992553711,14.557332992553711,218.35999488830566,72393000
TSLA,2015-02-04,14.552666664123535,14.76533317565918,14.453332901000977,14.569999694824219,14.569999694824219,218.54999542236328,49581000
TSLA,2015-02-05,14.658666610717773,15.031999588012695,14.642666816711426,14.732666969299316,14.732666969299316,220.99000453948975,52843500
TSLA,2015-02-06,14.800000190734863,14.893333435058594,14.433333396911621,14.490667343139648,14.490667343139648,217.36001014709473,48658500
TSLA,2015-02-09,14.358667373657227,14.528667449951172,14.13266658782959,14.498666763305664,14.498666763305664,217.48000144958496,52086000
TSLA,2015-02-10,14.50333309173584,14.699999809265137,14.333333015441895,14.419333457946777,14.419333457946777,216.29000186920166,80857500
TSLA,2015-02-11,14.147333145141602,14.315999984741211,13.8186674118042,14.186667442321777,14.186667442321777,212.80001163482666,146536500
TSLA,2015-02-12,12.904666900634766,13.53933334350586,12.885333061218262,13.525333404541016,13.525333404541016,202.88000106811523,234744000
TSLA,2015-02-13,13.526666641235352,13.732666969299316,13.394000053405762,13.584667205810547,13.584667205810547,203.7700080871582,92865000
TSLA,2015-02-17,13.713333129882813,13.713333129882813,13.433333396911621,13.623332977294922,13.623332977294922,204.34999465942383,59694000
TSLA,2015-02-18,13.611332893371582,13.744667053222656,13.506667137145996,13.630666732788086,13.630666732788086,204.4600009918213,40704000
TSLA,2015-02-19,13.666666984558105,14.162667274475098,13.583333015441895,14.11400032043457,14.11400032043457,211.71000480651855,77311500
TSLA,2015-02-20,14.052000045776367,14.506667137145996,13.987333297729492,14.473999977111816,14.473999977111816,217.10999965667725,89731500
TSLA,2015-02-23,14.37733268737793,14.546667098999023,13.755332946777344,13.822667121887207,13.822667121887207,207.3400068283081,127497000
TSLA,2015-02-24,13.81933307647705,13.81933307647705,13.446666717529297,13.607333183288574,13.607333183288574,204.1099977493286,99054000
TSLA,2015-02-25,13.662667274475098,13.809332847595215,13.505332946777344,13.583999633789063,13.583999633789063,203.75999450683594,58642500
TSLA,2015-02-26,13.600000381469727,14.072667121887207,13.481332778930664,13.812666893005371,13.812666893005371,207.19000339508057,97093500
TSLA,2015-02-27,13.793333053588867,13.903332710266113,13.520000457763672,13.555999755859375,13.555999755859375,203.33999633789063,58231500
TSLA,2015-03-02,13.513333320617676,13.555999755859375,13.055333137512207,13.155332565307617,13.155332565307617,197.32998847961426,118831500
TSLA,2015-03-03,13.120667457580566,13.349332809448242,13.021332740783691,13.303999900817871,13.303999900817871,199.55999851226807,66484500
TSLA,2015-03-04,13.283332824707031,13.501333236694336,13.147333145141602,13.496000289916992,13.496000289916992,202.44000434875488,63330000
TSLA,2015-03-05,13.523332595825195,13.746000289916992,13.34333324432373,13.375332832336426,13.375332832336426,200.6299924850464,73155000
TSLA,2015-03-06,13.280667304992676,13.383333206176758,12.8100004196167,12.925333023071289,12.925333023071289,193.87999534606934,100686000
TSLA,2015-03-09,12.959333419799805,12.965999603271484,12.550000190734863,12.725333213806152,12.725333213806152,190.87999820709229,101050500
TSLA,2015-03-10,12.564000129699707,12.899999618530273,12.506667137145996,12.687999725341797,12.687999725341797,190.31999588012695,83695500
TSLA,2015-03-11,12.743332862854004,13.078666687011719,12.734000205993652,12.916000366210938,12.916000366210938,193.74000549316406,74623500
TSLA,2015-03-12,12.916666984558105,12.963333129882813,12.649999618530273,12.73799991607666,12.73799991607666,191.0699987411499,62239500
TSLA,2015-03-13,12.596667289733887,12.783332824707031,12.48799991607666,12.578666687011719,12.578666687011719,188.68000030517578,81514500
TSLA,2015-03-16,12.800000190734863,13.060667037963867,12.653332710266113,13.046667098999023,13.046667098999023,195.70000648498535,84432000
TSLA,2015-03-17,13.028667449951172,13.247332572937012,12.929332733154297,12.982000350952148,12.982000350952148,194.73000526428223,73411500
TSLA,2015-03-18,12.997332572937012,13.392000198364258,12.87399959564209,13.380666732788086,13.380666732788086,200.7100009918213,72313500
TSLA,2015-03-19,13.466667175292969,13.63933277130127,12.968667030334473,13.043333053588867,13.043333053588867,195.649995803833,127128000
TSLA,2015-03-20,13.16333293914795,13.265999794006348,13.041333198547363,13.20533275604248,13.20533275604248,198.0799913406372,64042500
TSLA,2015-03-23,13.233332633972168,13.366666793823242,13.164667129516602,13.308667182922363,13.308667182922363,199.63000774383545,39474000
TSLA,2015-03-24,13.438667297363281,13.586000442504883,13.316666603088379,13.447999954223633,13.447999954223633,201.7199993133545,54748500
TSLA,2015-03-25,13.218000411987305,13.239333152770996,12.846667289733887,12.953332901000977,12.953332901000977,194.29999351501465,85956000
TSLA,2015-03-26,12.928000450134277,12.986000061035156,12.646666526794434,12.694000244140625,12.694000244140625,190.41000366210938,61920000
TSLA,2015-03-27,12.604666709899902,12.619333267211914,12.09333324432373,12.333333015441895,12.333333015441895,184.99999523162842,129073500
TSLA,2015-03-30,12.390000343322754,12.816666603088379,12.119999885559082,12.704667091369629,12.704667091369629,190.57000637054443,151342500
TSLA,2015-03-31,12.902000427246094,12.917332649230957,12.560667037963867,12.584667205810547,12.584667205810547,188.7700080871582,75399000
TSLA,2015-04-01,12.579999923706055,12.819999694824219,12.403332710266113,12.505999565124512,12.505999565124512,187.58999347686768,56919000
TSLA,2015-04-02,12.682000160217285,12.881999969482422,12.666666984558105,12.733332633972168,12.733332633972168,190.99998950958252,75156000
TSLA,2015-04-06,13.199999809265137,13.850000381469727,13.166666984558105,13.539999961853027,13.539999961853027,203.0999994277954,186837000
TSLA,2015-04-07,13.500666618347168,13.670666694641113,13.409333229064941,13.550000190734863,13.550000190734863,203.25000286102295,65218500
TSLA,2015-04-08,13.880000114440918,14.0600004196167,13.724666595458984,13.844667434692383,13.844667434692383,207.67001152038574,94546500
TSLA,2015-04-09,13.895333290100098,14.024666786193848,13.7413330078125,14.005999565124512,14.005999565124512,210.08999347686768,57003000
TSLA,2015-04-10,13.989999771118164,14.109999656677246,13.933333396911621,14.0600004196167,14.0600004196167,210.9000062942505,61015500
TSLA,2015-04-13,14.029333114624023,14.199999809265137,13.936667442321777,13.985333442687988,13.985333442687988,209.78000164031982,56373000
TSLA,2015-04-14,13.904666900634766,13.965999603271484,13.699999809265137,13.830666542053223,13.830666542053223,207.45999813079834,45390000
TSLA,2015-04-15,13.830666542053223,13.97266674041748,13.773332595825195,13.85533332824707,13.85533332824707,207.82999992370605,29286000
TSLA,2015-04-16,13.846667289733887,13.944666862487793,13.752667427062988,13.779999732971191,13.779999732971191,206.69999599456787,24886500
TSLA,2015-04-17,13.666000366210938,13.791999816894531,13.566666603088379,13.78600025177002,13.78600025177002,206.7900037765503,37048500
TSLA,2015-04-20,13.785332679748535,13.856666564941406,13.59000015258789,13.684666633605957,13.684666633605957,205.26999950408936,38389500
TSLA,2015-04-21,13.720000267028809,14.050000190734863,13.620667457580566,13.96066665649414,13.96066665649414,209.4099998474121,51487500
TSLA,2015-04-22,14.166666984558105,14.791999816894531,14.112667083740234,14.629332542419434,14.629332542419434,219.4399881362915,117945000
TSLA,2015-04-23,14.5513334274292,14.76533317565918,14.476667404174805,14.573332786560059,14.573332786560059,218.59999179840088,66168000
TSLA,2015-04-24,14.699999809265137,14.720000267028809,14.534000396728516,14.562000274658203,14.562000274658203,218.43000411987305,36417000
TSLA,2015-04-27,14.837332725524902,15.916666984558105,14.800000190734863,15.436667442321777,15.436667442321777,231.55001163482666,175089000
TSLA,2015-04-28,15.649999618530273,15.699999809265137,15.20199966430664,15.36533260345459,15.36533260345459,230.47998905181885,91281000
TSLA,2015-04-29,15.33666706085205,15.664667129516602,15.175333023071289,15.49666690826416,15.49666690826416,232.4500036239624,59041500
TSLA,2015-04-30,15.359333038330078,15.526000022888184,15.011333465576172,15.069999694824219,15.069999694824219,226.04999542236328,58678500
TSLA,2015-05-01,15.329333305358887,15.451333045959473,14.694000244140625,15.0686674118042,15.0686674118042,226.030011177063,79225500
TSLA,2015-05-04,15.211999893188477,15.648667335510254,15.140666961669922,15.36733341217041,15.36733341217041,230.51000118255615,66519000
TSLA,2015-05-05,15.850666999816895,15.966667175292969,15.275333404541016,15.529999732971191,15.529999732971191,232.94999599456787,86953500
TSLA,2015-05-06,15.606666564941406,15.631333351135254,15.213333129882813,15.362000465393066,15.362000465393066,230.430006980896,79063500
TSLA,2015-05-07,14.733332633972168,15.831999778747559,14.683333396911621,15.786666870117188,15.786666870117188,236.8000030517578,141838500
TSLA,2015-05-08,15.732666969299316,15.894000053405762,15.579999923706055,15.77400016784668,15.77400016784668,236.6100025177002,70023000
TSLA,2015-05-11,15.752667427062988,16.191999435424805,15.687333106994629,15.965999603271484,15.965999603271484,239.48999404907227,85084500
TSLA,2015-05-12,16.007333755493164,16.42333221435547,15.879332542419434,16.31599998474121,16.31599998474121,244.73999977111816,95451000
TSLA,2015-05-13,16.507333755493164,16.553333282470703,16.149999618530273,16.211999893188477,16.211999893188477,243.17999839782715,81603000
TSLA,2015-05-14,16.321332931518555,16.326000213623047,16.083332061767578,16.273332595825195,16.273332595825195,244.09998893737793,43438500
TSLA,2015-05-15,16.261999130249023,16.626667022705078,16.166667938232422,16.589332580566406,16.589332580566406,248.8399887084961,67914000
TSLA,2015-05-18,16.46666717529297,16.65999984741211,16.399999618530273,16.583332061767578,16.583332061767578,248.74998092651367,50298000
TSLA,2015-05-19,16.562000274658203,16.733333587646484,16.40999984741211,16.47599983215332,16.47599983215332,247.1399974822998,55113000
TSLA,2015-05-20,16.475332260131836,16.516000747680664,16.091333389282227,16.290000915527344,16.290000915527344,244.35001373291016,56334000
TSLA,2015-05-21,16.20199966430664,16.441333770751953,16.157333374023438,16.374666213989258,16.374666213989258,245.61999320983887,29559000
TSLA,2015-05-22,16.358667373657227,16.573333740234375,16.333999633789063,16.51533317565918,16.51533317565918,247.7299976348877,33346500
TSLA,2015-05-26,16.511999130249023,16.799999237060547,16.433332443237305,16.497333526611328,16.497333526611328,247.46000289916992,52480500
TSLA,2015-05-27,16.567333221435547,16.633333206176758,16.3700008392334,16.495332717895508,16.495332717895508,247.42999076843262,51123000
TSLA,2015-05-28,16.468666076660156,16.786666870117188,16.336666107177734,16.76333236694336,16.76333236694336,251.4499855041504,54709500
TSLA,2015-05-29,16.733333587646484,16.857999801635742,16.6286678314209,16.719999313354492,16.719999313354492,250.79998970031738,56839500
TSLA,2015-06-01,16.76066780090332,16.773332595825195,16.49799919128418,16.6299991607666,16.6299991607666,249.44998741149902,37576500
TSLA,2015-06-02,16.594667434692383,16.626667022705078,16.420000076293945,16.55666732788086,16.55666732788086,248.3500099182129,32022000
TSLA,2015-06-03,16.546667098999023,16.71466636657715,16.46733283996582,16.599332809448242,16.599332809448242,248.98999214172363,26722500
TSLA,2015-06-04,16.5,16.6200008392334,16.380666732788086,16.39466667175293,16.39466667175293,245.92000007629395,36804000
TSLA,2015-06-05,16.399999618530273,16.64666748046875,16.3786678314209,16.609333038330078,16.609333038330078,249.13999557495117,45330000
TSLA,2015-06-08,16.72333335876465,17.25,16.687332153320313,17.086000442504883,17.086000442504883,256.29000663757324,75255000
TSLA,2015-06-09,17.02666664123535,17.182666778564453,16.94266700744629,17.066667556762695,17.066667556762695,256.00001335144043,39166500
TSLA,2015-06-10,16.793333053588867,16.933332443237305,16.566667556762695,16.713333129882813,16.713333129882813,250.6999969482422,51817500
TSLA,2015-06-11,16.884000778198242,16.95800018310547,16.69533348083496,16.76066780090332,16.76066780090332,251.4100170135498,30661500
TSLA,2015-06-12,16.680667877197266,16.8973331451416,16.680667877197266,16.71266746520996,16.71266746520996,250.6900119781494,21334500
TSLA,2015-06-15,16.64666748046875,16.75200080871582,16.400667190551758,16.691999435424805,16.691999435424805,250.37999153137207,32793000
TSLA,2015-06-16,16.67533302307129,16.895999908447266,16.606666564941406,16.874666213989258,16.874666213989258,253.11999320983887,29770500
TSLA,2015-06-17,16.81133270263672,17.624000549316406,16.801332473754883,17.360666275024414,17.360666275024414,260.4099941253662,82693500
TSLA,2015-06-18,17.46666717529297,17.56399917602539,17.334667205810547,17.459333419799805,17.459333419799805,261.89000129699707,41740500
TSLA,2015-06-19,17.49333381652832,17.586666107177734,17.34000015258789,17.500667572021484,17.500667572021484,262.51001358032227,36945000
TSLA,2015-06-22,17.476667404174805,17.626667022705078,17.04599952697754,17.319332122802734,17.319332122802734,259.789981842041,68416500
TSLA,2015-06-23,17.35466766357422,17.866666793823242,17.238000869750977,17.844667434692383,17.844667434692383,267.67001152038574,58062000
TSLA,2015-06-24,17.798667907714844,17.823333740234375,17.58133316040039,17.67799949645996,17.67799949645996,265.1699924468994,36184500
TSLA,2015-06-25,17.76333236694336,18.0939998626709,17.683332443237305,17.91933250427246,17.91933250427246,268.7899875640869,42738000
TSLA,2015-06-26,17.926000595092773,17.94066619873047,17.733333587646484,17.805999755859375,17.805999755859375,267.0899963378906,57576000
TSLA,2015-06-29,17.463333129882813,17.729999542236328,17.3799991607666,17.468000411987305,17.468000411987305,262.02000617980957,52183500
TSLA,2015-06-30,17.65333366394043,18.06133270263672,17.600000381469727,17.884000778198242,17.884000778198242,268.26001167297363,46303500
TSLA,2015-07-01,18.073999404907227,18.174667358398438,17.856666564941406,17.94333267211914,17.94333267211914,269.1499900817871,31518000
TSLA,2015-07-02,18.68000030517578,18.829999923706055,18.220666885375977,18.667999267578125,18.667999267578125,280.0199890136719,107458500
TSLA,2015-07-06,18.591999053955078,18.779333114624023,18.420000076293945,18.648000717163086,18.648000717163086,279.7200107574463,61828500
TSLA,2015-07-07,18.333332061767578,18.34666633605957,17.384666442871094,17.858667373657227,17.858667373657227,267.8800106048584,91576500
TSLA,2015-07-08,17.288000106811523,17.386667251586914,16.95400047302246,16.997333526611328,16.997333526611328,254.96000289916992,93316500
TSLA,2015-07-09,17.27199935913086,17.530000686645508,17.119333267211914,17.19466781616211,17.19466781616211,257.92001724243164,50011500
TSLA,2015-07-10,17.481332778930664,17.53333282470703,17.187999725341797,17.27666664123535,17.27666664123535,259.1499996185303,39163500
TSLA,2015-07-13,17.483333587646484,17.503332138061523,17.06999969482422,17.477333068847656,17.477333068847656,262.15999603271484,44404500
TSLA,2015-07-14,17.47333335876465,17.732667922973633,17.367332458496094,17.709999084472656,17.709999084472656,265.64998626708984,28614000
TSLA,2015-07-15,17.78266716003418,17.832666397094727,17.472000122070313,17.542667388916016,17.542667388916016,263.14001083374023,30324000
TSLA,2015-07-16,17.614667892456055,17.81333351135254,17.54400062561035,17.778667449951172,17.778667449951172,266.6800117492676,24240000
TSLA,2015-07-17,18.166667938232422,18.369333267211914,17.883333206176758,18.310667037963867,18.310667037963867,274.660005569458,75061500
TSLA,2015-07-20,18.333332061767578,19.110000610351563,18.16933250427246,18.817333221435547,18.817333221435547,282.2599983215332,74677500
TSLA,2015-07-21,18.003332138061523,18.233333587646484,17.770000457763672,17.784666061401367,17.784666061401367,266.7699909210205,91630500
TSLA,2015-07-22,17.417999267578125,17.96266746520996,17.390666961669922,17.857999801635742,17.857999801635742,267.86999702453613,46575000
TSLA,2015-07-23,17.976667404174805,17.99333381652832,17.684667587280273,17.81333351135254,17.81333351135254,267.2000026702881,33408000
TSLA,2015-07-24,17.825332641601563,18.07266616821289,17.594667434692383,17.694000244140625,17.694000244140625,265.4100036621094,42547500
TSLA,2015-07-27,17.495332717895508,17.6286678314209,16.71933364868164,16.867332458496094,16.867332458496094,253.0099868774414,70413000
TSLA,2015-07-28,17.049999237060547,17.69333267211914,16.78933334350586,17.654666900634766,17.654666900634766,264.8200035095215,58437000
TSLA,2015-07-29,17.618000030517578,17.859333038330078,17.46666717529297,17.58799934387207,17.58799934387207,263.81999015808105,41851500
TSLA,2015-07-30,17.512666702270508,17.79599952697754,17.474000930786133,17.785999298095703,17.785999298095703,266.78998947143555,30519000
TSLA,2015-07-31,17.84000015258789,17.957332611083984,17.674667358398438,17.74333381652832,17.74333381652832,266.1500072479248,33339000
TSLA,2015-08-03,17.752666473388672,17.78066635131836,17.13800048828125,17.332666397094727,17.332666397094727,259.9899959564209,38302500
TSLA,2015-08-04,17.333999633789063,17.781333923339844,17.222667694091797,17.75200080871582,17.75200080871582,266.2800121307373,35287500
TSLA,2015-08-05,17.57200050354004,18.066667556762695,17.360000610351563,18.0086669921875,18.0086669921875,270.1300048828125,93214500
TSLA,2015-08-06,16.63599967956543,17,15.7413330078125,16.408666610717773,16.408666610717773,246.1299991607666,219357000
TSLA,2015-08-07,16.238666534423828,16.248666763305664,15.892666816711426,16.167333602905273,16.167333602905273,242.5100040435791,76101000
TSLA,2015-08-10,15.876667022705078,16.197999954223633,15.736666679382324,16.076000213623047,16.076000213623047,241.1400032043457,62788500
TSLA,2015-08-11,15.8100004196167,15.953332901000977,15.629332542419434,15.824666976928711,15.824666976928711,237.37000465393066,63973500
TSLA,2015-08-12,15.666666984558105,15.98466682434082,15.515999794006348,15.878000259399414,15.878000259399414,238.1700038909912,55920000
TSLA,2015-08-13,15.990667343139648,16.43199920654297,15.941332817077637,16.167333602905273,16.167333602905273,242.5100040435791,70338000
TSLA,2015-08-14,16.482667922973633,16.528667449951172,16.118000030517578,16.209999084472656,16.209999084472656,243.14998626708984,65472000
TSLA,2015-08-17,17.03733253479004,17.106000900268555,16.700666427612305,16.999332427978516,16.999332427978516,254.98998641967773,107650500
TSLA,2015-08-18,17.025333404541016,17.39666748046875,16.90399932861328,17.381332397460938,17.381332397460938,260.71998596191406,62925000
TSLA,2015-08-19,17.35533332824707,17.376667022705078,17.001333236694336,17.016666412353516,17.016666412353516,255.24999618530273,54064500
TSLA,2015-08-20,16.804000854492188,16.970666885375977,16.126667022705078,16.14533233642578,16.14533233642578,242.17998504638672,73587000
TSLA,2015-08-21,15.733332633972168,16.253332138061523,15.36733341217041,15.38466739654541,15.38466739654541,230.77001094818115,98853000
TSLA,2015-08-24,13.519332885742188,15.426667213439941,13,14.591333389282227,14.591333389282227,218.8700008392334,143724000
TSLA,2015-08-25,15.368000030517578,15.393333435058594,14.607999801635742,14.66866683959961,14.66866683959961,220.03000259399414,64909500
TSLA,2015-08-26,15.195332527160645,15.199999809265137,14.36733341217041,14.989333152770996,14.989333152770996,224.83999729156494,74445000
TSLA,2015-08-27,15.399999618530273,16.316667556762695,15.387332916259766,16.19933319091797,16.19933319091797,242.98999786376953,114840000
TSLA,2015-08-28,16.124000549316406,16.76333236694336,16.10466766357422,16.565332412719727,16.565332412719727,248.4799861907959,82705500
TSLA,2015-08-31,16.374666213989258,16.996667861938477,16.367332458496094,16.604000091552734,16.604000091552734,249.06000137329102,70503000
TSLA,2015-09-01,16.022666931152344,16.399999618530273,15.79800033569336,15.908666610717773,15.908666610717773,238.6299991607666,81822000
TSLA,2015-09-02,16.35333251953125,16.525333404541016,15.985333442687988,16.512666702270508,16.512666702270508,247.69000053405762,69438000
TSLA,2015-09-03,16.804000854492188,16.80533218383789,16.333332061767578,16.3713321685791,16.3713321685791,245.56998252868652,62922000
TSLA,2015-09-04,16.05933380126953,16.272666931152344,15.880000114440918,16.1286678314209,16.1286678314209,241.93001747131348,55338000
TSLA,2015-09-08,16.336666107177734,16.610666275024414,16.270000457763672,16.544666290283203,16.544666290283203,248.16999435424805,47073000
TSLA,2015-09-09,16.803333282470703,16.950000762939453,16.553333282470703,16.5939998626709,16.5939998626709,248.90999794006348,50862000
TSLA,2015-09-10,16.48200035095215,16.71466636657715,16.35533332824707,16.565332412719727,16.565332412719727,248.4799861907959,40635000
TSLA,2015-09-11,16.50933265686035,16.682666778564453,16.315332412719727,16.682666778564453,16.682666778564453,250.2400016784668,35262000
TSLA,2015-09-14,16.739999771118164,16.950000762939453,16.64466667175293,16.87933349609375,16.87933349609375,253.19000244140625,43363500
TSLA,2015-09-15,16.850000381469727,16.97333335876465,16.633333206176758,16.904666900634766,16.904666900634766,253.57000350952148,44002500
TSLA,2015-09-16,16.869333267211914,17.525333404541016,16.858667373657227,17.483333587646484,17.483333587646484,262.25000381469727,66256500
TSLA,2015-09-17,17.597333908081055,17.700000762939453,17.37933349609375,17.471332550048828,17.471332550048828,262.0699882507324,53787000
TSLA,2015-09-18,17.19733238220215,17.58799934387207,17.166667938232422,17.374666213989258,17.374666213989258,260.61999320983887,56446500
TSLA,2015-09-21,17.59866714477539,18.10466766357422,17.053333282470703,17.613332748413086,17.613332748413086,264.1999912261963,91803000
TSLA,2015-09-22,17.268667221069336,17.510000228881836,17.058000564575195,17.395999908447266,17.395999908447266,260.939998626709,54966000
TSLA,2015-09-23,17.463333129882813,17.472000122070313,17.172000885009766,17.40399932861328,17.40399932861328,261.0599899291992,39012000
TSLA,2015-09-24,17.302000045776367,17.56333351135254,17.08066749572754,17.541332244873047,17.541332244873047,263.1199836730957,51723000
TSLA,2015-09-25,17.77400016784668,17.79400062561035,17.07666778564453,17.12733268737793,17.12733268737793,256.90999031066895,56601000
TSLA,2015-09-28,17.156667709350586,17.319332122802734,16.44066619873047,16.562000274658203,16.562000274658203,248.43000411987305,73516500
TSLA,2015-09-29,16.69733238220215,16.98200035095215,16.36400032043457,16.44333267211914,16.44333267211914,246.6499900817871,55548000
TSLA,2015-09-30,16.799999237060547,16.82666778564453,16.1560001373291,16.559999465942383,16.559999465942383,248.39999198913574,73944000
TSLA,2015-10-01,16.500667572021484,16.566667556762695,15.808667182922363,15.991999626159668,15.991999626159668,239.87999439239502,68595000
TSLA,2015-10-02,15.706666946411133,16.51333236694336,15.661999702453613,16.504667282104492,16.504667282104492,247.57000923156738,66360000
TSLA,2015-10-05,16.589332580566406,16.6560001373291,16.275333404541016,16.40999984741211,16.40999984741211,246.14999771118164,55348500
TSLA,2015-10-06,16,16.20199966430664,15.70533275604248,16.097333908081055,16.097333908081055,241.46000862121582,78378000
TSLA,2015-10-07,15.775333404541016,15.846667289733887,15.274666786193848,15.46399974822998,15.46399974822998,231.9599962234497,102210000
TSLA,2015-10-08,15.338666915893555,15.381333351135254,14.753999710083008,15.114666938781738,15.114666938781738,226.72000408172607,91998000
TSLA,2015-10-09,14.728667259216309,14.958000183105469,14.557332992553711,14.712667465209961,14.712667465209961,220.6900119781494,92376000
TSLA,2015-10-12,14.866000175476074,14.866666793823242,14.351332664489746,14.371999740600586,14.371999740600586,215.5799961090088,57544500
TSLA,2015-10-13,14.218667030334473,14.834667205810547,14.075332641601563,14.616666793823242,14.616666793823242,219.25000190734863,77572500
TSLA,2015-10-14,14.711333274841309,14.729999542236328,14.362000465393066,14.458666801452637,14.458666801452637,216.88000202178955,46566000
TSLA,2015-10-15,14.428667068481445,14.781999588012695,14.24666690826416,14.753999710083008,14.753999710083008,221.30999565124512,42663000
TSLA,2015-10-16,14.869333267211914,15.36533260345459,14.857999801635742,15.133999824523926,15.133999824523926,227.0099973678589,65017500
TSLA,2015-10-19,15.100000381469727,15.40999984741211,14.996000289916992,15.206666946411133,15.206666946411133,228.100004196167,37618500
TSLA,2015-10-20,15.1813325881958,15.239999771118164,13.466667175292969,14.20199966430664,14.20199966430664,213.0299949645996,223500000
TSLA,2015-10-21,14.13266658782959,14.320667266845703,13.920000076293945,14.005999565124512,14.005999565124512,210.08999347686768,62272500
TSLA,2015-10-22,14.104000091552734,14.383333206176758,13.960000038146973,14.114666938781738,14.114666938781738,211.72000408172607,42378000
TSLA,2015-10-23,14.333333015441895,14.356666564941406,13.845999717712402,13.939332962036133,13.939332962036133,209.089994430542,63532500
TSLA,2015-10-26,14.092000007629395,14.392000198364258,14,14.350666999816895,14.350666999816895,215.26000499725342,50871000
TSLA,2015-10-27,14.322667121887207,14.473333358764648,13.833999633789063,14.023332595825195,14.023332595825195,210.34998893737793,52791000
TSLA,2015-10-28,14.087332725524902,14.229999542236328,13.886667251586914,14.197333335876465,14.197333335876465,212.96000003814697,40929000
TSLA,2015-10-29,14.116666793823242,14.25,14.042667388916016,14.108667373657227,14.108667373657227,211.6300106048584,27075000
TSLA,2015-10-30,14.026666641235352,14.108667373657227,13.592666625976563,13.795332908630371,13.795332908630371,206.92999362945557,66583500
TSLA,2015-11-02,13.928000450134277,14.386667251586914,13.814666748046875,14.252667427062988,14.252667427062988,213.79001140594482,58918500
TSLA,2015-11-03,14.256667137145996,14.295999526977539,13.850000381469727,13.890000343322754,13.890000343322754,208.3500051498413,124987500
TSLA,2015-11-04,15.133333206176758,15.515999794006348,15.013333320617676,15.442000389099121,15.442000389099121,231.63000583648682,190896000
TSLA,2015-11-05,15.371999740600586,15.638667106628418,15.279333114624023,15.451333045959473,15.451333045959473,231.7699956893921,67452000
TSLA,2015-11-06,15.380000114440918,15.557332992553711,15.300000190734863,15.490667343139648,15.490667343139648,232.36001014709473,36679500
TSLA,2015-11-09,15.53266716003418,15.53266716003418,14.954000473022461,15.022000312805176,15.022000312805176,225.33000469207764,57763500
TSLA,2015-11-10,14.898667335510254,14.91333293914795,14.405332565307617,14.433333396911621,14.433333396911621,216.50000095367432,69255000
TSLA,2015-11-11,14.517999649047852,14.631999969482422,14.241999626159668,14.60533332824707,14.60533332824707,219.07999992370605,50217000
TSLA,2015-11-12,14.523332595825195,14.600000381469727,14.177332878112793,14.196000099182129,14.196000099182129,212.94000148773193,43738500
TSLA,2015-11-13,14.196666717529297,14.199333190917969,13.767999649047852,13.812666893005371,13.812666893005371,207.19000339508057,51454500
TSLA,2015-11-16,13.739333152770996,14.331999778747559,13.720000267028809,14.287332534790039,14.287332534790039,214.3099880218506,43881000
TSLA,2015-11-17,14.346667289733887,14.399999618530273,14.09333324432373,14.266667366027832,14.266667366027832,214.00001049041748,32230500
TSLA,2015-11-18,14.300000190734863,14.7586669921875,14.168000221252441,14.73799991607666,14.73799991607666,221.0699987411499,42178500
TSLA,2015-11-19,14.702667236328125,15.079333305358887,14.686667442321777,14.786666870117188,14.786666870117188,221.8000030517578,37566000
TSLA,2015-11-20,14.899333000183105,15,14.238666534423828,14.667332649230957,14.667332649230957,220.00998973846436,66010500
TSLA,2015-11-23,14.489999771118164,14.612000465393066,14.312000274658203,14.516667366027832,14.516667366027832,217.75001049041748,37893000
TSLA,2015-11-24,14.357999801635742,14.733332633972168,14.333333015441895,14.550000190734863,14.550000190734863,218.25000286102295,37204500
TSLA,2015-11-25,14.755999565124512,15.388667106628418,14.692000389099121,15.309332847595215,15.309332847595215,229.63999271392822,59862000
TSLA,2015-11-27,15.404000282287598,15.483332633972168,15.133999824523926,15.440667152404785,15.440667152404785,231.61000728607178,29241000
TSLA,2015-11-30,15.452667236328125,15.618666648864746,15.272000312805176,15.350666999816895,15.350666999816895,230.26000499725342,39897000
TSLA,2015-12-01,15.404000282287598,15.866666793823242,15.403332710266113,15.812666893005371,15.812666893005371,237.19000339508057,56010000
TSLA,2015-12-02,15.800000190734863,15.90666675567627,15.415332794189453,15.465999603271484,15.465999603271484,231.98999404907227,44722500
TSLA,2015-12-03,15.6986665725708,15.829999923706055,15.333333015441895,15.513999938964844,15.513999938964844,232.70999908447266,44094000
TSLA,2015-12-04,15.497332572937012,15.5513334274292,15.177332878112793,15.358667373657227,15.358667373657227,230.3800106048584,38604000
TSLA,2015-12-07,15.180000305175781,15.708666801452637,15.076666831970215,15.408666610717773,15.408666610717773,231.1299991607666,47163000
TSLA,2015-12-08,15.168000221252441,15.25333309173584,14.946666717529297,15.114666938781738,15.114666938781738,226.72000408172607,40314000
TSLA,2015-12-09,15.113332748413086,15.166666984558105,14.714667320251465,14.968000411987305,14.968000411987305,224.52000617980957,45867000
TSLA,2015-12-10,14.980667114257813,15.232666969299316,14.909333229064941,15.137999534606934,15.137999534606934,227.069993019104,31075500
TSLA,2015-12-11,15.015999794006348,15.050000190734863,14.442667007446289,14.468000411987305,14.468000411987305,217.02000617980957,49030500
TSLA,2015-12-14,14.500666618347168,14.727999687194824,14.324666976928711,14.571999549865723,14.571999549865723,218.57999324798584,42406500
TSLA,2015-12-15,14.788000106811523,14.814666748046875,14.533332824707031,14.739333152770996,14.739333152770996,221.08999729156494,33666000
TSLA,2015-12-16,14.80666732788086,15.658666610717773,14.715332984924316,15.633999824523926,15.633999824523926,234.5099973678589,76564500
TSLA,2015-12-17,15.595999717712402,15.850666999816895,15.320667266845703,15.559332847595215,15.559332847595215,233.38999271392822,49479000
TSLA,2015-12-18,15.526000022888184,15.726667404174805,15.28600025177002,15.36400032043457,15.36400032043457,230.46000480651855,45213000
TSLA,2015-12-21,15.446000099182129,15.722000122070313,15.405332565307617,15.503999710083008,15.503999710083008,232.55999565124512,29298000
TSLA,2015-12-22,15.666000366210938,15.770000457763672,15.308667182922363,15.329999923706055,15.329999923706055,229.94999885559082,29422500
TSLA,2015-12-23,15.478667259216309,15.563332557678223,15.208666801452637,15.313332557678223,15.313332557678223,229.69998836517334,23325000
TSLA,2015-12-24,15.370667457580566,15.458666801452637,15.218667030334473,15.371333122253418,15.371333122253418,230.56999683380127,10620000
TSLA,2015-12-28,15.432666778564453,15.465332984924316,15.03600025177002,15.263333320617676,15.263333320617676,228.94999980926514,28519500
TSLA,2015-12-29,15.337332725524902,15.847999572753906,15.303333282470703,15.812666893005371,15.812666893005371,237.19000339508057,36094500
TSLA,2015-12-30,15.773332595825195,16.242000579833984,15.711333274841309,15.87266731262207,15.87266731262207,238.09000968933105,55468500
TSLA,2015-12-31,15.900667190551758,16.229999542236328,15.891332626342773,16.000667572021484,16.000667572021484,240.01001358032227,40725000
TSLA,2016-01-04,15.381333351135254,15.425333023071289,14.600000381469727,14.894000053405762,14.894000053405762,223.41000080108643,102406500
TSLA,2016-01-05,15.090666770935059,15.12600040435791,14.666666984558105,14.895333290100098,14.895333290100098,223.42999935150146,47802000
TSLA,2016-01-06,14.666666984558105,14.670000076293945,14.398667335510254,14.602666854858398,14.602666854858398,219.04000282287598,56686500
TSLA,2016-01-07,14.279333114624023,14.562666893005371,14.244667053222656,14.376667022705078,14.376667022705078,215.65000534057617,53314500
TSLA,2016-01-08,14.52400016784668,14.696000099182129,14.0513334274292,14.066666603088379,14.066666603088379,210.99999904632568,54421500
TSLA,2016-01-11,14.267333030700684,14.296667098999023,13.533332824707031,13.856666564941406,13.856666564941406,207.8499984741211,61371000
TSLA,2016-01-12,14.106666564941406,14.249333381652832,13.687333106994629,13.998000144958496,13.998000144958496,209.97000217437744,46378500
TSLA,2016-01-13,14.133999824523926,14.176667213439941,13.333333015441895,13.354000091552734,13.354000091552734,200.31000137329102,61896000
TSLA,2016-01-14,13.480667114257813,14,12.892000198364258,13.745332717895508,13.745332717895508,206.17999076843262,97360500
TSLA,2016-01-15,13.264666557312012,13.671333312988281,13.149999618530273,13.666000366210938,13.666000366210938,204.99000549316406,83679000
TSLA,2016-01-19,13.913999557495117,14.031332969665527,13.385333061218262,13.64799976348877,13.64799976348877,204.71999645233154,60580500
TSLA,2016-01-20,13.293333053588867,13.41866683959961,12.75,13.24666690826416,13.24666690826416,198.7000036239624,87579000
TSLA,2016-01-21,13.436667442321777,13.548666954040527,13.001333236694336,13.33133316040039,13.33133316040039,199.96999740600586,47493000
TSLA,2016-01-22,13.653332710266113,13.699999809265137,13.268667221069336,13.50333309173584,13.50333309173584,202.5499963760376,46861500
TSLA,2016-01-25,13.337332725524902,13.571332931518555,13.058667182922363,13.092000007629395,13.092000007629395,196.38000011444092,40480500
TSLA,2016-01-26,13.113332748413086,13.187999725341797,12.592000007629395,12.904000282287598,12.904000282287598,193.56000423431396,74463000
TSLA,2016-01-27,12.825332641601563,12.883999824523926,12.38466739654541,12.538000106811523,12.538000106811523,188.07000160217285,54258000
TSLA,2016-01-28,12.719332695007324,12.751999855041504,12.160667419433594,12.646666526794434,12.646666526794434,189.6999979019165,68892000
TSLA,2016-01-29,12.66333293914795,12.916000366210938,12.538666725158691,12.74666690826416,12.74666690826416,191.2000036239624,42784500
TSLA,2016-02-01,12.583999633789063,13.3013334274292,12.183333396911621,13.129332542419434,13.129332542419434,196.9399881362915,79464000
TSLA,2016-02-02,12.82800006866455,12.874667167663574,12.01533317565918,12.185333251953125,12.185333251953125,182.77999877929688,86604000
TSLA,2016-02-03,12.239333152770996,12.262666702270508,11.345333099365234,11.565333366394043,11.565333366394043,173.48000049591064,118971000
TSLA,2016-02-04,11.380000114440918,11.732000350952148,11.13266658782959,11.688667297363281,11.688667297363281,175.33000946044922,65781000
TSLA,2016-02-05,11.420000076293945,11.533332824707031,10.515999794006348,10.84000015258789,10.84000015258789,162.60000228881836,141564000
TSLA,2016-02-08,10.473333358764648,10.476667404174805,9.733332633972168,9.866000175476074,9.866000175476074,147.9900026321411,139695000
TSLA,2016-02-09,9.48799991607666,10.652667045593262,9.403332710266113,9.883333206176758,9.883333206176758,148.24999809265137,129774000
TSLA,2016-02-10,10.033332824707031,10.33133316040039,9.449333190917969,9.57800006866455,9.57800006866455,143.67000102996826,156097500
TSLA,2016-02-11,10.133333206176758,10.883999824523926,9.800000190734863,10.031332969665527,10.031332969665527,150.4699945449829,213786000
TSLA,2016-02-12,10.333333015441895,10.46733283996582,9.579999923706055,10.06933307647705,10.06933307647705,151.03999614715576,108537000
TSLA,2016-02-16,10.579999923706055,10.863332748413086,10.27400016784668,10.344667434692383,10.344667434692383,155.17001152038574,83907000
TSLA,2016-02-17,10.600000381469727,11.28933334350586,10.445332527160645,11.245332717895508,11.245332717895508,168.67999076843262,87378000
TSLA,2016-02-18,11.494667053222656,11.529999732971191,10.98466682434082,11.118000030517578,11.118000030517578,166.77000045776367,58314000
TSLA,2016-02-19,10.910667419433594,11.166000366210938,10.833333015441895,11.10533332824707,11.10533332824707,166.57999992370605,44391000
TSLA,2016-02-22,11.341333389282227,11.927332878112793,11.323332786560059,11.849332809448242,11.849332809448242,177.73999214172363,75901500
TSLA,2016-02-23,11.744000434875488,12.11533260345459,11.578666687011719,11.814000129699707,11.814000129699707,177.2100019454956,89766000
TSLA,2016-02-24,11.516667366027832,11.966667175292969,11.189332962036133,11.933333396911621,11.933333396911621,179.00000095367432,80934000
TSLA,2016-02-25,11.90999984741211,12.567999839782715,11.680000305175781,12.495332717895508,12.495332717895508,187.42999076843262,86260500
TSLA,2016-02-26,12.579999923706055,12.800000190734863,12.333333015441895,12.689332962036133,12.689332962036133,190.339994430542,90976500
TSLA,2016-02-29,12.826666831970215,13.09000015258789,12.614666938781738,12.795332908630371,12.795332908630371,191.92999362945557,67485000
TSLA,2016-03-01,12.949999809265137,13.063332557678223,12.180000305175781,12.423333168029785,12.423333168029785,186.34999752044678,100683000
TSLA,2016-03-02,12.248666763305664,12.567999839782715,12.100000381469727,12.555999755859375,12.555999755859375,188.33999633789063,72936000
TSLA,2016-03-03,12.552000045776367,13.161333084106445,12.281332969665527,13.049332618713379,13.049332618713379,195.73998928070068,72435000
TSLA,2016-03-04,13.199999809265137,13.60200023651123,13.166666984558105,13.402667045593262,13.402667045593262,201.04000568389893,97336500
TSLA,2016-03-07,13.178667068481445,13.979999542236328,13.15999984741211,13.685999870300293,13.685999870300293,205.2899980545044,79941000
TSLA,2016-03-08,13.566666603088379,13.833333015441895,13.479999542236328,13.506667137145996,13.506667137145996,202.60000705718994,62680500
TSLA,2016-03-09,13.63466739654541,13.958000183105469,13.519332885742188,13.914667129516602,13.914667129516602,208.72000694274902,48129000
TSLA,2016-03-10,14,14.219332695007324,13.378000259399414,13.678667068481445,13.678667068481445,205.18000602722168,77887500
TSLA,2016-03-11,13.862000465393066,13.961333274841309,13.688667297363281,13.833333015441895,13.833333015441895,207.49999523162842,50146500
TSLA,2016-03-14,14.176667213439941,14.447999954223633,14.042667388916016,14.34333324432373,14.34333324432373,215.14999866485596,60985500
TSLA,2016-03-15,14.284667015075684,14.597999572753906,14.100000381469727,14.555999755859375,14.555999755859375,218.33999633789063,47707500
TSLA,2016-03-16,14.533332824707031,14.838666915893555,14.468000411987305,14.795332908630371,14.795332908630371,221.92999362945557,52750500
TSLA,2016-03-17,14.764666557312012,15.233332633972168,14.666666984558105,15.092000007629395,15.092000007629395,226.38000011444092,56743500
TSLA,2016-03-18,15.273332595825195,15.631999969482422,15.204000473022461,15.515999794006348,15.515999794006348,232.73999691009521,70677000
TSLA,2016-03-21,15.689332962036133,15.991999626159668,15.666666984558105,15.887999534606934,15.887999534606934,238.319993019104,79617000
TSLA,2016-03-22,15.814000129699707,15.932666778564453,15.503999710083008,15.616000175476074,15.616000175476074,234.2400026321411,64740000
TSLA,2016-03-23,15.4913330078125,15.648667335510254,14.802000045776367,14.838666915893555,14.838666915893555,222.58000373840332,74232000
TSLA,2016-03-24,14.385333061218262,15.259332656860352,14.333333015441895,15.183333396911621,15.183333396911621,227.75000095367432,74413500
TSLA,2016-03-28,15.440667152404785,15.654000282287598,15,15.350666999816895,15.350666999816895,230.26000499725342,58885500
TSLA,2016-03-29,15.326000213623047,15.491999626159668,15.022000312805176,15.342000007629395,15.342000007629395,230.13000011444092,60214500
TSLA,2016-03-30,15.672666549682617,15.699999809265137,15.100000381469727,15.12600040435791,15.12600040435791,226.89000606536865,60495000
TSLA,2016-03-31,15.28933334350586,15.82800006866455,15.000666618347168,15.317999839782715,15.317999839782715,229.76999759674072,120193500
TSLA,2016-04-01,16.32200050354004,16.52666664123535,15.550000190734863,15.839332580566406,15.839332580566406,237.5899887084961,239962500
TSLA,2016-04-04,16.607999801635742,16.808000564575195,16.242666244506836,16.465999603271484,16.465999603271484,246.98999404907227,202129500
TSLA,2016-04-05,16.03333282470703,17.104000091552734,16,17.031333923339844,17.031333923339844,255.47000885009766,149230500
TSLA,2016-04-06,16.931333541870117,17.849332809448242,16.89666748046875,17.69466781616211,17.69466781616211,265.42001724243164,175582500
TSLA,2016-04-07,17.76333236694336,17.95599937438965,16.96733283996582,17.14666748046875,17.14666748046875,257.20001220703125,132843000
TSLA,2016-04-08,17.366666793823242,17.38800048828125,16.534666061401367,16.67133331298828,16.67133331298828,250.06999969482422,110458500
TSLA,2016-04-11,16.733333587646484,17.266000747680664,16.35333251953125,16.661333084106445,16.661333084106445,249.91999626159668,137425500
TSLA,2016-04-12,16.633333206176758,16.786666870117188,16.242000579833984,16.521333694458008,16.521333694458008,247.82000541687012,86448000
TSLA,2016-04-13,16.567333221435547,17.03333282470703,16.488666534423828,16.968666076660156,16.968666076660156,254.52999114990234,73884000
TSLA,2016-04-14,16.866666793823242,17.12266731262207,16.73666763305664,16.790666580200195,16.790666580200195,251.85999870300293,61983000
TSLA,2016-04-15,16.753999710083008,16.97333335876465,16.607999801635742,16.96733283996582,16.96733283996582,254.5099925994873,56286000
TSLA,2016-04-18,16.815332412719727,17.220666885375977,16.777332305908203,16.92533302307129,16.92533302307129,253.87999534606934,64071000
TSLA,2016-04-19,16.874666213989258,16.95800018310547,16.083332061767578,16.4913330078125,16.4913330078125,247.3699951171875,95362500
TSLA,2016-04-20,16.417333602905273,16.910667419433594,16.100000381469727,16.6646671295166,16.6646671295166,249.97000694274902,77911500
TSLA,2016-04-21,16.599332809448242,16.726667404174805,16.46066665649414,16.55266761779785,16.55266761779785,248.29001426696777,41746500
TSLA,2016-04-22,16.592666625976563,16.933332443237305,16.380666732788086,16.916667938232422,16.916667938232422,253.75001907348633,56794500
TSLA,2016-04-25,16.867332458496094,17.158666610717773,16.71733283996582,16.788000106811523,16.788000106811523,251.82000160217285,55054500
TSLA,2016-04-26,16.803333282470703,17.048667907714844,16.625999450683594,16.916000366210938,16.916000366210938,253.74000549316406,48357000
TSLA,2016-04-27,16.850000381469727,17,16.626667022705078,16.764667510986328,16.764667510986328,251.47001266479492,48087000
TSLA,2016-04-28,16.656667709350586,16.89533233642578,16.496000289916992,16.513999938964844,16.513999938964844,247.70999908447266,37785000
TSLA,2016-04-29,16.542667388916016,16.562000274658203,15.854000091552734,16.05066680908203,16.05066680908203,240.76000213623047,81207000
TSLA,2016-05-02,16.100000381469727,16.21266746520996,15.654666900634766,16.1200008392334,16.1200008392334,241.80001258850098,57658500
TSLA,2016-05-03,15.824000358581543,15.927332878112793,15.441332817077637,15.48799991607666,15.48799991607666,232.3199987411499,64533000
TSLA,2016-05-04,15.352666854858398,15.630666732788086,14.69333267211914,14.837332725524902,14.837332725524902,222.55999088287354,130507500
TSLA,2016-05-05,15.230667114257813,15.242667198181152,13.986000061035156,14.10200023651123,14.10200023651123,211.53000354766846,168822000
TSLA,2016-05-06,14.057999610900879,14.424667358398438,13.87399959564209,14.328666687011719,14.328666687011719,214.93000030517578,85278000
TSLA,2016-05-09,14.381333351135254,14.40999984741211,13.786666870117188,13.928000450134277,13.928000450134277,208.92000675201416,71646000
TSLA,2016-05-10,13.83666706085205,13.964667320251465,13.666666984558105,13.912667274475098,13.912667274475098,208.69000911712646,61059000
TSLA,2016-05-11,13.839332580566406,14.36533260345459,13.736666679382324,13.93066692352295,13.93066692352295,208.96000385284424,77428500
TSLA,2016-05-12,14.095999717712402,14.111332893371582,13.577333450317383,13.8186674118042,13.8186674118042,207.280011177063,54757500
TSLA,2016-05-13,13.85200023651123,14.079999923706055,13.779999732971191,13.840666770935059,13.840666770935059,207.61000156402588,42342000
TSLA,2016-05-16,13.876667022705078,14.210000038146973,13.861332893371582,13.88599967956543,13.88599967956543,208.28999519348145,44241000
TSLA,2016-05-17,13.936667442321777,13.98799991607666,13.601332664489746,13.644000053405762,13.644000053405762,204.66000080108643,42654000
TSLA,2016-05-18,13.94333267211914,14.354000091552734,13.850000381469727,14.07800006866455,14.07800006866455,211.17000102996826,84262500
TSLA,2016-05-19,14.2413330078125,14.452667236328125,13.819999694824219,14.347332954406738,14.347332954406738,215.20999431610107,102994500
TSLA,2016-05-20,14.465999603271484,14.703332901000977,14.423333168029785,14.685333251953125,14.685333251953125,220.27999877929688,135106500
TSLA,2016-05-23,14.657999992370605,14.84000015258789,14.390666961669922,14.414667129516602,14.414667129516602,216.22000694274902,76537500
TSLA,2016-05-24,14.4399995803833,14.582667350769043,14.345333099365234,14.52733325958252,14.52733325958252,217.9099988937378,45207000
TSLA,2016-05-25,14.52733325958252,14.757332801818848,14.434000015258789,14.638667106628418,14.638667106628418,219.58000659942627,46902000
TSLA,2016-05-26,14.699999809265137,15.017333030700684,14.603333473205566,15.008000373840332,15.008000373840332,225.12000560760498,61086000
TSLA,2016-05-27,14.999333381652832,15.062000274658203,14.716667175292969,14.869333267211914,14.869333267211914,223.0399990081787,54754500
TSLA,2016-05-31,14.869333267211914,14.983332633972168,14.766667366027832,14.881999969482422,14.881999969482422,223.22999954223633,41835000
TSLA,2016-06-01,14.76533317565918,14.826666831970215,14.459333419799805,14.637332916259766,14.637332916259766,219.55999374389648,44740500
TSLA,2016-06-02,14.63933277130127,14.660667419433594,14.473999977111816,14.597332954406738,14.597332954406738,218.95999431610107,30492000
TSLA,2016-06-03,14.666666984558105,14.795999526977539,14.534000396728516,14.599332809448242,14.599332809448242,218.98999214172363,33435000
TSLA,2016-06-06,14.533332824707031,14.726667404174805,14.363332748413086,14.711999893188477,14.711999893188477,220.67999839782715,33742500
TSLA,2016-06-07,14.815999984741211,15.629332542419434,14.767999649047852,15.489333152770996,15.489333152770996,232.33999729156494,93204000
TSLA,2016-06-08,15.58666706085205,16.05666732788086,15.507332801818848,15.701333045959473,15.701333045959473,235.5199956893921,89580000
TSLA,2016-06-09,15.665332794189453,15.688667297363281,15.137332916259766,15.290666580200195,15.290666580200195,229.35999870300293,67381500
TSLA,2016-06-10,15.159333229064941,15.197999954223633,14.561332702636719,14.586000442504883,14.586000442504883,218.79000663757324,90399000
TSLA,2016-06-13,14.633333206176758,15.0513334274292,14.510666847229004,14.524666786193848,14.524666786193848,217.87000179290771,62895000
TSLA,2016-06-14,14.592000007629395,14.813332557678223,14.16866683959961,14.330666542053223,14.330666542053223,214.95999813079834,53703000
TSLA,2016-06-15,14.463333129882813,14.793333053588867,14.342000007629395,14.513333320617676,14.513333320617676,217.69999980926514,43627500
TSLA,2016-06-16,14.494667053222656,14.53600025177002,14.233332633972168,14.528667449951172,14.528667449951172,217.93001174926758,36604500
TSLA,2016-06-17,14.52066707611084,14.666000366210938,14.300000190734863,14.364666938781738,14.364666938781738,215.47000408172607,46689000
TSLA,2016-06-20,14.633333206176758,14.916666984558105,14.548666954040527,14.646666526794434,14.646666526794434,219.6999979019165,53332500
TSLA,2016-06-21,14.711999893188477,14.838000297546387,14.587332725524902,14.640666961669922,14.640666961669922,219.61000442504883,67935000
TSLA,2016-06-22,13.29800033569336,13.729999542236328,13.050000190734863,13.11066722869873,13.11066722869873,196.66000843048096,356136000
TSLA,2016-06-23,13.045999526977539,13.170000076293945,12.808667182922363,13.09333324432373,13.09333324432373,196.39999866485596,151960500
TSLA,2016-06-24,12.670000076293945,13.008000373840332,12.648667335510254,12.876667022705078,12.876667022705078,193.15000534057617,105397500
TSLA,2016-06-27,12.723999977111816,13.253999710083008,12.524666786193848,13.236666679382324,13.236666679382324,198.55000019073486,108081000
TSLA,2016-06-28,13.459333419799805,13.603333473205566,13.293999671936035,13.452667236328125,13.452667236328125,201.79000854492188,93186000
TSLA,2016-06-29,13.675333023071289,14.118666648864746,13.533332824707031,14.012666702270508,14.012666702270508,210.19000053405762,89923500
TSLA,2016-06-30,14.197999954223633,14.233332633972168,13.934666633605957,14.152000427246094,14.152000427246094,212.2800064086914,72646500
TSLA,2016-07-01,13.742667198181152,14.549332618713379,13.733332633972168,14.433333396911621,14.433333396911621,216.50000095367432,81000000
TSLA,2016-07-05,13.982000350952148,14.302666664123535,13.866666793823242,14.26533317565918,14.26533317565918,213.9799976348877,77629500
TSLA,2016-07-06,14,14.34866714477539,13.933333396911621,14.295999526977539,14.295999526977539,214.4399929046631,73798500
TSLA,2016-07-07,14.206666946411133,14.541333198547363,14.200667381286621,14.395999908447266,14.395999908447266,215.93999862670898,54180000
TSLA,2016-07-08,14.520000457763672,14.654000282287598,14.300000190734863,14.45199966430664,14.45199966430664,216.7799949645996,61122000
TSLA,2016-07-11,14.663999557495117,15.118666648864746,14.633999824523926,14.985333442687988,14.985333442687988,224.78000164031982,81447000
TSLA,2016-07-12,14.9399995803833,15.166666984558105,14.881333351135254,14.976667404174805,14.976667404174805,224.65001106262207,68569500
TSLA,2016-07-13,15.033332824707031,15.03933334350586,14.685999870300293,14.835332870483398,14.835332870483398,222.52999305725098,53506500
TSLA,2016-07-14,14.874667167663574,14.996000289916992,14.736666679382324,14.768667221069336,14.768667221069336,221.53000831604004,40137000
TSLA,2016-07-15,14.834667205810547,14.850000381469727,14.642666816711426,14.69333267211914,14.69333267211914,220.3999900817871,33513000
TSLA,2016-07-18,14.642666816711426,15.13933277130127,14.553333282470703,15.083333015441895,15.083333015441895,226.24999523162842,51181500
TSLA,2016-07-19,15,15.273332595825195,14.983332633972168,15.017333030700684,15.017333030700684,225.25999546051025,46726500
TSLA,2016-07-20,15.097999572753906,15.319999694824219,15,15.223999977111816,15.223999977111816,228.35999965667725,38527500
TSLA,2016-07-21,15.066666603088379,15.1899995803833,14.606666564941406,14.699999809265137,14.699999809265137,220.49999713897705,66430500
TSLA,2016-07-22,14.799332618713379,14.966667175292969,14.592000007629395,14.817999839782715,14.817999839782715,222.26999759674072,38695500
TSLA,2016-07-25,14.817999839782715,15.425999641418457,14.758000373840332,15.333999633789063,15.333999633789063,230.00999450683594,67360500
TSLA,2016-07-26,15.179332733154297,15.333333015441895,15.020000457763672,15.300666809082031,15.300666809082031,229.51000213623047,51450000
TSLA,2016-07-27,15.28933334350586,15.557332992553711,15.128000259399414,15.232666969299316,15.232666969299316,228.49000453948975,43335000
TSLA,2016-07-28,15.196666717529297,15.383999824523926,15.106666564941406,15.37399959564209,15.37399959564209,230.60999393463135,36286500
TSLA,2016-07-29,15.380000114440918,15.685333251953125,15.349332809448242,15.652667045593262,15.652667045593262,234.79000568389893,46062000
TSLA,2016-08-01,15.699999809265137,15.775333404541016,15.291999816894531,15.333999633789063,15.333999633789063,230.00999450683594,60244500
TSLA,2016-08-02,15.291333198547363,15.324666976928711,14.760000228881836,15.146666526794434,15.146666526794434,227.1999979019165,59016000
TSLA,2016-08-03,15.157999992370605,15.313332557678223,14.947333335876465,15.052666664123535,15.052666664123535,225.78999996185303,58317000
TSLA,2016-08-04,15.045999526977539,15.390666961669922,14.803333282470703,15.37399959564209,15.37399959564209,230.60999393463135,62205000
TSLA,2016-08-05,15.333333015441895,15.466667175292969,15.15999984741211,15.335332870483398,15.335332870483398,230.02999305725098,48078000
TSLA,2016-08-08,15.199999809265137,15.30666732788086,15.072667121887207,15.077333450317383,15.077333450317383,226.16000175476074,33954000
TSLA,2016-08-09,15.121333122253418,15.435999870300293,15.109999656677246,15.272000312805176,15.272000312805176,229.08000469207764,33117000
TSLA,2016-08-10,15.215999603271484,15.324666976928711,14.974666595458984,15.043333053588867,15.043333053588867,225.649995803833,35074500
TSLA,2016-08-11,15.07800006866455,15.171333312988281,14.894000053405762,14.994000434875488,14.994000434875488,224.91000652313232,28213500
TSLA,2016-08-12,15.02733325958252,15.109999656677246,14.935999870300293,15.040666580200195,15.040666580200195,225.60999870300293,27202500
TSLA,2016-08-15,15.067999839782715,15.300000190734863,14.995332717895508,15.03933334350586,15.03933334350586,225.5900001525879,30514500
TSLA,2016-08-16,15.03266716003418,15.145999908447266,14.894000053405762,14.907333374023438,14.907333374023438,223.61000061035156,34006500
TSLA,2016-08-17,14.95533275604248,14.988666534423828,14.853333473205566,14.88266658782959,14.88266658782959,223.23999881744385,26806500
TSLA,2016-08-18,14.921333312988281,15.043999671936035,14.81933307647705,14.900667190551758,14.900667190551758,223.51000785827637,25717500
TSLA,2016-08-19,14.902667045593262,15.011333465576172,14.835332870483398,15,15,225,24892500
TSLA,2016-08-22,14.944666862487793,15.007332801818848,14.845333099365234,14.862000465393066,14.862000465393066,222.930006980896,30982500
TSLA,2016-08-23,14.954667091369629,15.232666969299316,14.853333473205566,14.989333152770996,14.989333152770996,224.83999729156494,71766000
TSLA,2016-08-24,15.136667251586914,15.143333435058594,14.814666748046875,14.841333389282227,14.841333389282227,222.6200008392334,38560500
TSLA,2016-08-25,14.87399959564209,14.920000076293945,14.718000411987305,14.730667114257813,14.730667114257813,220.9600067138672,26437500
TSLA,2016-08-26,14.809332847595215,14.857333183288574,14.588000297546387,14.666000366210938,14.666000366210938,219.99000549316406,33585000
TSLA,2016-08-29,14.676667213439941,14.69333267211914,14.333333015441895,14.346667289733887,14.346667289733887,215.2000093460083,48994500
TSLA,2016-08-30,14.407333374023438,14.407333374023438,14.034667015075684,14.089332580566406,14.089332580566406,211.3399887084961,47533500
TSLA,2016-08-31,14.028667449951172,14.173333168029785,13.90999984741211,14.133999824523926,14.133999824523926,212.0099973678589,49147500
TSLA,2016-09-01,13.934000015258789,14.073332786560059,13.366666793823242,13.38466739654541,13.38466739654541,200.77001094818115,119146500
TSLA,2016-09-02,13.488666534423828,13.546667098999023,13.079999923706055,13.185333251953125,13.185333251953125,197.77999877929688,89661000
TSLA,2016-09-06,13.267999649047852,13.550000190734863,13.266667366027832,13.522000312805176,13.522000312805176,202.83000469207764,65859000
TSLA,2016-09-07,13.699999809265137,13.766667366027832,13.380666732788086,13.447333335876465,13.447333335876465,201.71000003814697,54613500
TSLA,2016-09-08,13.303333282470703,13.326000213623047,13.090666770935059,13.157333374023438,13.157333374023438,197.36000061035156,50668500
TSLA,2016-09-09,13.272666931152344,13.32800006866455,12.91333293914795,12.964667320251465,12.964667320251465,194.47000980377197,56355000
TSLA,2016-09-12,13,13.424667358398438,12.9399995803833,13.220000267028809,13.220000267028809,198.30000400543213,55728000
TSLA,2016-09-13,13.137332916259766,13.232666969299316,12.896666526794434,13.069999694824219,13.069999694824219,196.04999542236328,53841000
TSLA,2016-09-14,13.050000190734863,13.194666862487793,12.990667343139648,13.093999862670898,13.093999862670898,196.40999794006348,33817500
TSLA,2016-09-15,13.099332809448242,13.501333236694336,13.09333324432373,13.361332893371582,13.361332893371582,200.41999340057373,46158000
TSLA,2016-09-16,13.361332893371582,13.713333129882813,13.266667366027832,13.69333267211914,13.69333267211914,205.3999900817871,46617000
TSLA,2016-09-19,13.800000190734863,13.961999893188477,13.666666984558105,13.755999565124512,13.755999565124512,206.33999347686768,34492500
TSLA,2016-09-20,13.789999961853027,13.850000381469727,13.593999862670898,13.642666816711426,13.642666816711426,204.6400022506714,36157500
TSLA,2016-09-21,13.758000373840332,13.800000190734863,13.437333106994629,13.6813325881958,13.6813325881958,205.219988822937,39502500
TSLA,2016-09-22,13.760000228881836,13.8186674118042,13.533332824707031,13.76200008392334,13.76200008392334,206.4300012588501,35743500
TSLA,2016-09-23,13.732666969299316,14.01200008392334,13.711333274841309,13.829999923706055,13.829999923706055,207.44999885559082,43578000
TSLA,2016-09-26,13.766667366027832,14.066666603088379,13.766667366027832,13.932666778564453,13.932666778564453,208.9900016784668,35916000
TSLA,2016-09-27,13.976667404174805,13.998666763305664,13.640666961669922,13.720666885375977,13.720666885375977,205.81000328063965,50598000
TSLA,2016-09-28,13.833999633789063,13.883333206176758,13.684000015258789,13.751333236694336,13.751333236694336,206.26999855041504,31326000
TSLA,2016-09-29,13.706666946411133,13.821999549865723,13.371999740600586,13.380000114440918,13.380000114440918,200.70000171661377,40905000
TSLA,2016-09-30,13.480667114257813,13.665332794189453,13.303333282470703,13.60200023651123,13.60200023651123,204.03000354766846,38794500
TSLA,2016-10-03,14.153332710266113,14.378000259399414,13.883333206176758,14.24666690826416,14.24666690826416,213.7000036239624,89998500
TSLA,2016-10-04,14.206666946411133,14.221332550048828,13.921333312988281,14.093999862670898,14.093999862670898,211.40999794006348,53122500
TSLA,2016-10-05,14.149333000183105,14.210000038146973,13.874667167663574,13.897333145141602,13.897333145141602,208.45999717712402,28162500
TSLA,2016-10-06,13.497332572937012,13.61400032043457,13.347332954406738,13.399999618530273,13.399999618530273,200.9999942779541,70551000
TSLA,2016-10-07,13.399999618530273,13.421333312988281,13.053333282470703,13.107333183288574,13.107333183288574,196.6099977493286,52395000
TSLA,2016-10-10,13.423333168029785,13.609333038330078,13.310667037963867,13.396666526794434,13.396666526794434,200.9499979019165,49744500
TSLA,2016-10-11,13.456666946411133,13.479999542236328,13.220666885375977,13.34000015258789,13.34000015258789,200.10000228881836,34926000
TSLA,2016-10-12,13.396666526794434,13.592000007629395,13.361332893371582,13.434000015258789,13.434000015258789,201.51000022888184,29560500
TSLA,2016-10-13,13.366666793823242,13.393333435058594,13.136667251586914,13.349332809448242,13.349332809448242,200.23999214172363,37419000
TSLA,2016-10-14,13.37733268737793,13.428667068481445,13.08666706085205,13.100666999816895,13.100666999816895,196.51000499725342,64048500
TSLA,2016-10-17,13.136667251586914,13.22599983215332,12.800000190734863,12.93066692352295,12.93066692352295,193.96000385284424,68311500
TSLA,2016-10-18,13.065999984741211,13.29800033569336,12.883999824523926,13.273332595825195,13.273332595825195,199.09998893737793,85207500
TSLA,2016-10-19,13.315999984741211,13.77733325958252,13.204000473022461,13.570667266845703,13.570667266845703,203.56000900268555,104868000
TSLA,2016-10-20,13.474666595458984,13.533332824707031,13.136667251586914,13.273332595825195,13.273332595825195,199.09998893737793,76093500
TSLA,2016-10-21,13.239999771118164,13.437999725341797,13.160667419433594,13.339332580566406,13.339332580566406,200.0899887084961,44151000
TSLA,2016-10-24,13.399999618530273,13.596667289733887,13.350000381469727,13.517333030700684,13.517333030700684,202.75999546051025,41274000
TSLA,2016-10-25,13.526666641235352,13.645999908447266,13.41333293914795,13.489333152770996,13.489333152770996,202.33999729156494,36675000
TSLA,2016-10-26,13.399999618530273,13.545999526977539,13.34000015258789,13.482666969299316,13.482666969299316,202.24000453948975,84492000
TSLA,2016-10-27,14.089332580566406,14.24666690826416,13.44333267211914,13.600666999816895,13.600666999816895,204.01000499725342,196405500
TSLA,2016-10-28,13.600000381469727,13.687999725341797,13.321999549865723,13.33133316040039,13.33133316040039,199.96999740600586,64201500
TSLA,2016-10-31,13.499333381652832,13.499333381652832,13.053999900817871,13.182000160217285,13.182000160217285,197.73000240325928,70384500
TSLA,2016-11-01,13.202667236328125,13.233332633972168,12.540666580200195,12.719332695007324,12.719332695007324,190.78999042510986,105900000
TSLA,2016-11-02,12.670000076293945,12.846667289733887,12.500666618347168,12.534667015075684,12.534667015075684,188.02000522613525,63801000
TSLA,2016-11-03,12.600000381469727,12.764666557312012,12.469332695007324,12.494667053222656,12.494667053222656,187.42000579833984,39795000
TSLA,2016-11-04,12.600000381469727,12.897333145141602,12.397333145141602,12.704000473022461,12.704000473022461,190.5600070953369,77190000
TSLA,2016-11-07,12.906000137329102,12.952667236328125,12.670000076293945,12.880666732788086,12.880666732788086,193.2100009918213,58051500
TSLA,2016-11-08,12.919333457946777,13.166000366210938,12.750666618347168,12.996000289916992,12.996000289916992,194.94000434875488,49014000
TSLA,2016-11-09,12.458666801452637,12.800000190734863,12.263333320617676,12.670666694641113,12.670666694641113,190.0600004196167,122596500
TSLA,2016-11-10,12.736666679382324,12.77400016784668,12.027999877929688,12.356666564941406,12.356666564941406,185.3499984741211,101254500
TSLA,2016-11-11,12.28266716003418,12.592000007629395,12.199999809265137,12.570667266845703,12.570667266845703,188.56000900268555,59827500
TSLA,2016-11-14,12.533332824707031,12.550000190734863,11.879332542419434,12.096667289733887,12.096667289733887,181.4500093460083,98283000
TSLA,2016-11-15,12.185333251953125,12.428667068481445,12.136667251586914,12.251333236694336,12.251333236694336,183.76999855041504,58530000
TSLA,2016-11-16,12.176667213439941,12.315333366394043,12.080666542053223,12.26200008392334,12.26200008392334,183.9300012588501,51516000
TSLA,2016-11-17,12.232666969299316,12.63266658782959,12.140666961669922,12.577333450317383,12.577333450317383,188.66000175476074,73306500
TSLA,2016-11-18,12.710000038146973,12.866666793823242,12.333333015441895,12.334667205810547,12.334667205810547,185.0200080871582,78154500
TSLA,2016-11-21,12.336000442504883,12.592666625976563,12.293999671936035,12.3013334274292,12.3013334274292,184.520001411438,65415000
TSLA,2016-11-22,12.38933277130127,12.764666557312012,12.247332572937012,12.744667053222656,12.744667053222656,191.17000579833984,84051000
TSLA,2016-11-23,12.707332611083984,13.042667388916016,12.600000381469727,12.87600040435791,12.87600040435791,193.14000606536865,73378500
TSLA,2016-11-25,12.909333229064941,13.149333000183105,12.909333229064941,13.109999656677246,13.109999656677246,196.6499948501587,35491500
TSLA,2016-11-28,13.031999588012695,13.289999961853027,12.970000267028809,13.074666976928711,13.074666976928711,196.12000465393066,67938000
TSLA,2016-11-29,13.037332534790039,13.11533260345459,12.633333206176758,12.637999534606934,12.637999534606934,189.569993019104,66589500
TSLA,2016-11-30,12.733332633972168,12.792667388916016,12.5,12.626667022705078,12.626667022705078,189.40000534057617,53206500
TSLA,2016-12-01,12.550000190734863,12.5686674118042,12.066666603088379,12.125332832336426,12.125332832336426,181.8799924850464,76896000
TSLA,2016-12-02,12.192000389099121,12.325332641601563,12,12.097999572753906,12.097999572753906,181.4699935913086,60634500
TSLA,2016-12-05,12.167332649230957,12.592666625976563,12.167332649230957,12.453332901000977,12.453332901000977,186.79999351501465,61083000
TSLA,2016-12-06,12.368000030517578,12.438667297363281,12.178667068481445,12.390000343322754,12.390000343322754,185.8500051498413,50874000
TSLA,2016-12-07,12.40999984741211,12.893333435058594,12.333333015441895,12.876667022705078,12.876667022705078,193.15000534057617,81928500
TSLA,2016-12-08,12.803333282470703,12.833333015441895,12.63599967956543,12.81933307647705,12.81933307647705,192.28999614715576,47911500
TSLA,2016-12-09,12.724666595458984,12.922666549682617,12.720666885375977,12.812000274658203,12.812000274658203,192.18000411987305,40837500
TSLA,2016-12-12,12.853333473205566,12.961333274841309,12.745332717895508,12.828666687011719,12.828666687011719,192.43000030517578,36583500
TSLA,2016-12-13,12.878666877746582,13.41866683959961,12.866666793823242,13.210000038146973,13.210000038146973,198.1500005722046,102358500
TSLA,2016-12-14,13.249333381652832,13.533332824707031,13.11733341217041,13.246000289916992,13.246000289916992,198.69000434875488,62263500
TSLA,2016-12-15,13.227333068847656,13.38266658782959,13.159333229064941,13.17199993133545,13.17199993133545,197.57999897003174,48294000
TSLA,2016-12-16,13.20533275604248,13.505999565124512,13.173333168029785,13.499333381652832,13.499333381652832,202.49000072479248,56953500
TSLA,2016-12-19,13.499333381652832,13.630000114440918,13.322667121887207,13.51533317565918,13.51533317565918,202.7299976348877,52321500
TSLA,2016-12-20,13.536666870117188,13.933333396911621,13.5,13.919333457946777,13.919333457946777,208.79000186920166,70336500
TSLA,2016-12-21,13.896666526794434,14.148667335510254,13.827333450317383,13.846667289733887,13.846667289733887,207.7000093460083,78114000
TSLA,2016-12-22,13.881333351135254,13.999333381652832,13.766667366027832,13.896666526794434,13.896666526794434,208.4499979019165,46666500
TSLA,2016-12-23,13.866666793823242,14.229999542236328,13.847332954406738,14.22266674041748,14.22266674041748,213.3400011062622,70057500
TSLA,2016-12-27,14.325332641601563,14.816666603088379,14.29466724395752,14.635333061218262,14.635333061218262,219.52999591827393,88735500
TSLA,2016-12-28,14.768667221069336,14.920000076293945,14.479999542236328,14.649333000183105,14.649333000183105,219.73999500274658,56737500
TSLA,2016-12-29,14.570667266845703,14.613332748413086,14.274666786193848,14.312000274658203,14.312000274658203,214.68000411987305,60675000
TSLA,2016-12-30,14.420000076293945,14.5,14.112000465393066,14.246000289916992,14.246000289916992,213.69000434875488,69639000
TSLA,2017-01-03,14.324000358581543,14.688667297363281,14.064000129699707,14.465999603271484,14.465999603271484,216.98999404907227,88849500
TSLA,2017-01-04,14.316666603088379,15.199999809265137,14.287332534790039,15.13266658782959,15.13266658782959,226.98999881744385,168202500
TSLA,2017-01-05,15.094667434692383,15.165332794189453,14.796667098999023,15.116666793823242,15.116666793823242,226.75000190734863,88675500
TSLA,2017-01-06,15.128666877746582,15.354000091552734,15.029999732971191,15.267333030700684,15.267333030700684,229.00999546051025,82918500
TSLA,2017-01-09,15.264666557312012,15.461333274841309,15.199999809265137,15.41866683959961,15.41866683959961,231.28000259399414,59692500
TSLA,2017-01-10,15.466667175292969,15.466667175292969,15.12600040435791,15.324666976928711,15.324666976928711,229.87000465393066,54900000
TSLA,2017-01-11,15.271332740783691,15.331999778747559,15.112000465393066,15.315333366394043,15.315333366394043,229.73000049591064,54762000
TSLA,2017-01-12,15.27066707611084,15.380000114440918,15.038666725158691,15.305999755859375,15.305999755859375,229.58999633789063,56853000
TSLA,2017-01-13,15.333333015441895,15.856666564941406,15.305999755859375,15.850000381469727,15.850000381469727,237.7500057220459,91395000
TSLA,2017-01-17,15.779999732971191,15.997332572937012,15.624667167663574,15.70533275604248,15.70533275604248,235.5799913406372,69262500
TSLA,2017-01-18,15.776666641235352,15.980667114257813,15.70533275604248,15.890666961669922,15.890666961669922,238.36000442504883,56535000
TSLA,2017-01-19,16.483333587646484,16.57866668701172,16.049999237060547,16.250667572021484,16.250667572021484,243.76001358032227,115984500
TSLA,2017-01-20,16.36400032043457,16.399999618530273,16.200666427612305,16.315332412719727,16.315332412719727,244.7299861907959,63064500
TSLA,2017-01-23,16.389999389648438,16.72599983215332,16.366666793823242,16.594667434692383,16.594667434692383,248.92001152038574,93943500
TSLA,2017-01-24,16.666667938232422,16.98666763305664,16.643333435058594,16.974000930786133,16.974000930786133,254.610013961792,74482500
TSLA,2017-01-25,17.15399932861328,17.230667114257813,16.786666870117188,16.96466636657715,16.96466636657715,254.46999549865723,77139000
TSLA,2017-01-26,16.952667236328125,17.049333572387695,16.71666717529297,16.833999633789063,16.833999633789063,252.50999450683594,47281500
TSLA,2017-01-27,16.7586669921875,16.866666793823242,16.56800079345703,16.863332748413086,16.863332748413086,252.9499912261963,47494500
TSLA,2017-01-30,16.8353328704834,17.019332885742188,16.47333335876465,16.708667755126953,16.708667755126953,250.6300163269043,57016500
TSLA,2017-01-31,16.615999221801758,17.05933380126953,16.51333236694336,16.795333862304688,16.795333862304688,251.9300079345703,61741500
TSLA,2017-02-01,16.8700008392334,16.8799991607666,16.60333251953125,16.615999221801758,16.615999221801758,249.23998832702637,59382000
TSLA,2017-02-02,16.555999755859375,16.827999114990234,16.513999938964844,16.770000457763672,16.770000457763672,251.55000686645508,37497000
TSLA,2017-02-03,16.79400062561035,16.812000274658203,16.64533233642578,16.755332946777344,16.755332946777344,251.32999420166016,32800500
TSLA,2017-02-06,16.733333587646484,17.187999725341797,16.708667755126953,17.184667587280273,17.184667587280273,257.7700138092041,53437500
TSLA,2017-02-07,17.21266746520996,17.333332061767578,17.094667434692383,17.165332794189453,17.165332794189453,257.4799919128418,63672000
TSLA,2017-02-08,17.156667709350586,17.55733299255371,17.079999923706055,17.472000122070313,17.472000122070313,262.0800018310547,58995000
TSLA,2017-02-09,17.75,18.07866668701172,17.74333381652832,17.946666717529297,17.946666717529297,269.20000076293945,117303000
TSLA,2017-02-10,17.986000061035156,18.06333351135254,17.74066734313965,17.948667526245117,17.948667526245117,269.23001289367676,54295500
TSLA,2017-02-13,18.049333572387695,18.71933364868164,18.034000396728516,18.706666946411133,18.706666946411133,280.600004196167,105444000
TSLA,2017-02-14,18.601999282836914,19.159332275390625,18.573999404907227,18.73200035095215,18.73200035095215,280.9800052642822,110178000
TSLA,2017-02-15,18.666667938232422,18.81599998474121,18.429332733154297,18.650667190551758,18.650667190551758,279.76000785827637,74218500
TSLA,2017-02-16,18.50666618347168,18.666667938232422,17.899999618530273,17.93000030517578,17.93000030517578,268.9500045776367,106159500
TSLA,2017-02-17,17.719999313354492,18.19266700744629,17.610000610351563,18.148666381835938,18.148666381835938,272.22999572753906,93856500
TSLA,2017-02-21,18.363332748413086,18.760000228881836,18.267332077026367,18.492666244506836,18.492666244506836,277.38999366760254,85150500
TSLA,2017-02-22,18.687332153320313,18.89666748046875,18.17333221435547,18.233999252319336,18.233999252319336,273.50998878479004,131325000
TSLA,2017-02-23,17.600000381469727,17.643999099731445,17.03733253479004,17.06599998474121,17.06599998474121,255.98999977111816,223728000
TSLA,2017-02-24,16.8439998626709,17.21666717529297,16.68000030517578,17.133333206176758,17.133333206176758,256.99999809265137,122574000
TSLA,2017-02-27,16.544666290283203,16.55733299255371,16.134000778198242,16.415332794189453,16.415332794189453,246.2299919128418,171912000
TSLA,2017-02-28,16.279333114624023,16.733333587646484,16.260000228881836,16.666000366210938,16.666000366210938,249.99000549316406,91171500
TSLA,2017-03-01,16.94533348083496,16.989999771118164,16.607332229614258,16.667999267578125,16.667999267578125,250.01998901367188,72142500
TSLA,2017-03-02,16.6473331451416,16.885332107543945,16.551332473754883,16.698667526245117,16.698667526245117,250.48001289367676,50277000
TSLA,2017-03-03,16.715999603271484,16.793333053588867,16.600000381469727,16.771333694458008,16.771333694458008,251.57000541687012,43791000
TSLA,2017-03-06,16.527332305908203,16.780000686645508,16.500667572021484,16.747333526611328,16.747333526611328,251.21000289916992,50332500
TSLA,2017-03-07,16.794666290283203,16.926000595092773,16.55466651916504,16.57266616821289,16.57266616821289,248.58999252319336,51892500
TSLA,2017-03-08,16.46666717529297,16.67133331298828,16.35466766357422,16.45800018310547,16.45800018310547,246.87000274658203,55878000
TSLA,2017-03-09,16.5086669921875,16.577333450317383,16.200000762939453,16.32666778564453,16.32666778564453,244.90001678466797,58189500
TSLA,2017-03-10,16.413999557495117,16.433332443237305,16.200000762939453,16.246000289916992,16.246000289916992,243.69000434875488,45994500
TSLA,2017-03-13,16.321332931518555,16.456666946411133,16.185333251953125,16.411333084106445,16.411333084106445,246.16999626159668,45339000
TSLA,2017-03-14,16.407333374023438,17.20800018310547,16.40133285522461,17.200000762939453,17.200000762939453,258.0000114440918,113976000
TSLA,2017-03-15,17.133333206176758,17.399999618530273,16.951332092285156,17.048667907714844,17.048667907714844,255.73001861572266,79962000
TSLA,2017-03-16,17.49333381652832,17.71666717529297,17.270666122436523,17.469999313354492,17.469999313354492,262.0499897003174,106983000
TSLA,2017-03-17,17.600000381469727,17.68866729736328,17.413333892822266,17.433332443237305,17.433332443237305,261.49998664855957,97462500
TSLA,2017-03-20,17.373332977294922,17.636667251586914,17.254667282104492,17.461332321166992,17.461332321166992,261.9199848175049,54214500
TSLA,2017-03-21,17.52199935913086,17.65333366394043,16.682666778564453,16.711999893188477,16.711999893188477,250.67999839782715,103629000
TSLA,2017-03-22,16.770666122436523,17.004667282104492,16.700666427612305,17.000667572021484,17.000667572021484,255.01001358032227,60889500
TSLA,2017-03-23,17.025999069213867,17.17799949645996,16.886667251586914,16.985332489013672,16.985332489013672,254.77998733520508,49803000
TSLA,2017-03-24,17.046667098999023,17.592666625976563,17.000667572021484,17.54400062561035,17.54400062561035,263.1600093841553,84709500
TSLA,2017-03-27,17.373332977294922,18.038000106811523,17.316667556762695,18.014667510986328,18.014667510986328,270.2200126647949,93462000
TSLA,2017-03-28,18.468000411987305,18.711999893188477,18.333332061767578,18.496667861938477,18.496667861938477,277.45001792907715,119814000
TSLA,2017-03-29,18.555999755859375,18.639999389648438,18.369333267211914,18.492000579833984,18.492000579833984,277.38000869750977,55143000
TSLA,2017-03-30,18.535999298095703,18.799999237060547,18.480667114257813,18.527999877929688,18.527999877929688,277.9199981689453,62226000
TSLA,2017-03-31,18.582000732421875,18.64533233642578,18.42133331298828,18.553333282470703,18.553333282470703,278.29999923706055,49419000
TSLA,2017-04-03,19.126667022705078,19.933332443237305,18.972000122070313,19.90133285522461,19.90133285522461,298.51999282836914,208329000
TSLA,2017-04-04,19.792667388916016,20.320667266845703,19.635332107543945,20.246667861938477,20.246667861938477,303.70001792907715,152019000
TSLA,2017-04-05,20.13599967956543,20.325332641601563,19.613332748413086,19.666667938232422,19.666667938232422,295.0000190734863,118213500
TSLA,2017-04-06,19.79199981689453,20.12933349609375,19.606666564941406,19.913333892822266,19.913333892822266,298.700008392334,82809000
TSLA,2017-04-07,19.833332061767578,20.179332733154297,19.809999465942383,20.16933250427246,20.16933250427246,302.5399875640869,68694000
TSLA,2017-04-10,20.610000610351563,20.915332794189453,20.58066749572754,20.826000213623047,20.826000213623047,312.3900032043457,114967500
TSLA,2017-04-11,20.892000198364258,20.898000717163086,20.366666793823242,20.58066749572754,20.58066749572754,308.7100124359131,85869000
TSLA,2017-04-12,20.422666549682617,20.56333351135254,19.754667282104492,19.78933334350586,19.78933334350586,296.8400001525879,90760500
TSLA,2017-04-13,19.780000686645508,20.492666244506836,19.68666648864746,20.266666412353516,20.266666412353516,303.99999618530273,139269000
TSLA,2017-04-17,20.18000030517578,20.266666412353516,19.91200065612793,20.09600067138672,20.09600067138672,301.4400100708008,62080500
TSLA,2017-04-18,19.979999542236328,20.055999755859375,19.860000610351563,20.016666412353516,20.016666412353516,300.24999618530273,45535500
TSLA,2017-04-19,20.163999557495117,20.441333770751953,20.140666961669922,20.368000030517578,20.368000030517578,305.5200004577637,58470000
TSLA,2017-04-20,20.43400001525879,20.610000610351563,20.01533317565918,20.167333602905273,20.167333602905273,302.5100040435791,92241000
TSLA,2017-04-21,20.133333206176758,20.426666259765625,20.027999877929688,20.373332977294922,20.373332977294922,305.5999946594238,67647000
TSLA,2017-04-24,20.614667892456055,20.703332901000977,20.40133285522461,20.53533363342285,20.53533363342285,308.0300045013428,76252500
TSLA,2017-04-25,20.53333282470703,20.93199920654297,20.390666961669922,20.91933250427246,20.91933250427246,313.7899875640869,101065500
TSLA,2017-04-26,20.82466697692871,20.96666717529297,20.600000381469727,20.67799949645996,20.67799949645996,310.1699924468994,70425000
TSLA,2017-04-27,20.779333114624023,20.87266731262207,20.5,20.575332641601563,20.575332641601563,308.62998962402344,52029000
TSLA,2017-04-28,20.655332565307617,20.98666763305664,20.53333282470703,20.937999725341797,20.937999725341797,314.06999588012695,67582500
TSLA,2017-05-01,20.992000579833984,21.816667556762695,20.987333297729492,21.52199935913086,21.52199935913086,322.8299903869629,132444000
TSLA,2017-05-02,21.600000381469727,21.8439998626709,21.104000091552734,21.25933265686035,21.25933265686035,318.8899898529053,80742000
TSLA,2017-05-03,21.17799949645996,21.435333251953125,20.696666717529297,20.73466682434082,20.73466682434082,311.0200023651123,107001000
TSLA,2017-05-04,20.496000289916992,20.51799964904785,19.384000778198242,19.69733238220215,19.69733238220215,295.4599857330322,212280000
TSLA,2017-05-05,19.866666793823242,20.56999969482422,19.786666870117188,20.55666732788086,20.55666732788086,308.3500099182129,122659500
TSLA,2017-05-08,20.726667404174805,20.91933250427246,20.38800048828125,20.479333877563477,20.479333877563477,307.19000816345215,105097500
TSLA,2017-05-09,20.625333786010742,21.465999603271484,20.606666564941406,21.417333602905273,21.417333602905273,321.2600040435791,145147500
TSLA,2017-05-10,21.437332153320313,21.700000762939453,21.20800018310547,21.681333541870117,21.681333541870117,325.22000312805176,86124000
TSLA,2017-05-11,21.559999465942383,21.733333587646484,21.30666732788086,21.540000915527344,21.540000915527344,323.10001373291016,71307000
TSLA,2017-05-12,21.698667526245117,21.799999237060547,21.435333251953125,21.65399932861328,21.65399932861328,324.8099899291992,61824000
TSLA,2017-05-15,21.225332260131836,21.34666633605957,20.8353328704834,21.058666229248047,21.058666229248047,315.8799934387207,114330000
TSLA,2017-05-16,21.172666549682617,21.33733367919922,21.00933265686035,21.134000778198242,21.134000778198242,317.01001167297363,62287500
TSLA,2017-05-17,20.959333419799805,20.975332260131836,20.366666793823242,20.407333374023438,20.407333374023438,306.11000061035156,100678500
TSLA,2017-05-18,20.46666717529297,20.929332733154297,20.354000091552734,20.87066650390625,20.87066650390625,313.05999755859375,84807000
TSLA,2017-05-19,21.03333282470703,21.100000381469727,20.68000030517578,20.722000122070313,20.722000122070313,310.8300018310547,70314000
TSLA,2017-05-22,20.85333251953125,20.95800018310547,20.453332901000977,20.690000534057617,20.690000534057617,310.35000801086426,64938000
TSLA,2017-05-23,20.69733238220215,20.715333938598633,20.23200035095215,20.257333755493164,20.257333755493164,303.86000633239746,64776000
TSLA,2017-05-24,20.43400001525879,20.733333587646484,20.360000610351563,20.681333541870117,20.681333541870117,310.22000312805176,75499500
TSLA,2017-05-25,20.73466682434082,21.131332397460938,20.520666122436523,21.121999740600586,21.121999740600586,316.8299961090088,75210000
TSLA,2017-05-26,21.152000427246094,21.69933319091797,21.08733367919922,21.676000595092773,21.676000595092773,325.1400089263916,117033000
TSLA,2017-05-30,21.733333587646484,22.41866683959961,21.71733283996582,22.34000015258789,22.34000015258789,335.10000228881836,116743500
TSLA,2017-05-31,22.512666702270508,22.859333038330078,22.3439998626709,22.733999252319336,22.733999252319336,341.00998878479004,149451000
TSLA,2017-06-01,22.933332443237305,22.992000579833984,22.486000061035156,22.691333770751953,22.691333770751953,340.3700065612793,114120000
TSLA,2017-06-02,22.65133285522461,22.858667373657227,22.39533233642578,22.656667709350586,22.656667709350586,339.8500156402588,83853000
TSLA,2017-06-05,22.566667556762695,23.229333877563477,22.28066635131836,23.154666900634766,23.154666900634766,347.3200035095215,101766000
TSLA,2017-06-06,22.979999542236328,23.965999603271484,22.6646671295166,23.523332595825195,23.523332595825195,352.84998893737793,166302000
TSLA,2017-06-07,23.756000518798828,24.03333282470703,23.676000595092773,23.976667404174805,23.976667404174805,359.65001106262207,140970000
TSLA,2017-06-08,24.25,24.793333053588867,24.014667510986328,24.666667938232422,24.666667938232422,370.0000190734863,135922500
TSLA,2017-06-09,24.961332321166992,25.124666213989258,23.65333366394043,23.821332931518555,23.821332931518555,357.3199939727783,258921000
TSLA,2017-06-12,23.865999221801758,24.299999237060547,23.374666213989258,23.93400001525879,23.93400001525879,359.01000022888184,157765500
TSLA,2017-06-13,24.507999420166016,25.066667556762695,24.44066619873047,25.06333351135254,25.06333351135254,375.9500026702881,177118500
TSLA,2017-06-14,25.4060001373291,25.616666793823242,25.08733367919922,25.37733268737793,25.37733268737793,380.65999031066895,192276000
TSLA,2017-06-15,24.833332061767578,25.03066635131836,24.432666778564453,25.022666931152344,25.022666931152344,375.34000396728516,156397500
TSLA,2017-06-16,25.198667526245117,25.200666427612305,24.67333221435547,24.760000228881836,24.760000228881836,371.40000343322754,100965000
TSLA,2017-06-19,25,25.113332748413086,24.520000457763672,24.65333366394043,24.65333366394043,369.80000495910645,98239500
TSLA,2017-06-20,25.1113338470459,25.2586669921875,24.648666381835938,24.81599998474121,24.81599998474121,372.23999977111816,111580500
TSLA,2017-06-21,24.956666946411133,25.132667541503906,24.534666061401367,25.093332290649414,25.093332290649414,376.3999843597412,73848000
TSLA,2017-06-22,25.19933319091797,25.666667938232422,24.904666900634766,25.507333755493164,25.507333755493164,382.61000633239746,112947000
TSLA,2017-06-23,25.496667861938477,25.799333572387695,25.290000915527344,25.56333351135254,25.56333351135254,383.4500026702881,96687000
TSLA,2017-06-26,25.779333114624023,25.796667098999023,24.873332977294922,25.166000366210938,25.166000366210938,377.49000549316406,99061500
TSLA,2017-06-27,25.093332290649414,25.093332290649414,24.134666442871094,24.158000946044922,24.158000946044922,362.3700141906738,104946000
TSLA,2017-06-28,24.44533348083496,24.78266716003418,24.167999267578125,24.749332427978516,24.749332427978516,371.23998641967773,94537500
TSLA,2017-06-29,24.707332611083984,24.733333587646484,23.606666564941406,24.049999237060547,24.049999237060547,360.7499885559082,123315000
TSLA,2017-06-30,24.247333526611328,24.451332092285156,23.974666595458984,24.107332229614258,24.107332229614258,361.60998344421387,87727500
TSLA,2017-07-03,24.682666778564453,24.75666618347168,23.433332443237305,23.507999420166016,23.507999420166016,352.61999130249023,94581000
TSLA,2017-07-05,23.14666748046875,23.14933204650879,21.755332946777344,21.805999755859375,21.805999755859375,327.0899963378906,255700500
TSLA,2017-07-06,21.150667190551758,21.38599967956543,20.420000076293945,20.588666915893555,20.588666915893555,308.8300037384033,289867500
TSLA,2017-07-07,20.899999618530273,21.133333206176758,20.492000579833984,20.881332397460938,20.881332397460938,313.21998596191406,212653500
TSLA,2017-07-10,20.860000610351563,21.195999145507813,20.208667755126953,21.06999969482422,21.06999969482422,316.0499954223633,207313500
TSLA,2017-07-11,21.066667556762695,21.818666458129883,20.953332901000977,21.814666748046875,21.814666748046875,327.2200012207031,173391000
TSLA,2017-07-12,22.02666664123535,22.206666946411133,21.633333206176758,21.968000411987305,21.968000411987305,329.52000617980957,155191500
TSLA,2017-07-13,22.007333755493164,22.106666564941406,21.33133316040039,21.560667037963867,21.560667037963867,323.410005569458,128917500
TSLA,2017-07-14,21.54599952697754,21.89466667175293,21.4146671295166,21.851999282836914,21.851999282836914,327.7799892425537,84378000
TSLA,2017-07-17,21.702667236328125,21.80666732788086,20.89666748046875,21.30466651916504,21.30466651916504,319.5699977874756,148153500
TSLA,2017-07-18,21.166667938232422,21.941999435424805,21.04400062561035,21.882667541503906,21.882667541503906,328.2400131225586,95605500
TSLA,2017-07-19,21.881999969482422,22.110000610351563,21.54800033569336,21.68400001525879,21.68400001525879,325.26000022888184,95355000
TSLA,2017-07-20,21.793333053588867,22.014667510986328,21.613332748413086,21.994667053222656,21.994667053222656,329.92000579833984,77493000
TSLA,2017-07-21,21.964000701904297,22.083999633789063,21.719999313354492,21.893333435058594,21.893333435058594,328.4000015258789,73524000
TSLA,2017-07-24,22.016000747680664,22.893333435058594,22.000667572021484,22.834667205810547,22.834667205810547,342.5200080871582,129556500
TSLA,2017-07-25,23,23.040000915527344,22.27666664123535,22.639999389648438,22.639999389648438,339.59999084472656,104838000
TSLA,2017-07-26,22.69066619873047,23.03333282470703,22.541332244873047,22.92333221435547,22.92333221435547,343.84998321533203,72312000
TSLA,2017-07-27,23.066667556762695,23.166667938232422,21.752666473388672,22.297332763671875,22.297332763671875,334.4599914550781,124536000
TSLA,2017-07-28,22.459333419799805,22.639999389648438,22.167333602905273,22.33799934387207,22.33799934387207,335.06999015808105,73206000
TSLA,2017-07-31,22.366666793823242,22.766000747680664,21.402666091918945,21.564666748046875,21.564666748046875,323.4700012207031,128026500
TSLA,2017-08-01,21.53333282470703,21.6299991607666,21.075332641601563,21.30466651916504,21.30466651916504,319.5699977874756,124546500
TSLA,2017-08-02,21.262666702270508,21.808000564575195,20.74799919128418,21.72599983215332,21.72599983215332,325.8899974822998,196372500
TSLA,2017-08-03,23.02199935913086,23.333332061767578,22.876667022705078,23.139333724975586,23.139333724975586,347.0900058746338,203025000
TSLA,2017-08-04,23.133333206176758,23.81800079345703,22.886667251586914,23.79400062561035,23.79400062561035,356.9100093841553,139033500
TSLA,2017-08-07,23.823333740234375,23.965333938598633,23.516666412353516,23.67799949645996,23.67799949645996,355.1699924468994,94867500
TSLA,2017-08-08,23.8353328704834,24.57200050354004,23.82666778564453,24.347999572753906,24.347999572753906,365.2199935913086,111747000
TSLA,2017-08-09,24.066667556762695,24.666667938232422,23.93000030517578,24.235332489013672,24.235332489013672,363.5299873352051,103381500
TSLA,2017-08-10,24.106666564941406,24.44333267211914,23.643999099731445,23.69333267211914,23.69333267211914,355.3999900817871,106393500
TSLA,2017-08-11,23.79800033569336,24.083999633789063,23.57466697692871,23.857999801635742,23.857999801635742,357.86999702453613,65487000
TSLA,2017-08-14,24.308666229248047,24.51066780090332,24.17333221435547,24.253332138061523,24.253332138061523,363.79998207092285,67788000
TSLA,2017-08-15,24.34666633605957,24.365999221801758,23.95800018310547,24.155332565307617,24.155332565307617,362.32998847961426,46276500
TSLA,2017-08-16,24.200000762939453,24.433332443237305,24.167999267578125,24.194000244140625,24.194000244140625,362.9100036621094,51207000
TSLA,2017-08-17,24.08066749572754,24.219999313354492,23.439332962036133,23.461332321166992,23.461332321166992,351.9199848175049,75415500
TSLA,2017-08-18,23.527332305908203,23.600000381469727,23.053333282470703,23.163999557495117,23.163999557495117,347.45999336242676,81123000
TSLA,2017-08-21,23.05466651916504,23.05466651916504,22.123332977294922,22.52400016784668,22.52400016784668,337.8600025177002,97431000
TSLA,2017-08-22,22.742000579833984,22.81599998474121,22.4913330078125,22.75666618347168,22.75666618347168,341.3499927520752,64830000
TSLA,2017-08-23,22.599332809448242,23.56599998474121,22.553333282470703,23.51799964904785,23.51799964904785,352.7699947357178,74317500
TSLA,2017-08-24,23.501333236694336,23.777332305908203,23.31599998474121,23.528667449951172,23.528667449951172,352.9300117492676,68770500
TSLA,2017-08-25,23.615999221801758,23.71266746520996,23.15333366394043,23.203332901000977,23.203332901000977,348.04999351501465,52260000
TSLA,2017-08-28,23.152000427246094,23.156667709350586,22.648000717163086,23.04400062561035,23.04400062561035,345.6600093841553,56460000
TSLA,2017-08-29,22.631999969482422,23.270000457763672,22.583332061767578,23.157333374023438,23.157333374023438,347.36000061035156,61105500
TSLA,2017-08-30,23.31133270263672,23.564666748046875,23.133333206176758,23.545333862304688,23.545333862304688,353.1800079345703,51193500
TSLA,2017-08-31,23.56999969482422,23.895999908447266,23.521333694458008,23.726667404174805,23.726667404174805,355.90001106262207,61092000
TSLA,2017-09-01,23.7413330078125,23.839332580566406,23.57933235168457,23.69333267211914,23.69333267211914,355.3999900817871,45742500
TSLA,2017-09-05,23.586666107177734,23.69933319091797,23.05933380126953,23.305999755859375,23.305999755859375,349.5899963378906,57526500
TSLA,2017-09-06,23.299999237060547,23.398666381835938,22.770666122436523,22.968666076660156,22.968666076660156,344.52999114990234,61371000
TSLA,2017-09-07,23.065332412719727,23.498666763305664,22.89666748046875,23.374000549316406,23.374000549316406,350.6100082397461,63588000
TSLA,2017-09-08,23.266000747680664,23.318666458129883,22.81999969482422,22.893333435058594,22.893333435058594,343.4000015258789,48952500
TSLA,2017-09-11,23.42333221435547,24.247333526611328,23.333332061767578,24.246000289916992,24.246000289916992,363.6900043487549,115006500
TSLA,2017-09-12,24.299333572387695,24.583999633789063,24.02666664123535,24.183332443237305,24.183332443237305,362.74998664855957,89593500
TSLA,2017-09-13,24.254667282104492,24.538000106811523,23.972667694091797,24.415332794189453,24.415332794189453,366.2299919128418,62778000
TSLA,2017-09-14,24.288667678833008,25.19733238220215,24.17533302307129,25.176000595092773,25.176000595092773,377.6400089263916,108037500
TSLA,2017-09-15,24.96733283996582,25.333332061767578,24.84666633605957,25.320667266845703,25.320667266845703,379.81000900268555,81307500
TSLA,2017-09-18,25.350000381469727,25.974000930786133,25.178667068481445,25.666667938232422,25.666667938232422,385.0000190734863,107820000
TSLA,2017-09-19,25.333332061767578,25.492666244506836,24.904666900634766,25.00666618347168,25.00666618347168,375.0999927520752,96778500
TSLA,2017-09-20,24.866666793823242,25.21666717529297,24.738000869750977,24.92733383178711,24.92733383178711,373.91000747680664,73786500
TSLA,2017-09-21,24.99333381652832,25.121999740600586,24.30066680908203,24.43199920654297,24.43199920654297,366.47998809814453,69273000
TSLA,2017-09-22,24.432666778564453,24.65999984741211,23.392000198364258,23.4060001373291,23.4060001373291,351.0900020599365,122391000
TSLA,2017-09-25,23.543333053588867,23.83133316040039,22.858667373657227,22.999332427978516,22.999332427978516,344.98998641967773,114088500
TSLA,2017-09-26,23.39533233642578,23.416000366210938,22.726667404174805,23.016666412353516,23.016666412353516,345.24999618530273,107344500
TSLA,2017-09-27,23.32666778564453,23.432666778564453,22.700000762939453,22.731332778930664,22.731332778930664,340.96999168395996,90904500
TSLA,2017-09-28,22.658666610717773,22.850000381469727,22.360000610351563,22.639999389648438,22.639999389648438,339.59999084472656,79794000
TSLA,2017-09-29,22.790666580200195,22.978666305541992,22.573333740234375,22.739999771118164,22.739999771118164,341.09999656677246,76606500
TSLA,2017-10-02,22.834667205810547,22.913333892822266,22.367332458496094,22.768667221069336,22.768667221069336,341.53000831604004,79302000
TSLA,2017-10-03,22.393333435058594,23.23666763305664,22.0853328704834,23.209333419799805,23.209333419799805,348.14000129699707,152304000
TSLA,2017-10-04,23.416667938232422,23.908000946044922,23.30666732788086,23.667333602905273,23.667333602905273,355.0100040435791,122452500
TSLA,2017-10-05,23.733333587646484,23.82933235168457,23.42333221435547,23.68866729736328,23.68866729736328,355.3300094604492,62575500
TSLA,2017-10-06,23.540000915527344,24.00666618347168,23.483333587646484,23.79199981689453,23.79199981689453,356.87999725341797,64462500
TSLA,2017-10-09,23.309999465942383,23.450000762939453,22.844667434692383,22.862667083740234,22.862667083740234,342.9400062561035,112405500
TSLA,2017-10-10,23.1200008392334,23.708667755126953,23.03533363342285,23.70599937438965,23.70599937438965,355.5899906158447,104677500
TSLA,2017-10-11,23.592666625976563,23.84000015258789,23.40999984741211,23.639999389648438,23.639999389648438,354.59999084472656,67512000
TSLA,2017-10-12,23.530000686645508,23.985332489013672,23.50933265686035,23.711999893188477,23.711999893188477,355.67999839782715,61305000
TSLA,2017-10-13,23.798667907714844,23.89933204650879,23.57866668701172,23.704666137695313,23.704666137695313,355.5699920654297,53107500
TSLA,2017-10-16,23.583999633789063,23.631999969482422,23.143999099731445,23.373332977294922,23.373332977294922,350.5999946594238,80632500
TSLA,2017-10-17,23.393999099731445,23.74799919128418,23.33799934387207,23.71666717529297,23.71666717529297,355.75000762939453,49399500
TSLA,2017-10-18,23.731332778930664,24.200000762939453,23.608667373657227,23.976667404174805,23.976667404174805,359.65001106262207,74086500
TSLA,2017-10-19,23.70400047302246,23.809999465942383,23.213333129882813,23.45400047302246,23.45400047302246,351.8100070953369,75927000
TSLA,2017-10-20,23.512666702270508,23.636667251586914,22.95599937438965,23.00666618347168,23.00666618347168,345.0999927520752,73956000
TSLA,2017-10-23,23.325332641601563,23.329999923706055,22.416667938232422,22.468000411987305,22.468000411987305,337.02000617980957,86209500
TSLA,2017-10-24,22.586666107177734,22.85333251953125,22.410667419433594,22.48933219909668,22.48933219909668,337.3399829864502,67375500
TSLA,2017-10-25,22.446666717529297,22.5,21.570667266845703,21.722667694091797,21.722667694091797,325.84001541137695,128911500
TSLA,2017-10-26,21.851999282836914,22.01533317565918,21.546667098999023,21.744667053222656,21.744667053222656,326.17000579833984,75352500
TSLA,2017-10-27,21.316667556762695,21.639333724975586,21.110666275024414,21.391332626342773,21.391332626342773,320.8699893951416,104695500
TSLA,2017-10-30,21.278667449951172,21.5853328704834,21.149999618530273,21.338666915893555,21.338666915893555,320.0800037384033,63816000
TSLA,2017-10-31,21.34866714477539,22.1299991607666,21.345333099365234,22.101999282836914,22.101999282836914,331.5299892425537,85084500
TSLA,2017-11-01,22.149999618530273,22.173999786376953,21.35066795349121,21.405332565307617,21.405332565307617,321.07998847961426,126859500
TSLA,2017-11-02,20.0086669921875,20.57933235168457,19.5086669921875,19.950666427612305,19.950666427612305,299.25999641418457,296871000
TSLA,2017-11-03,19.96666717529297,20.416667938232422,19.67533302307129,20.4060001373291,20.4060001373291,306.0900020599365,133410000
TSLA,2017-11-06,20.46666717529297,20.5,19.93400001525879,20.185333251953125,20.185333251953125,302.7799987792969,97290000
TSLA,2017-11-07,20.06800079345703,20.433332443237305,20.00200080871582,20.40333366394043,20.40333366394043,306.05000495910645,79414500
TSLA,2017-11-08,20.366666793823242,20.459333419799805,20.086666107177734,20.292667388916016,20.292667388916016,304.39001083374023,70879500
TSLA,2017-11-09,20.166667938232422,20.297332763671875,19.753332138061523,20.19933319091797,20.19933319091797,302.98999786376953,81706500
TSLA,2017-11-10,20.166667938232422,20.55733299255371,20.123332977294922,20.19933319091797,20.19933319091797,302.98999786376953,69381000
TSLA,2017-11-13,20.0086669921875,21.1200008392334,19.94066619873047,21.02666664123535,21.02666664123535,315.3999996185303,113773500
TSLA,2017-11-14,21,21.09000015258789,20.459999084472656,20.579999923706055,20.579999923706055,308.6999988555908,85141500
TSLA,2017-11-15,20.400667190551758,20.832666397094727,20.100000381469727,20.753332138061523,20.753332138061523,311.29998207092285,89680500
TSLA,2017-11-16,20.932666778564453,21.209333419799805,20.753332138061523,20.833332061767578,20.833332061767578,312.4999809265137,87331500
TSLA,2017-11-17,21.711332321166992,21.777999877929688,20.876667022705078,21.003332138061523,21.003332138061523,315.04998207092285,206026500
TSLA,2017-11-20,20.91933250427246,21.03333282470703,20.316667556762695,20.582666397094727,20.582666397094727,308.7399959564209,123715500
TSLA,2017-11-21,20.724000930786133,21.215333938598633,20.58066749572754,21.187332153320313,21.187332153320313,317.8099822998047,108919500
TSLA,2017-11-22,21.118000030517578,21.161333084106445,20.78933334350586,20.84000015258789,20.84000015258789,312.60000228881836,73764000
TSLA,2017-11-24,20.91933250427246,21.0939998626709,20.733333587646484,21.036666870117188,21.036666870117188,315.5500030517578,48661500
TSLA,2017-11-27,20.883333206176758,21.1560001373291,20.634000778198242,21.12066650390625,21.12066650390625,316.80999755859375,68338500
TSLA,2017-11-28,21.090667724609375,21.333332061767578,20.92799949645996,21.170000076293945,21.170000076293945,317.5500011444092,74242500
TSLA,2017-11-29,21.15333366394043,21.200000762939453,20.082000732421875,20.502666473388672,20.502666473388672,307.5399971008301,131511000
TSLA,2017-11-30,20.570667266845703,20.713333129882813,20.30266761779785,20.59000015258789,20.59000015258789,308.85000228881836,65274000
TSLA,2017-12-01,20.362667083740234,20.687999725341797,20.336666107177734,20.435333251953125,20.435333251953125,306.5299987792969,64393500
TSLA,2017-12-04,20.433332443237305,20.551332473754883,20.040666580200195,20.34666633605957,20.34666633605957,305.19999504089355,87526500
TSLA,2017-12-05,20.133333206176758,20.53333282470703,20.066667556762695,20.246667861938477,20.246667861938477,303.70001792907715,69697500
TSLA,2017-12-06,20.00666618347168,20.892667770385742,20,20.884000778198242,20.884000778198242,313.26001167297363,107929500
TSLA,2017-12-07,20.799999237060547,21.242000579833984,20.73666763305664,20.749332427978516,20.749332427978516,311.23998641967773,71709000
TSLA,2017-12-08,20.97333335876465,21.131999969482422,20.750667572021484,21.0086669921875,21.0086669921875,315.1300048828125,52027500
TSLA,2017-12-11,20.975332260131836,21.93400001525879,20.916667938232422,21.92733383178711,21.92733383178711,328.91000747680664,119070000
TSLA,2017-12-12,22.030000686645508,22.762666702270508,22.00200080871582,22.735332489013672,22.735332489013672,341.0299873352051,130998000
TSLA,2017-12-13,22.728666305541992,22.947999954223633,22.433332443237305,22.601999282836914,22.601999282836914,339.0299892425537,93322500
TSLA,2017-12-14,22.733999252319336,23.16266632080078,22.459999084472656,22.525999069213867,22.525999069213867,337.889986038208,86998500
TSLA,2017-12-15,22.80266761779785,22.926666259765625,22.384000778198242,22.89666748046875,22.89666748046875,343.45001220703125,103998000
TSLA,2017-12-18,22.99333381652832,23.115333557128906,22.505332946777344,22.591333389282227,22.591333389282227,338.8700008392334,82143000
TSLA,2017-12-19,22.68400001525879,22.766000747680664,22.020000457763672,22.073333740234375,22.073333740234375,331.1000061035156,102375000
TSLA,2017-12-20,22.179332733154297,22.206666946411133,21.66933250427246,21.93199920654297,21.93199920654297,328.97998809814453,89307000
TSLA,2017-12-21,21.972667694091797,22.249332427978516,21.81399917602539,22.110666275024414,22.110666275024414,331.6599941253662,65778000
TSLA,2017-12-22,21.96733283996582,22.06133270263672,21.654666900634766,21.68000030517578,21.68000030517578,325.2000045776367,63237000
TSLA,2017-12-26,21.588666915893555,21.59600067138672,21.10533332824707,21.152666091918945,21.152666091918945,317.2899913787842,65676000
TSLA,2017-12-27,21.066667556762695,21.178667068481445,20.71666717529297,20.775999069213867,20.775999069213867,311.639986038208,70681500
TSLA,2017-12-28,20.78333282470703,21.05466651916504,20.63599967956543,21.02400016784668,21.02400016784668,315.3600025177002,64744500
TSLA,2017-12-29,21.07866668701172,21.0939998626709,20.666667938232422,20.75666618347168,20.75666618347168,311.3499927520752,56658000
TSLA,2018-01-02,20.799999237060547,21.474000930786133,20.733333587646484,21.368667602539063,21.368667602539063,320.53001403808594,65283000
TSLA,2018-01-03,21.399999618530273,21.683332443237305,21.036666870117188,21.149999618530273,21.149999618530273,317.2499942779541,67822500
TSLA,2018-01-04,20.857999801635742,21.23666763305664,20.3786678314209,20.974666595458984,20.974666595458984,314.61999893188477,149194500
TSLA,2018-01-05,21.107999801635742,21.14933204650879,20.799999237060547,21.10533332824707,21.10533332824707,316.57999992370605,68868000
TSLA,2018-01-08,21.066667556762695,22.468000411987305,21.03333282470703,22.42733383178711,22.42733383178711,336.41000747680664,147891000
TSLA,2018-01-09,22.3439998626709,22.586666107177734,21.82666778564453,22.246000289916992,22.246000289916992,333.6900043487549,107199000
TSLA,2018-01-10,22.14666748046875,22.46666717529297,22,22.31999969482422,22.31999969482422,334.7999954223633,64648500
TSLA,2018-01-11,22.349332809448242,22.987333297729492,22.21733283996582,22.530000686645508,22.530000686645508,337.9500102996826,99682500
TSLA,2018-01-12,22.575332641601563,22.694000244140625,22.244667053222656,22.4146671295166,22.4146671295166,336.220006942749,72376500
TSLA,2018-01-16,22.502666473388672,23,22.31999969482422,22.67066764831543,22.67066764831543,340.06001472473145,97114500
TSLA,2018-01-17,22.697999954223633,23.266666412353516,22.649999618530273,23.143999099731445,23.143999099731445,347.1599864959717,106552500
TSLA,2018-01-18,23.044666290283203,23.48666763305664,22.916000366210938,22.971332550048828,22.971332550048828,344.5699882507324,85287000
TSLA,2018-01-19,23,23.37266731262207,22.84000015258789,23.334667205810547,23.334667205810547,350.0200080871582,73324500
TSLA,2018-01-22,23.293333053588867,23.85533332824707,23.280000686645508,23.437332153320313,23.437332153320313,351.5599822998047,93156000
TSLA,2018-01-23,24,24.03333282470703,23.399999618530273,23.519332885742188,23.519332885742188,352.7899932861328,81981000
TSLA,2018-01-24,23.6386661529541,23.649999618530273,22.90133285522461,23.05933380126953,23.05933380126953,345.89000701904297,79312500
TSLA,2018-01-25,23.218000411987305,23.280000686645508,22.426666259765625,22.50933265686035,22.50933265686035,337.6399898529053,101104500
TSLA,2018-01-26,22.766666412353516,22.933332443237305,22.380666732788086,22.856666564941406,22.856666564941406,342.8499984741211,68091000
TSLA,2018-01-29,22.656667709350586,23.389999389648438,22.552000045776367,23.302000045776367,23.302000045776367,349.5300006866455,71206500
TSLA,2018-01-30,23.00933265686035,23.218000411987305,22.81133270263672,23.05466651916504,23.05466651916504,345.8199977874756,70765500
TSLA,2018-01-31,23.167333602905273,23.746000289916992,23.012666702270508,23.62066650390625,23.62066650390625,354.30999755859375,93211500
TSLA,2018-02-01,23.399999618530273,23.977333068847656,23.242000579833984,23.28333282470703,23.28333282470703,349.24999237060547,62965500
TSLA,2018-02-02,23.229333877563477,23.463333129882813,22.700666427612305,22.916667938232422,22.916667938232422,343.7500190734863,55572000
TSLA,2018-02-05,22.531333923339844,22.96466636657715,22.200000762939453,22.208667755126953,22.208667755126953,333.1300163269043,66961500
TSLA,2018-02-06,21.680667877197266,22.4146671295166,21.566667556762695,22.264667510986328,22.264667510986328,333.9700126647949,76326000
TSLA,2018-02-07,22.599332809448242,23.066667556762695,22.37733268737793,23,23,345,104538000
TSLA,2018-02-08,22.887332916259766,23.2413330078125,20.97333335876465,21.01533317565918,21.01533317565918,315.2299976348877,154719000
TSLA,2018-02-09,21.32866668701172,21.398666381835938,19.650667190551758,20.69466781616211,20.69466781616211,310.42001724243164,194005500
TSLA,2018-02-12,21.075332641601563,21.205333709716797,20.416667938232422,21.048667907714844,21.048667907714844,315.73001861572266,93417000
TSLA,2018-02-13,21.001333236694336,21.612667083740234,20.833999633789063,21.577333450317383,21.577333450317383,323.66000175476074,68403000
TSLA,2018-02-14,21.389333724975586,21.744667053222656,21.23466682434082,21.487333297729492,21.487333297729492,322.3099994659424,59260500
TSLA,2018-02-15,21.633333206176758,22.274667739868164,21.49333381652832,22.271333694458008,22.271333694458008,334.0700054168701,88693500
TSLA,2018-02-16,22.166667938232422,22.874666213989258,22.109333038330078,22.365999221801758,22.365999221801758,335.48998832702637,84639000
TSLA,2018-02-20,22.29800033569336,22.722667694091797,22.100000381469727,22.31800079345703,22.31800079345703,334.77001190185547,60141000
TSLA,2018-02-21,22.402000427246094,22.645999908447266,22.211332321166992,22.219999313354492,22.219999313354492,333.2999897003174,48294000
TSLA,2018-02-22,22.368667602539063,23.16266632080078,22.316667556762695,23.077999114990234,23.077999114990234,346.1699867248535,104547000
TSLA,2018-02-23,23.18866729736328,23.666000366210938,23.139999389648438,23.469999313354492,23.469999313354492,352.0499897003174,87261000
TSLA,2018-02-26,23.566667556762695,23.933332443237305,23.49066734313965,23.827999114990234,23.827999114990234,357.4199867248535,65100000
TSLA,2018-02-27,23.75,23.999332427978516,23.333999633789063,23.39933204650879,23.39933204650879,350.98998069763184,71961000
TSLA,2018-02-28,23.504667282104492,23.682666778564453,22.814666748046875,22.87066650390625,22.87066650390625,343.05999755859375,91045500
TSLA,2018-03-01,23.000667572021484,23.244667053222656,22.004667282104492,22.062000274658203,22.062000274658203,330.93000411987305,103284000
TSLA,2018-03-02,21.798667907714844,22.347999572753906,21.531333923339844,22.341333389282227,22.341333389282227,335.1200008392334,76392000
TSLA,2018-03-05,22.159332275390625,22.516666412353516,21.952667236328125,22.22333335876465,22.22333335876465,333.3500003814697,57357000
TSLA,2018-03-06,22.25,22.424667358398438,21.802000045776367,21.8799991607666,21.8799991607666,328.199987411499,64285500
TSLA,2018-03-07,21.695999145507813,22.166667938232422,21.44933319091797,22.15333366394043,22.15333366394043,332.30000495910645,75109500
TSLA,2018-03-08,22.19066619873047,22.219999313354492,21.751333236694336,21.940000534057617,21.940000534057617,329.10000801086426,53493000
TSLA,2018-03-09,21.606666564941406,21.89933204650879,21.4913330078125,21.81133270263672,21.81133270263672,327.1699905395508,82602000
TSLA,2018-03-12,21.907333374023438,23.1473331451416,21.766666412353516,23.034000396728516,23.034000396728516,345.51000595092773,123960000
TSLA,2018-03-13,21.907333374023438,23.1473331451416,21.766666412353516,22.78933334350586,22.78933334350586,341.8400001525879,89487000
TSLA,2018-03-14,22.450666427612305,22.65399932861328,21.595333099365234,21.775333404541016,21.775333404541016,326.63000106811523,119511000
TSLA,2018-03-15,21.958667755126953,22.190000534057617,21.406667709350586,21.706666946411133,21.706666946411133,325.600004196167,98472000
TSLA,2018-03-16,21.528667449951172,21.82666778564453,21.271333694458008,21.42333221435547,21.42333221435547,321.34998321533203,91759500
TSLA,2018-03-19,21.100000381469727,21.383333206176758,20.64466667175293,20.90399932861328,20.90399932861328,313.5599899291992,112264500
TSLA,2018-03-20,20.9913330078125,21.083332061767578,20.583999633789063,20.703332901000977,20.703332901000977,310.54999351501465,71464500
TSLA,2018-03-21,20.683332443237305,21.496000289916992,20.679332733154297,21.101999282836914,21.101999282836914,316.5299892425537,89376000
TSLA,2018-03-22,20.926000595092773,21.254667282104492,20.545333862304688,20.606666564941406,20.606666564941406,309.0999984741211,74097000
TSLA,2018-03-23,20.75,20.75,20.030000686645508,20.1026668548584,20.1026668548584,301.540002822876,99823500
TSLA,2018-03-26,20.48933219909668,20.506000518798828,19.423999786376953,20.278667449951172,20.278667449951172,304.1800117492676,125628000
TSLA,2018-03-27,20.266666412353516,20.284666061401367,18.478666305541992,18.61199951171875,18.61199951171875,279.17999267578125,208080000
TSLA,2018-03-28,17.6386661529541,17.91200065612793,16.80666732788086,17.185333251953125,17.185333251953125,257.7799987792969,315021000
TSLA,2018-03-29,17.099332809448242,18.06399917602539,16.547332763671875,17.742000579833984,17.742000579833984,266.13000869750977,227560500
TSLA,2018-04-02,17.083999633789063,17.35533332824707,16.305999755859375,16.832000732421875,16.832000732421875,252.48001098632813,241710000
TSLA,2018-04-03,17.988000869750977,18.22333335876465,16.965999603271484,17.8353328704834,17.8353328704834,267.529993057251,282666000
TSLA,2018-04-04,16.851999282836914,19.224666595458984,16.799999237060547,19.12933349609375,19.12933349609375,286.94000244140625,298450500
TSLA,2018-04-05,19.28933334350586,20.417333602905273,19.213333129882813,20.381332397460938,20.381332397460938,305.71998596191406,286816500
TSLA,2018-04-06,20.066667556762695,20.618667602539063,19.700000762939453,19.953332901000977,19.953332901000977,299.29999351501465,202804500
TSLA,2018-04-09,20.024667739868164,20.633333206176758,19.28066635131836,19.310667037963867,19.310667037963867,289.660005569458,153747000
TSLA,2018-04-10,19.931333541870117,20.47333335876465,19.57866668701172,20.31333351135254,20.31333351135254,304.7000026702881,164847000
TSLA,2018-04-11,20.049333572387695,20.59866714477539,19.977333068847656,20.062000274658203,20.062000274658203,300.93000411987305,112243500
TSLA,2018-04-12,20.154666900634766,20.26333236694336,19.57866668701172,19.60533332824707,19.60533332824707,294.07999992370605,114132000
TSLA,2018-04-13,20.239999771118164,20.26333236694336,19.73200035095215,20.022666931152344,20.022666931152344,300.34000396728516,109908000
TSLA,2018-04-16,19.933332443237305,19.977333068847656,19.267332077026367,19.413999557495117,19.413999557495117,291.20999336242676,95077500
TSLA,2018-04-17,19.257999420166016,19.47800064086914,18.833999633789063,19.179332733154297,19.179332733154297,287.68999099731445,105000000
TSLA,2018-04-18,19.405332565307617,20.016000747680664,19.21066665649414,19.55666732788086,19.55666732788086,293.3500099182129,98365500
TSLA,2018-04-19,19.405332565307617,20.067333221435547,19.23666763305664,20.005332946777344,20.005332946777344,300.07999420166016,91359000
TSLA,2018-04-20,19.67799949645996,19.998666763305664,19.316667556762695,19.349332809448242,19.349332809448242,290.23999214172363,84418500
TSLA,2018-04-23,19.41933250427246,19.441333770751953,18.82200050354004,18.891332626342773,18.891332626342773,283.3699893951416,73401000
TSLA,2018-04-24,19,19.139333724975586,18.56399917602539,18.8973331451416,18.8973331451416,283.459997177124,85279500
TSLA,2018-04-25,18.899999618530273,19.01066780090332,18.483333587646484,18.71266746520996,18.71266746520996,280.6900119781494,60204000
TSLA,2018-04-26,18.583332061767578,19.05266761779785,18.433332443237305,19.031999588012695,19.031999588012695,285.47999382019043,65340000
TSLA,2018-04-27,19.024667739868164,19.631332397460938,18.922000885009766,19.60533332824707,19.60533332824707,294.07999992370605,65469000
TSLA,2018-04-30,19.573999404907227,19.915332794189453,19.5,19.593332290649414,19.593332290649414,293.8999843597412,63423000
TSLA,2018-05-01,19.567333221435547,20.05466651916504,19.54800033569336,19.994667053222656,19.994667053222656,299.92000579833984,69384000
TSLA,2018-05-02,19.904666900634766,20.456666946411133,19.851999282836914,20.07666778564453,20.07666778564453,301.15001678466797,134556000
TSLA,2018-05-03,18.586000442504883,19.202667236328125,18.34866714477539,18.963333129882813,18.963333129882813,284.4499969482422,260281500
TSLA,2018-05-04,18.866666793823242,19.790666580200195,18.634666442871094,19.606000900268555,19.606000900268555,294.0900135040283,128541000
TSLA,2018-05-07,19.833332061767578,20.3973331451416,19.67799949645996,20.184667587280273,20.184667587280273,302.7700138092041,130173000
TSLA,2018-05-08,20.053333282470703,20.516666412353516,19.933332443237305,20.131332397460938,20.131332397460938,301.96998596191406,88950000
TSLA,2018-05-09,20.027332305908203,20.46733283996582,20.003332138061523,20.456666946411133,20.456666946411133,306.850004196167,85911000
TSLA,2018-05-10,20.5,20.865999221801758,20.27400016784668,20.334667205810547,20.334667205810547,305.0200080871582,84774000
TSLA,2018-05-11,20.51333236694336,20.591999053955078,19.93866729736328,20.070667266845703,20.070667266845703,301.06000900268555,70194000
TSLA,2018-05-14,20.221332550048828,20.32933235168457,19.441333770751953,19.46466636657715,19.46466636657715,291.9699954986572,109302000
TSLA,2018-05-15,19.000667572021484,19.130666732788086,18.700000762939453,18.94533348083496,18.94533348083496,284.1800022125244,142788000
TSLA,2018-05-16,18.922000885009766,19.253999710083008,18.770666122436523,19.09866714477539,19.09866714477539,286.48000717163086,85110000
TSLA,2018-05-17,19.059999465942383,19.279333114624023,18.931333541870117,18.96933364868164,18.96933364868164,284.5400047302246,66309000
TSLA,2018-05-18,18.976667404174805,18.976667404174805,18.266666412353516,18.454666137695313,18.454666137695313,276.8199920654297,108778500
TSLA,2018-05-21,18.755332946777344,19.432666778564453,18.753332138061523,18.965999603271484,18.965999603271484,284.48999404907227,137739000
TSLA,2018-05-22,19.18400001525879,19.200000762939453,18.22800064086914,18.333999633789063,18.333999633789063,275.00999450683594,134187000
TSLA,2018-05-23,18.517332077026367,18.660667419433594,18.266666412353516,18.60466766357422,18.60466766357422,279.0700149536133,89776500
TSLA,2018-05-24,18.559999465942383,18.74066734313965,18.326000213623047,18.523332595825195,18.523332595825195,277.84998893737793,62650500
TSLA,2018-05-25,18.5086669921875,18.642667770385742,18.374000549316406,18.59000015258789,18.59000015258789,278.85000228881836,58126500
TSLA,2018-05-29,18.567333221435547,19.100000381469727,18.40999984741211,18.917333602905273,18.917333602905273,283.7600040435791,84999000
TSLA,2018-05-30,18.88599967956543,19.667333602905273,18.773332595825195,19.447999954223633,19.447999954223633,291.7199993133545,112345500
TSLA,2018-05-31,19.1473331451416,19.357999801635742,18.86199951171875,18.98200035095215,18.98200035095215,284.7300052642822,88795500
TSLA,2018-06-01,19.05733299255371,19.463333129882813,18.922666549682617,19.454666137695313,19.454666137695313,291.8199920654297,81366000
TSLA,2018-06-04,19.62266731262207,19.933332443237305,19.56999969482422,19.78266716003418,19.78266716003418,296.7400074005127,71967000
TSLA,2018-06-05,19.84666633605957,19.85333251953125,19.115999221801758,19.408666610717773,19.408666610717773,291.1299991607666,89928000
TSLA,2018-06-06,20.03333282470703,21.47800064086914,19.832000732421875,21.299999237060547,21.299999237060547,319.4999885559082,281509500
TSLA,2018-06-07,21.07666778564453,22,20.905332565307617,21.07266616821289,21.07266616821289,316.08999252319336,215179500
TSLA,2018-06-08,21.266666412353516,21.631999969482422,21.143333435058594,21.17733383178711,21.17733383178711,317.66000747680664,123078000
TSLA,2018-06-11,21.500667572021484,22.310667037963867,21.5,22.139999389648438,22.139999389648438,332.09999084472656,197752500
TSLA,2018-06-12,22.979999542236328,23.6646671295166,22.53333282470703,22.851333618164063,22.851333618164063,342.77000427246094,335211000
TSLA,2018-06-13,23.11400032043457,23.14666748046875,22.65333366394043,22.985332489013672,22.985332489013672,344.7799873352051,142047000
TSLA,2018-06-14,23.17533302307129,23.916667938232422,23.106666564941406,23.847999572753906,23.847999572753906,357.7199935913086,164715000
TSLA,2018-06-15,23.589332580566406,24.31133270263672,23.416667938232422,23.878000259399414,23.878000259399414,358.1700038909912,162724500
TSLA,2018-06-18,23.69333267211914,24.915332794189453,23.633333206176758,24.722000122070313,24.722000122070313,370.8300018310547,181098000
TSLA,2018-06-19,24.3439998626709,24.666667938232422,23.083332061767578,23.503332138061523,23.503332138061523,352.54998207092285,191428500
TSLA,2018-06-20,23.869333267211914,24.29199981689453,23.46666717529297,24.148000717163086,24.148000717163086,362.2200107574463,125755500
TSLA,2018-06-21,24.133333206176758,24.413999557495117,23.084667205810547,23.167333602905273,23.167333602905273,347.5100040435791,119506500
TSLA,2018-06-22,23.43600082397461,23.483333587646484,22.133333206176758,22.242000579833984,22.242000579833984,333.63000869750977,153991500
TSLA,2018-06-25,22.007999420166016,22.564666748046875,21.833332061767578,22.200666427612305,22.200666427612305,333.00999641418457,103969500
TSLA,2018-06-26,22.40333366394043,22.90333366394043,21.719999313354492,22.799999237060547,22.799999237060547,341.9999885559082,111787500
TSLA,2018-06-27,23,23.38599967956543,22.633333206176758,22.96666717529297,22.96666717529297,344.50000762939453,125005500
TSLA,2018-06-28,23.243999481201172,23.801332473754883,23.073999404907227,23.32866668701172,23.32866668701172,349.9300003051758,125970000
TSLA,2018-06-29,23.55533218383789,23.590667724609375,22.827333450317383,22.863332748413086,22.863332748413086,342.9499912261963,97386000
TSLA,2018-07-02,24.004667282104492,24.318666458129883,21.989999771118164,22.33799934387207,22.33799934387207,335.06999015808105,281397000
TSLA,2018-07-03,22.116666793823242,22.166000366210938,20.645999908447266,20.724000930786133,20.724000930786133,310.860013961792,184239000
TSLA,2018-07-05,20.917333602905273,20.959333419799805,19.74799919128418,20.610666275024414,20.610666275024414,309.1599941253662,262146000
TSLA,2018-07-06,20.329999923706055,20.80466651916504,20.133333206176758,20.593332290649414,20.593332290649414,308.8999843597412,132982500
TSLA,2018-07-09,20.799333572387695,21.23466682434082,20.53333282470703,21.233999252319336,21.233999252319336,318.50998878479004,113952000
TSLA,2018-07-10,21.637332916259766,21.845333099365234,21.280000686645508,21.49799919128418,21.49799919128418,322.4699878692627,142072500
TSLA,2018-07-11,21.053333282470703,21.46266746520996,21.004667282104492,21.263999938964844,21.263999938964844,318.95999908447266,73261500
TSLA,2018-07-12,21.428667068481445,21.548667907714844,20.851333618164063,21.11400032043457,21.11400032043457,316.71000480651855,85818000
TSLA,2018-07-13,21.038667678833008,21.30533218383789,20.616666793823242,21.257999420166016,21.257999420166016,318.86999130249023,88047000
TSLA,2018-07-16,20.78066635131836,21.01066780090332,20.416667938232422,20.67333221435547,20.67333221435547,310.09998321533203,117280500
TSLA,2018-07-17,20.58733367919922,21.64933204650879,20.566667556762695,21.512666702270508,21.512666702270508,322.6900005340576,104943000
TSLA,2018-07-18,21.666667938232422,21.700000762939453,21.083332061767578,21.59000015258789,21.59000015258789,323.85000228881836,84363000
TSLA,2018-07-19,21.088666915893555,21.569332122802734,20.93400001525879,21.34866714477539,21.34866714477539,320.23000717163086,88729500
TSLA,2018-07-20,21.415332794189453,21.549333572387695,20.78066635131836,20.905332565307617,20.905332565307617,313.57998847961426,77433000
TSLA,2018-07-23,20.12266731262207,20.366666793823242,19.52400016784668,20.213333129882813,20.213333129882813,303.1999969482422,164893500
TSLA,2018-07-24,20.294666290283203,20.514667510986328,19.503332138061523,19.82866668701172,19.82866668701172,297.4300003051758,143862000
TSLA,2018-07-25,19.78266716003418,20.641332626342773,19.633333206176758,20.582666397094727,20.582666397094727,308.7399959564209,106131000
TSLA,2018-07-26,20.323333740234375,20.713333129882813,20.242666244506836,20.44333267211914,20.44333267211914,306.6499900817871,69457500
TSLA,2018-07-27,20.483333587646484,20.512666702270508,19.689332962036133,19.812000274658203,19.812000274658203,297.18000411987305,85549500
TSLA,2018-07-30,19.726667404174805,19.739999771118164,19.075332641601563,19.344667434692383,19.344667434692383,290.17001152038574,102211500
TSLA,2018-07-31,19.483333587646484,19.88800048828125,19.271333694458008,19.875999450683594,19.875999450683594,298.1399917602539,76153500
TSLA,2018-08-01,19.865999221801758,20.200000762939453,19.53333282470703,20.055999755859375,20.055999755859375,300.8399963378906,151941000
TSLA,2018-08-02,21.895999908447266,23.332666397094727,21.54400062561035,23.30266761779785,23.30266761779785,349.5400142669678,348225000
TSLA,2018-08-03,23.187332153320313,23.666667938232422,22.8353328704834,23.211332321166992,23.211332321166992,348.1699848175049,204847500
TSLA,2018-08-06,23.03066635131836,23.665332794189453,22.788000106811523,22.799333572387695,22.799333572387695,341.99000358581543,128464500
TSLA,2018-08-07,22.922666549682617,25.83066749572754,22.610000610351563,25.30466651916504,25.30466651916504,379.5699977874756,463137000
TSLA,2018-08-08,24.606000900268555,25.50933265686035,24.474666595458984,24.689332962036133,24.689332962036133,370.339994430542,368568000
TSLA,2018-08-09,24.3700008392334,24.46733283996582,23.048667907714844,23.496667861938477,23.496667861938477,352.45001792907715,257757000
TSLA,2018-08-10,23.600000381469727,24,23.066667556762695,23.69933319091797,23.69933319091797,355.48999786376953,173280000
TSLA,2018-08-13,24.075332641601563,24.21266746520996,23.26799964904785,23.76066780090332,23.76066780090332,356.4100170135498,156958500
TSLA,2018-08-14,23.89666748046875,23.946666717529297,23.139999389648438,23.176000595092773,23.176000595092773,347.6400089263916,104796000
TSLA,2018-08-15,22.79400062561035,22.965999603271484,22.142667770385742,22.57933235168457,22.57933235168457,338.68998527526855,136519500
TSLA,2018-08-16,22.660667419433594,22.818666458129883,22.254667282104492,22.363332748413086,22.363332748413086,335.4499912261963,90960000
TSLA,2018-08-17,21.566667556762695,21.784666061401367,20.235332489013672,20.366666793823242,20.366666793823242,305.50000190734863,284379000
TSLA,2018-08-20,19.446666717529297,20.566667556762695,19.213333129882813,20.562667846679688,20.562667846679688,308.4400177001953,261034500
TSLA,2018-08-21,20.707332611083984,21.652666091918945,20.600000381469727,21.459999084472656,21.459999084472656,321.89998626708984,197583000
TSLA,2018-08-22,21.391332626342773,21.591999053955078,20.97800064086914,21.44266700744629,21.44266700744629,321.64000511169434,89190000
TSLA,2018-08-23,21.275999069213867,21.821332931518555,21.206666946411133,21.34000015258789,21.34000015258789,320.10000228881836,77209500
TSLA,2018-08-24,21.3799991607666,21.59000015258789,21.293333053588867,21.521333694458008,21.521333694458008,322.8200054168701,54039000
TSLA,2018-08-27,21.200000762939453,21.496000289916992,20.58733367919922,21.284666061401367,21.284666061401367,319.2699909210205,196189500
TSLA,2018-08-28,21.227333068847656,21.2586669921875,20.746000289916992,20.790666580200195,20.790666580200195,311.85999870300293,114736500
TSLA,2018-08-29,20.684667587280273,20.790000915527344,20.246000289916992,20.333999633789063,20.333999633789063,305.00999450683594,111711000
TSLA,2018-08-30,20.150667190551758,20.30666732788086,19.847999572753906,20.209999084472656,20.209999084472656,303.14998626708984,108250500
TSLA,2018-08-31,20.133333206176758,20.354000091552734,19.906667709350586,20.110666275024414,20.110666275024414,301.6599941253662,80626500
TSLA,2018-09-04,19.79599952697754,19.87933349609375,19.200000762939453,19.26333236694336,19.26333236694336,288.9499855041504,125257500
TSLA,2018-09-05,19.003332138061523,19.118667602539063,18.478666305541992,18.715999603271484,18.715999603271484,280.73999404907227,115812000
TSLA,2018-09-06,18.98666763305664,19.411333084106445,18.591999053955078,18.729999542236328,18.729999542236328,280.9499931335449,112212000
TSLA,2018-09-07,17.34000015258789,17.889999389648438,16.816667556762695,17.549333572387695,17.549333572387695,263.24000358581543,337378500
TSLA,2018-09-10,18.21733283996582,19.068666458129883,18.066667556762695,19.03333282470703,19.03333282470703,285.49999237060547,214252500
TSLA,2018-09-11,18.631332397460938,18.799999237060547,18.23666763305664,18.62933349609375,18.62933349609375,279.44000244140625,137550000
TSLA,2018-09-12,18.762666702270508,19.5,18.57666778564453,19.369333267211914,19.369333267211914,290.5399990081787,150231000
TSLA,2018-09-13,19.201332092285156,19.666667938232422,19.011999130249023,19.297332763671875,19.297332763671875,289.4599914550781,95104500
TSLA,2018-09-14,19.250667572021484,19.82200050354004,19.101333618164063,19.68000030517578,19.68000030517578,295.2000045776367,101484000
TSLA,2018-09-17,19.336000442504883,20.058000564575195,19.208667755126953,19.6560001373291,19.6560001373291,294.8400020599365,103314000
TSLA,2018-09-18,19.779333114624023,20.176000595092773,18.366666793823242,18.997333526611328,18.997333526611328,284.9600028991699,248212500
TSLA,2018-09-19,18.700666427612305,20,18.700000762939453,19.934667587280273,19.934667587280273,299.0200138092041,124423500
TSLA,2018-09-20,20.237333297729492,20.398666381835938,19.55533218383789,19.8886661529541,19.8886661529541,298.3299922943115,110241000
TSLA,2018-09-21,19.84666633605957,20.038667678833008,19.691333770751953,19.940000534057617,19.940000534057617,299.10000801086426,75757500
TSLA,2018-09-24,19.898666381835938,20.200000762939453,19.57200050354004,19.978666305541992,19.978666305541992,299.6799945831299,72645000
TSLA,2018-09-25,20,20.30666732788086,19.766666412353516,20.06599998474121,20.06599998474121,300.98999977111816,67225500
TSLA,2018-09-26,20.12733268737793,20.926000595092773,20.073999404907227,20.6386661529541,20.6386661529541,309.5799922943115,117648000
TSLA,2018-09-27,20.860000610351563,20.997333526611328,20.46066665649414,20.501333236694336,20.501333236694336,307.51999855041504,127636500
TSLA,2018-09-28,18.017332077026367,18.53333282470703,17.37066650390625,17.65133285522461,17.65133285522461,264.76999282836914,504745500
TSLA,2018-10-01,20.384666442871094,20.762666702270508,20.06999969482422,20.713333129882813,20.713333129882813,310.6999969482422,326664000
TSLA,2018-10-02,20.93000030517578,21.12266731262207,19.94333267211914,20.06800079345703,20.06800079345703,301.02001190185547,176152500
TSLA,2018-10-03,20.222000122070313,20.30666732788086,19.437999725341797,19.65333366394043,19.65333366394043,294.80000495910645,119925000
TSLA,2018-10-04,19.59666633605957,19.600000381469727,18.511333465576172,18.788667678833008,18.788667678833008,281.8300151824951,147213000
TSLA,2018-10-05,18.309999465942383,18.325332641601563,17.333332061767578,17.463333129882813,17.463333129882813,261.9499969482422,269167500
TSLA,2018-10-08,17.634666442871094,17.85066795349121,16.600000381469727,16.70400047302246,16.70400047302246,250.5600070953369,202090500
TSLA,2018-10-09,17.016666412353516,17.784666061401367,16.886667251586914,17.520000457763672,17.520000457763672,262.8000068664551,180909000
TSLA,2018-10-10,17.640666961669922,17.700666427612305,16.51799964904785,17.125333786010742,17.125333786010742,256.88000679016113,192229500
TSLA,2018-10-11,17.16866683959961,17.483333587646484,16.601999282836914,16.815332412719727,16.815332412719727,252.2299861907959,122515500
TSLA,2018-10-12,17.399999618530273,17.465999603271484,16.80066680908203,17.25200080871582,17.25200080871582,258.7800121307373,108021000
TSLA,2018-10-15,17.270666122436523,17.552000045776367,16.96933364868164,17.305999755859375,17.305999755859375,259.5899963378906,93000000
TSLA,2018-10-16,17.713333129882813,18.492000579833984,17.482667922973633,18.439332962036133,18.439332962036133,276.589994430542,142896000
TSLA,2018-10-17,18.82666778564453,18.84666633605957,17.719999313354492,18.118667602539063,18.118667602539063,271.78001403808594,129832500
TSLA,2018-10-18,17.952667236328125,18.066667556762695,17.53333282470703,17.5939998626709,17.5939998626709,263.9099979400635,81318000
TSLA,2018-10-19,17.826000213623047,17.977333068847656,16.899999618530273,17.333332061767578,17.333332061767578,259.9999809265137,140632500
TSLA,2018-10-22,17.3786678314209,17.457332611083984,16.839332580566406,17.39666748046875,17.39666748046875,260.95001220703125,84004500
TSLA,2018-10-23,17.591333389282227,19.86199951171875,17.47333335876465,19.609333038330078,19.609333038330078,294.1399955749512,285417000
TSLA,2018-10-24,20.06999969482422,20.29599952697754,19.048667907714844,19.233333587646484,19.233333587646484,288.50000381469727,300874500
TSLA,2018-10-25,21.148000717163086,21.399999618530273,20.067333221435547,20.99066734313965,20.99066734313965,314.8600101470947,312610500
TSLA,2018-10-26,20.549999237060547,22.65999984741211,20.44333267211914,22.059999465942383,22.059999465942383,330.89999198913574,411382500
TSLA,2018-10-29,22.49799919128418,23.143999099731445,21.766666412353516,22.323333740234375,22.323333740234375,334.8500061035156,217290000
TSLA,2018-10-30,21.892667770385742,22.52666664123535,21.483999252319336,21.99333381652832,21.99333381652832,329.9000072479248,136900500
TSLA,2018-10-31,22.16933250427246,22.799999237060547,21.940000534057617,22.488000869750977,22.488000869750977,337.32001304626465,114364500
TSLA,2018-11-01,22.55066680908203,23.189332962036133,22.315332412719727,22.95199966430664,22.95199966430664,344.2799949645996,120001500
TSLA,2018-11-02,22.916000366210938,23.280000686645508,22.727333068847656,23.0939998626709,23.0939998626709,346.4099979400635,117120000
TSLA,2018-11-05,22.700000762939453,22.930667877197266,22.00933265686035,22.760000228881836,22.760000228881836,341.40000343322754,117465000
TSLA,2018-11-06,22.60466766357422,23.253332138061523,22.4060001373291,22.737333297729492,22.737333297729492,341.0599994659424,101443500
TSLA,2018-11-07,22.889333724975586,23.41200065612793,22.719999313354492,23.21066665649414,23.21066665649414,348.1599998474121,110617500
TSLA,2018-11-08,23.233333587646484,23.838666915893555,23.229333877563477,23.426666259765625,23.426666259765625,351.3999938964844,106360500
TSLA,2018-11-09,23.266666412353516,23.600000381469727,23.01533317565918,23.367332458496094,23.367332458496094,350.5099868774414,76482000
TSLA,2018-11-12,23.224666595458984,23.318666458129883,22.022666931152344,22.0853328704834,22.0853328704834,331.279993057251,104122500
TSLA,2018-11-13,22.21066665649414,22.979999542236328,22.14666748046875,22.582000732421875,22.582000732421875,338.7300109863281,81729000
TSLA,2018-11-14,22.84666633605957,23.140666961669922,22.476667404174805,22.933332443237305,22.933332443237305,343.99998664855957,75604500
TSLA,2018-11-15,22.82200050354004,23.238666534423828,22.6026668548584,23.229333877563477,23.229333877563477,348.44000816345215,69385500
TSLA,2018-11-16,23.012666702270508,23.713333129882813,23.007999420166016,23.62066650390625,23.62066650390625,354.30999755859375,108093000
TSLA,2018-11-19,23.756000518798828,24.450000762939453,23.525333404541016,23.564666748046875,23.564666748046875,353.4700012207031,145633500
TSLA,2018-11-20,22.78333282470703,23.31999969482422,22.23666763305664,23.166000366210938,23.166000366210938,347.49000549316406,120070500
TSLA,2018-11-21,23.46666717529297,23.540000915527344,22.49333381652832,22.54599952697754,22.54599952697754,338.1899929046631,70302000
TSLA,2018-11-23,22.290000915527344,22.5,21.703332901000977,21.722000122070313,21.722000122070313,325.8300018310547,63039000
TSLA,2018-11-26,21.666667938232422,23.08133316040039,21.666667938232422,23.066667556762695,23.066667556762695,346.00001335144043,119881500
TSLA,2018-11-27,22.670000076293945,23.130666732788086,22.366666793823242,22.92799949645996,22.92799949645996,343.9199924468994,95374500
TSLA,2018-11-28,23.06599998474121,23.218666076660156,22.81399917602539,23.191333770751953,23.191333770751953,347.8700065612793,61914000
TSLA,2018-11-29,23.133333206176758,23.166667938232422,22.636667251586914,22.744667053222656,22.744667053222656,341.17000579833984,46210500
TSLA,2018-11-30,22.788667678833008,23.440000534057617,22.55066680908203,23.365333557128906,23.365333557128906,350.4800033569336,84436500
TSLA,2018-12-03,24,24.399999618530273,23.46666717529297,23.89933204650879,23.89933204650879,358.48998069763184,124597500
TSLA,2018-12-04,23.73666763305664,24.57866668701172,23.46666717529297,23.979999542236328,23.979999542236328,359.6999931335449,126928500
TSLA,2018-12-06,23.733999252319336,24.492000579833984,23.384000778198242,24.20400047302246,24.20400047302246,363.0600070953369,117637500
TSLA,2018-12-07,24.600000381469727,25.299333572387695,23.843332290649414,23.864667892456055,23.864667892456055,357.9700183868408,172668000
TSLA,2018-12-10,24,24.398666381835938,23.541332244873047,24.343332290649414,24.343332290649414,365.1499843597412,99202500
TSLA,2018-12-11,24.660667419433594,24.81133270263672,24.01533317565918,24.450666427612305,24.450666427612305,366.75999641418457,94632000
TSLA,2018-12-12,24.628000259399414,24.79400062561035,24.3439998626709,24.440000534057617,24.440000534057617,366.60000801086426,75405000
TSLA,2018-12-13,24.676666259765625,25.16266632080078,24.450000762939453,25.119333267211914,25.119333267211914,376.7899990081787,110488500
TSLA,2018-12-14,25,25.191333770751953,24.288667678833008,24.380666732788086,24.380666732788086,365.7100009918213,95064000
TSLA,2018-12-17,24.133333206176758,24.3799991607666,22.92533302307129,23.22800064086914,23.22800064086914,348.4200096130371,115110000
TSLA,2018-12-18,23.369333267211914,23.43666648864746,22.246000289916992,22.468666076660156,22.468666076660156,337.02999114990234,106500000
TSLA,2018-12-19,22.50666618347168,23.134000778198242,21.982667922973633,22.197999954223633,22.197999954223633,332.9699993133545,124113000
TSLA,2018-12-20,21.803333282470703,22.019332885742188,20.791332244873047,21.025333404541016,21.025333404541016,315.38000106811523,136078500
TSLA,2018-12-21,21.15999984741211,21.564666748046875,20.82933235168457,21.31800079345703,21.31800079345703,319.77001190185547,120252000
TSLA,2018-12-24,20.899999618530273,20.96666717529297,19.68000030517578,19.69266700744629,19.69266700744629,295.39000511169434,83398500
TSLA,2018-12-26,20,21.79800033569336,19.606000900268555,21.73933219909668,21.73933219909668,326.0899829864502,122446500
TSLA,2018-12-27,21.32266616821289,21.47800064086914,20.100000381469727,21.075332641601563,21.075332641601563,316.12998962402344,128626500
TSLA,2018-12-28,21.540000915527344,22.416000366210938,21.227333068847656,22.257999420166016,22.257999420166016,333.86999130249023,149085000
TSLA,2018-12-31,22.519332885742188,22.61400032043457,21.68400001525879,22.18666648864746,22.18666648864746,332.7999973297119,94534500
TSLA,2019-01-02,20.406667709350586,21.0086669921875,19.920000076293945,20.674667358398438,20.674667358398438,310.12001037597656,174879000
TSLA,2019-01-03,20.46666717529297,20.626667022705078,19.825332641601563,20.02400016784668,20.02400016784668,300.3600025177002,104478000
TSLA,2019-01-04,20.399999618530273,21.200000762939453,20.18199920654297,21.179332733154297,21.179332733154297,317.68999099731445,110911500
TSLA,2019-01-07,21.447999954223633,22.44933319091797,21.183332443237305,22.33066749572754,22.33066749572754,334.9600124359131,113268000
TSLA,2019-01-08,22.797332763671875,22.93400001525879,21.801332473754883,22.356666564941406,22.356666564941406,335.3499984741211,105127500
TSLA,2019-01-09,22.366666793823242,22.899999618530273,22.097999572753906,22.568666458129883,22.568666458129883,338.52999687194824,81493500
TSLA,2019-01-10,22.293333053588867,23.025999069213867,22.119333267211914,22.99799919128418,22.99799919128418,344.9699878692627,90846000
TSLA,2019-01-11,22.805999755859375,23.227333068847656,22.584667205810547,23.150667190551758,23.150667190551758,347.26000785827637,75586500
TSLA,2019-01-14,22.825332641601563,22.833332061767578,22.266666412353516,22.293333053588867,22.293333053588867,334.399995803833,78709500
TSLA,2019-01-15,22.333332061767578,23.253332138061523,22.299999237060547,22.961999893188477,22.961999893188477,344.42999839782715,90849000
TSLA,2019-01-16,22.985332489013672,23.46666717529297,22.899999618530273,23.06999969482422,23.06999969482422,346.0499954223633,70375500
TSLA,2019-01-17,23.08066749572754,23.433332443237305,22.94333267211914,23.15399932861328,23.15399932861328,347.3099899291992,55150500
TSLA,2019-01-18,21.53333282470703,21.808666229248047,19.98200035095215,20.150667190551758,20.150667190551758,302.26000785827637,362262000
TSLA,2019-01-22,20.321332931518555,20.53333282470703,19.700000762939453,19.92799949645996,19.92799949645996,298.9199924468994,181000500
TSLA,2019-01-23,19.5,19.633333206176758,18.779333114624023,19.172666549682617,19.172666549682617,287.58999824523926,187950000
TSLA,2019-01-24,18.868667602539063,19.57866668701172,18.618667602539063,19.43400001525879,19.43400001525879,291.51000022888184,120183000
TSLA,2019-01-25,19.625999450683594,19.90133285522461,19.303333282470703,19.80266761779785,19.80266761779785,297.0400142669678,108744000
TSLA,2019-01-28,19.527332305908203,19.83066749572754,19.183332443237305,19.7586669921875,19.7586669921875,296.3800048828125,96349500
TSLA,2019-01-29,19.684667587280273,19.90399932861328,19.453332901000977,19.83066749572754,19.83066749572754,297.4600124359131,69325500
TSLA,2019-01-30,20.030000686645508,20.600000381469727,19.89933204650879,20.584667205810547,20.584667205810547,308.7700080871582,168754500
TSLA,2019-01-31,20.066667556762695,20.770666122436523,19.600000381469727,20.468000411987305,20.468000411987305,307.02000617980957,188538000
TSLA,2019-02-01,20.3613338470459,21.073333740234375,20.233333587646484,20.81399917602539,20.81399917602539,312.20998764038086,109251000
TSLA,2019-02-04,20.865333557128906,21.020000457763672,20.125333786010742,20.859333038330078,20.859333038330078,312.8899955749512,110281500
TSLA,2019-02-05,20.832666397094727,21.496000289916992,20.816667556762695,21.42333221435547,21.42333221435547,321.34998321533203,101142000
TSLA,2019-02-06,21.305999755859375,21.615999221801758,21.041332244873047,21.148000717163086,21.148000717163086,317.2200107574463,75577500
TSLA,2019-02-07,20.886667251586914,20.979999542236328,20.200000762939453,20.500667572021484,20.500667572021484,307.51001358032227,97809000
TSLA,2019-02-08,20.455333709716797,20.496667861938477,19.899999618530273,20.386667251586914,20.386667251586914,305.8000087738037,87663000
TSLA,2019-02-11,20.773332595825195,21.239999771118164,20.700000762939453,20.856000900268555,20.856000900268555,312.8400135040283,106945500
TSLA,2019-02-12,21.079999923706055,21.21266746520996,20.641332626342773,20.78733253479004,20.78733253479004,311.8099880218506,82764000
TSLA,2019-02-13,20.823333740234375,20.850000381469727,20.3713321685791,20.544666290283203,20.544666290283203,308.16999435424805,77124000
TSLA,2019-02-14,20.225332260131836,20.451332092285156,20.066667556762695,20.251333236694336,20.251333236694336,303.76999855041504,78012000
TSLA,2019-02-15,20.299999237060547,20.53333282470703,20.260000228881836,20.525333404541016,20.525333404541016,307.88000106811523,58573500
TSLA,2019-02-19,20.437332153320313,20.769332885742188,20.364667892456055,20.375999450683594,20.375999450683594,305.6399917602539,62526000
TSLA,2019-02-20,20.29400062561035,20.420000076293945,19.933332443237305,20.17066764831543,20.17066764831543,302.56001472473145,107131500
TSLA,2019-02-21,20.12066650390625,20.215999603271484,19.366666793823242,19.415332794189453,19.415332794189453,291.2299919128418,133638000
TSLA,2019-02-22,19.632667541503906,19.766666412353516,19.47333335876465,19.6473331451416,19.6473331451416,294.709997177124,86109000
TSLA,2019-02-25,19.860666275024414,20.19333267211914,19.799999237060547,19.917999267578125,19.917999267578125,298.7699890136719,99397500
TSLA,2019-02-26,19.481332778930664,20.134000778198242,19.251333236694336,19.857332229614258,19.857332229614258,297.85998344421387,128737500
TSLA,2019-02-27,20.118667602539063,21.086666107177734,20.036666870117188,20.982667922973633,20.982667922973633,314.7400188446045,167758500
TSLA,2019-02-28,21.261333465576172,21.333332061767578,20.720666885375977,21.325332641601563,21.325332641601563,319.87998962402344,157810500
TSLA,2019-03-01,20.46266746520996,20.475332260131836,19.459999084472656,19.652666091918945,19.652666091918945,294.7899913787842,343671000
TSLA,2019-03-04,19.874666213989258,19.933332443237305,18.851999282836914,19.02400016784668,19.02400016784668,285.3600025177002,256452000
TSLA,2019-03-05,18.799999237060547,18.933332443237305,18.00666618347168,18.43600082397461,18.43600082397461,276.54001235961914,281470500
TSLA,2019-03-06,18.43199920654297,18.767332077026367,18.292667388916016,18.416000366210938,18.416000366210938,276.24000549316406,155032500
TSLA,2019-03-07,18.589332580566406,18.979999542236328,18.28333282470703,18.439332962036133,18.439332962036133,276.589994430542,141637500
TSLA,2019-03-08,18.46066665649414,19.03933334350586,18.392667770385742,18.94266700744629,18.94266700744629,284.14000511169434,132294000
TSLA,2019-03-11,18.90133285522461,19.41866683959961,18.700000762939453,19.39466667175293,19.39466667175293,290.92000007629395,110884500
TSLA,2019-03-12,19.099332809448242,19.204666137695313,18.737333297729492,18.890666961669922,18.890666961669922,283.3600044250488,112561500
TSLA,2019-03-13,18.926666259765625,19.465999603271484,18.84666633605957,19.263999938964844,19.263999938964844,288.95999908447266,102670500
TSLA,2019-03-14,19.496667861938477,19.69266700744629,19.21933364868164,19.33066749572754,19.33066749572754,289.9600124359131,106551000
TSLA,2019-03-15,18.900667190551758,18.9146671295166,18.293333053588867,18.36199951171875,18.36199951171875,275.42999267578125,221782500
TSLA,2019-03-18,18.399999618530273,18.536666870117188,17.81999969482422,17.965999603271484,17.965999603271484,269.48999404907227,154215000
TSLA,2019-03-19,17.833332061767578,18.219999313354492,17.56399917602539,17.83133316040039,17.83133316040039,267.46999740600586,177009000
TSLA,2019-03-20,17.979333877563477,18.33133316040039,17.753332138061523,18.239999771118164,18.239999771118164,273.59999656677246,103623000
TSLA,2019-03-21,18.17333221435547,18.43000030517578,17.89666748046875,18.26799964904785,18.26799964904785,274.0199947357178,89206500
TSLA,2019-03-22,18.172000885009766,18.18666648864746,17.600000381469727,17.635332107543945,17.635332107543945,264.5299816131592,131184000
TSLA,2019-03-25,17.31399917602539,17.545333862304688,16.964000701904297,17.3613338470459,17.3613338470459,260.4200077056885,153225000
TSLA,2019-03-26,17.62933349609375,18.017332077026367,17.6286678314209,17.851333618164063,17.851333618164063,267.77000427246094,110263500
TSLA,2019-03-27,17.916667938232422,18.357999801635742,17.8786678314209,18.32200050354004,18.32200050354004,274.8300075531006,131688000
TSLA,2019-03-28,18.477333068847656,18.68866729736328,18.34000015258789,18.57466697692871,18.57466697692871,278.62000465393066,101611500
TSLA,2019-03-29,18.579999923706055,18.67733383178711,18.299999237060547,18.657333374023438,18.657333374023438,279.86000061035156,89869500
TSLA,2019-04-01,18.841333389282227,19.280000686645508,18.75200080871582,19.278667449951172,19.278667449951172,289.1800117492676,121656000
TSLA,2019-04-02,19.219999313354492,19.29599952697754,18.92533302307129,19.058666229248047,19.058666229248047,285.8799934387207,82183500
TSLA,2019-04-03,19.154666900634766,19.744667053222656,19.14466667175293,19.45400047302246,19.45400047302246,291.8100070953369,118791000
TSLA,2019-04-04,17.459333419799805,18.079999923706055,17.37266731262207,17.851999282836914,17.851999282836914,267.7799892425537,355810500
TSLA,2019-04-05,17.99066734313965,18.406667709350586,17.74066734313965,18.33066749572754,18.33066749572754,274.9600124359131,195574500
TSLA,2019-04-08,18.512666702270508,18.743999481201172,18.029333114624023,18.213333129882813,18.213333129882813,273.1999969482422,156156000
TSLA,2019-04-09,18.110000610351563,18.333332061767578,17.974000930786133,18.15399932861328,18.15399932861328,272.3099899291992,88560000
TSLA,2019-04-10,18.44933319091797,18.558666229248047,18.19266700744629,18.40399932861328,18.40399932861328,276.0599899291992,105919500
TSLA,2019-04-11,17.886667251586914,18.03333282470703,17.706666946411133,17.89466667175293,17.89466667175293,268.42000007629395,147538500
TSLA,2019-04-12,18.014667510986328,18.1299991607666,17.788667678833008,17.84666633605957,17.84666633605957,267.69999504089355,101190000
TSLA,2019-04-15,17.908666610717773,17.92533302307129,17.242000579833984,17.7586669921875,17.7586669921875,266.3800048828125,150579000
TSLA,2019-04-16,17.71666717529297,18.333332061767578,17.648000717163086,18.224000930786133,18.224000930786133,273.360013961792,109093500
TSLA,2019-04-17,18.316667556762695,18.319332122802734,17.902666091918945,18.082000732421875,18.082000732421875,271.2300109863281,76897500
TSLA,2019-04-18,18.082000732421875,18.32266616821289,17.983333587646484,18.21733283996582,18.21733283996582,273.2599925994873,88144500
TSLA,2019-04-22,17.933332443237305,17.978666305541992,17.498666763305664,17.516666412353516,17.516666412353516,262.74999618530273,182206500
TSLA,2019-04-23,17.343332290649414,17.706666946411133,17.049999237060547,17.593332290649414,17.593332290649414,263.8999843597412,164158500
TSLA,2019-04-24,17.59000015258789,17.687999725341797,17.200000762939453,17.243999481201172,17.243999481201172,258.6599922180176,160912500
TSLA,2019-04-25,17,17.266666412353516,16.404666900634766,16.5086669921875,16.5086669921875,247.6300048828125,327741000
TSLA,2019-04-26,16.433332443237305,16.44533348083496,15.408666610717773,15.675999641418457,15.675999641418457,235.13999462127686,335410500
TSLA,2019-04-29,15.723999977111816,16.26533317565918,15.477999687194824,16.097999572753906,16.097999572753906,241.4699935913086,250717500
TSLA,2019-04-30,16.137332916259766,16.28066635131836,15.800000190734863,15.912667274475098,15.912667274475098,238.69000911712646,141969000
TSLA,2019-05-01,15.923333168029785,16,15.433333396911621,15.600666999816895,15.600666999816895,234.01000499725342,160566000
TSLA,2019-05-02,16.368000030517578,16.475332260131836,15.847999572753906,16.273332595825195,16.273332595825195,244.09998893737793,272389500
TSLA,2019-05-03,16.257333755493164,17.107332229614258,16.232667922973633,17.00200080871582,17.00200080871582,255.0300121307373,355602000
TSLA,2019-05-06,16.667999267578125,17.22333335876465,16.566667556762695,17.022666931152344,17.022666931152344,255.34000396728516,162508500
TSLA,2019-05-07,17.1200008392334,17.1473331451416,16.34000015258789,16.470666885375977,16.470666885375977,247.06000328063965,151971000
TSLA,2019-05-08,16.46266746520996,16.706666946411133,16.280000686645508,16.32266616821289,16.32266616821289,244.83999252319336,92646000
TSLA,2019-05-09,16.133333206176758,16.245332717895508,15.795999526977539,16.131999969482422,16.131999969482422,241.97999954223633,100671000
TSLA,2019-05-10,15.983332633972168,16.132667541503906,15.73466682434082,15.968000411987305,15.968000411987305,239.52000617980957,105124500
TSLA,2019-05-13,15.46733283996582,15.498000144958496,14.966667175292969,15.133999824523926,15.133999824523926,227.0099973678589,162522000
TSLA,2019-05-14,15.286666870117188,15.633333206176758,15.199999809265137,15.487333297729492,15.487333297729492,232.30999946594238,108786000
TSLA,2019-05-15,15.288000106811523,15.496000289916992,15.016667366027832,15.463333129882813,15.463333129882813,231.9499969482422,109440000
TSLA,2019-05-16,15.299332618713379,15.399999618530273,15.100000381469727,15.222000122070313,15.222000122070313,228.3300018310547,112249500
TSLA,2019-05-17,14.797332763671875,14.815999984741211,13.928000450134277,14.0686674118042,14.0686674118042,211.030011177063,266800500
TSLA,2019-05-20,13.520000457763672,13.733332633972168,13.016667366027832,13.690667152404785,13.690667152404785,205.36000728607178,307893000
TSLA,2019-05-21,13.184000015258789,13.826666831970215,13.06933307647705,13.67199993133545,13.67199993133545,205.07999897003174,270058500
TSLA,2019-05-22,13.273332595825195,13.595999717712402,12.785332679748535,12.84866714477539,12.84866714477539,192.73000717163086,280278000
TSLA,2019-05-23,12.956000328063965,13.29800033569336,12.414667129516602,13.03266716003418,13.03266716003418,195.4900074005127,398206500
TSLA,2019-05-24,13.321999549865723,13.331999778747559,12.583333015441895,12.708666801452637,12.708666801452637,190.63000202178955,212049000
TSLA,2019-05-28,12.74666690826416,13,12.523332595825195,12.579999923706055,12.579999923706055,188.69999885559082,154693500
TSLA,2019-05-29,12.473333358764648,12.826000213623047,12.336000442504883,12.657333374023438,12.657333374023438,189.86000061035156,179529000
TSLA,2019-05-30,12.583333015441895,12.817333221435547,12.468000411987305,12.54800033569336,12.54800033569336,188.2200050354004,118897500
TSLA,2019-05-31,12.34000015258789,12.661333084106445,12.273332595825195,12.343999862670898,12.343999862670898,185.15999794006348,156100500
TSLA,2019-06-03,12.36733341217041,12.445332527160645,11.799332618713379,11.9313325881958,11.9313325881958,178.969988822937,195966000
TSLA,2019-06-04,12.073332786560059,12.932000160217285,11.973999977111816,12.90666675567627,12.90666675567627,193.60000133514404,207112500
TSLA,2019-06-05,13.245332717895508,13.41866683959961,12.789999961853027,13.105999946594238,13.105999946594238,196.58999919891357,202662000
TSLA,2019-06-06,13.629332542419434,14.066666603088379,13.453332901000977,13.729999542236328,13.729999542236328,205.94999313354492,303633000
TSLA,2019-06-07,13.666666984558105,14.055999755859375,13.566666603088379,13.633333206176758,13.633333206176758,204.49999809265137,240052500
TSLA,2019-06-10,14.016667366027832,14.462667465209961,13.934000015258789,14.192000389099121,14.192000389099121,212.88000583648682,158775000
TSLA,2019-06-11,14.609333038330078,14.726667404174805,14.233332633972168,14.473333358764648,14.473333358764648,217.10000038146973,174802500
TSLA,2019-06-12,14.863332748413086,14.892000198364258,13.933333396911621,13.950667381286621,13.950667381286621,209.26001071929932,227962500
TSLA,2019-06-13,14.025333404541016,14.326666831970215,13.833999633789063,14.260666847229004,14.260666847229004,213.91000270843506,122524500
TSLA,2019-06-14,14.083333015441895,14.44333267211914,14.026666641235352,14.32800006866455,14.32800006866455,214.92000102996826,111501000
TSLA,2019-06-17,14.36533260345459,15.133333206176758,14.284667015075684,15.001999855041504,15.001999855041504,225.02999782562256,184752000
TSLA,2019-06-18,15.248000144958496,15.649333000183105,14.837332725524902,14.982666969299316,14.982666969299316,224.74000453948975,190737000
TSLA,2019-06-19,15.007332801818848,15.184666633605957,14.737333297729492,15.095333099365234,15.095333099365234,226.42999649047852,98626500
TSLA,2019-06-20,14.866666793823242,15.126667022705078,14.423333168029785,14.641332626342773,14.641332626342773,219.6199893951416,177952500
TSLA,2019-06-21,14.414667129516602,14.812000274658203,14.366666793823242,14.790666580200195,14.790666580200195,221.85999870300293,123031500
TSLA,2019-06-24,14.88266658782959,15.057332992553711,14.73466682434082,14.909333229064941,14.909333229064941,223.63999843597412,86262000
TSLA,2019-06-25,14.959333419799805,15.022666931152344,14.63266658782959,14.650667190551758,14.650667190551758,219.76000785827637,92731500
TSLA,2019-06-26,14.687333106994629,15.148667335510254,14.539999961853027,14.618000030517578,14.618000030517578,219.27000045776367,127608000
TSLA,2019-06-27,14.630000114440918,14.859999656677246,14.489999771118164,14.855999946594238,14.855999946594238,222.83999919891357,95095500
TSLA,2019-06-28,14.732666969299316,15.011333465576172,14.720000267028809,14.897333145141602,14.897333145141602,223.45999717712402,102771000
TSLA,2019-07-01,15.347332954406738,15.539999961853027,15.085332870483398,15.14466667175293,15.14466667175293,227.17000007629395,123201000
TSLA,2019-07-02,15.259332656860352,15.276666641235352,14.814666748046875,14.970000267028809,14.970000267028809,224.55000400543213,138885000
TSLA,2019-07-03,15.959333419799805,16.10466766357422,15.633999824523926,15.65999984741211,15.65999984741211,234.89999771118164,213016500
TSLA,2019-07-05,15.637999534606934,15.696666717529297,15.386667251586914,15.539999961853027,15.539999961853027,233.0999994277954,105985500
TSLA,2019-07-08,15.416000366210938,15.483332633972168,15.244000434875488,15.355999946594238,15.355999946594238,230.33999919891357,88207500
TSLA,2019-07-09,15.264666557312012,15.399999618530273,15.152000427246094,15.337332725524902,15.337332725524902,230.05999088287354,92862000
TSLA,2019-07-10,15.609999656677246,15.929332733154297,15.542667388916016,15.928000450134277,15.928000450134277,238.92000675201416,137185500
TSLA,2019-07-11,15.87600040435791,16.100000381469727,15.720000267028809,15.90666675567627,15.90666675567627,238.60000133514404,112716000
TSLA,2019-07-12,15.983332633972168,16.358667373657227,15.980667114257813,16.338666915893555,16.338666915893555,245.08000373840332,138007500
TSLA,2019-07-15,16.53333282470703,16.961332321166992,16.323999404907227,16.899999618530273,16.899999618530273,253.4999942779541,165001500
TSLA,2019-07-16,16.6200008392334,16.902000427246094,16.528667449951172,16.825332641601563,16.825332641601563,252.37998962402344,122235000
TSLA,2019-07-17,17.044666290283203,17.220666885375977,16.889999389648438,16.99066734313965,16.99066734313965,254.86001014709473,146470500
TSLA,2019-07-18,17.003332138061523,17.049999237060547,16.792667388916016,16.902666091918945,16.902666091918945,253.53999137878418,71379000
TSLA,2019-07-19,17.04599952697754,17.33066749572754,16.974666595458984,17.211999893188477,17.211999893188477,258.17999839782715,105726000
TSLA,2019-07-22,17.25,17.476667404174805,16.945999145507813,17.045333862304688,17.045333862304688,255.6800079345703,102636000
TSLA,2019-07-23,17.11400032043457,17.365333557128906,16.96666717529297,17.344667434692383,17.344667434692383,260.17001152038574,75346500
TSLA,2019-07-24,17.277999877929688,17.738000869750977,17.21066665649414,17.658666610717773,17.658666610717773,264.8799991607666,166092000
TSLA,2019-07-25,15.566666603088379,15.633333206176758,15.036666870117188,15.254667282104492,15.254667282104492,228.82000923156738,336274500
TSLA,2019-07-26,15.128000259399414,15.350666999816895,14.816666603088379,15.202667236328125,15.202667236328125,228.04000854492188,150415500
TSLA,2019-07-29,15.13933277130127,15.72933292388916,15.0686674118042,15.718000411987305,15.718000411987305,235.77000617980957,139099500
TSLA,2019-07-30,15.526666641235352,16.224000930786133,15.478667259216309,16.150667190551758,16.150667190551758,242.26000785827637,121635000
TSLA,2019-07-31,16.200000762939453,16.44533348083496,15.776666641235352,16.107332229614258,16.107332229614258,241.60998344421387,137673000
TSLA,2019-08-01,16.176666259765625,16.30066680908203,15.451333045959473,15.59000015258789,15.59000015258789,233.85000228881836,123892500
TSLA,2019-08-02,15.423333168029785,15.751333236694336,15.281999588012695,15.62266731262207,15.62266731262207,234.34000968933105,92047500
TSLA,2019-08-05,15.30666732788086,15.424667358398438,15.052000045776367,15.221332550048828,15.221332550048828,228.31998825073242,105424500
TSLA,2019-08-06,15.458666801452637,15.5,15.050000190734863,15.383333206176758,15.383333206176758,230.74999809265137,83463000
TSLA,2019-08-07,15.100000381469727,15.571332931518555,15.053333282470703,15.561332702636719,15.561332702636719,233.41999053955078,71647500
TSLA,2019-08-08,15.630000114440918,15.986666679382324,15.510000228881836,15.886667251586914,15.886667251586914,238.3000087738037,79114500
TSLA,2019-08-09,15.736666679382324,15.93066692352295,15.587332725524902,15.667332649230957,15.667332649230957,235.00998973846436,58473000
TSLA,2019-08-12,15.53266716003418,15.718000411987305,15.25,15.267333030700684,15.267333030700684,229.00999546051025,69958500
TSLA,2019-08-13,15.253999710083008,15.733332633972168,15.170000076293945,15.666666984558105,15.666666984558105,235.00000476837158,72721500
TSLA,2019-08-14,15.413999557495117,15.433333396911621,14.446000099182129,14.641332626342773,14.641332626342773,219.6199893951416,143439000
TSLA,2019-08-15,14.723999977111816,14.77066707611084,14.103333473205566,14.37600040435791,14.37600040435791,215.64000606536865,122394000
TSLA,2019-08-16,14.444000244140625,14.815999984741211,14.40133285522461,14.662667274475098,14.662667274475098,219.94000911712646,76477500
TSLA,2019-08-19,14.947333335876465,15.188667297363281,14.779999732971191,15.121999740600586,15.121999740600586,226.8299961090088,79644000
TSLA,2019-08-20,15.174667358398438,15.272666931152344,14.969332695007324,15.057332992553711,15.057332992553711,225.85999488830566,61878000
TSLA,2019-08-21,14.800666809082031,14.881333351135254,14.506667137145996,14.722000122070313,14.722000122070313,220.8300018310547,116914500
TSLA,2019-08-22,14.853333473205566,15.026666641235352,14.54800033569336,14.8100004196167,14.8100004196167,222.1500062942505,98385000
TSLA,2019-08-23,14.664667129516602,14.744667053222656,14.066666603088379,14.09333324432373,14.09333324432373,211.39999866485596,128079000
TSLA,2019-08-26,14.239999771118164,14.334667205810547,14.102666854858398,14.333333015441895,14.333333015441895,214.99999523162842,75778500
TSLA,2019-08-27,14.38266658782959,14.58666706085205,14.135333061218262,14.272000312805176,14.272000312805176,214.08000469207764,81243000
TSLA,2019-08-28,14.246000289916992,14.483332633972168,14.154000282287598,14.37266731262207,14.37266731262207,215.59000968933105,48382500
TSLA,2019-08-29,14.600000381469727,14.893333435058594,14.533332824707031,14.780667304992676,14.780667304992676,221.71000957489014,77692500
TSLA,2019-08-30,15.276666641235352,15.496000289916992,14.947333335876465,15.040666580200195,15.040666580200195,225.60999870300293,139809000
TSLA,2019-09-03,14.938667297363281,15.263333320617676,14.87733268737793,15.000666618347168,15.000666618347168,225.00999927520752,80311500
TSLA,2019-09-04,15.12600040435791,15.230667114257813,14.61400032043457,14.711999893188477,14.711999893188477,220.67999839782715,86415000
TSLA,2019-09-05,14.833333015441895,15.319999694824219,14.723333358764648,15.305333137512207,15.305333137512207,229.5799970626831,110929500
TSLA,2019-09-06,15.146666526794434,15.309332847595215,15.011333465576172,15.16333293914795,15.16333293914795,227.44999408721924,62841000
TSLA,2019-09-09,15.333333015441895,15.583999633789063,15.281999588012695,15.452667236328125,15.452667236328125,231.79000854492188,72040500
TSLA,2019-09-10,15.386667251586914,15.702667236328125,15.262666702270508,15.702667236328125,15.702667236328125,235.54000854492188,73255500
TSLA,2019-09-11,15.825332641601563,16.544666290283203,15.733332633972168,16.47333335876465,16.47333335876465,247.10000038146973,150642000
TSLA,2019-09-12,16.51333236694336,16.899999618530273,16.293333053588867,16.391332626342773,16.391332626342773,245.8699893951416,128718000
TSLA,2019-09-13,16.464000701904297,16.56333351135254,16.32466697692871,16.34666633605957,16.34666633605957,245.19999504089355,79696500
TSLA,2019-09-16,16.399999618530273,16.495332717895508,16.077999114990234,16.187332153320313,16.187332153320313,242.8099822998047,70921500
TSLA,2019-09-17,16.1646671295166,16.373332977294922,16.024667739868164,16.319332122802734,16.319332122802734,244.78998184204102,57981000
TSLA,2019-09-18,16.333332061767578,16.544666290283203,16.158000946044922,16.232667922973633,16.232667922973633,243.4900188446045,62553000
TSLA,2019-09-19,16.399999618530273,16.529333114624023,16.32266616821289,16.440000534057617,16.440000534057617,246.60000801086426,71937000
TSLA,2019-09-20,16.432666778564453,16.463333129882813,15.87733268737793,16.041332244873047,16.041332244873047,240.6199836730957,95295000
TSLA,2019-09-23,16,16.345333099365234,15.947999954223633,16.082000732421875,16.082000732421875,241.23001098632813,65103000
TSLA,2019-09-24,16.101333618164063,16.132667541503906,14.840666770935059,14.880666732788086,14.880666732788086,223.2100009918213,193372500
TSLA,2019-09-25,14.970666885375977,15.26533317565918,14.557332992553711,15.24666690826416,15.24666690826416,228.7000036239624,141406500
TSLA,2019-09-26,15.37733268737793,16.220666885375977,15.15999984741211,16.17066764831543,16.17066764831543,242.56001472473145,178267500
TSLA,2019-09-27,16.14666748046875,16.58066749572754,15.915332794189453,16.142000198364258,16.142000198364258,242.13000297546387,166746000
TSLA,2019-09-30,16.200000762939453,16.26533317565918,15.740667343139648,16.058000564575195,16.058000564575195,240.87000846862793,88197000
TSLA,2019-10-01,16.100000381469727,16.39666748046875,15.942000389099121,16.312667846679688,16.312667846679688,244.6900177001953,92439000
TSLA,2019-10-02,16.21933364868164,16.309999465942383,15.961999893188477,16.208667755126953,16.208667755126953,243.1300163269043,84471000
TSLA,2019-10-03,15.457332611083984,15.631999969482422,14.95199966430664,15.535332679748535,15.535332679748535,233.02999019622803,226267500
TSLA,2019-10-04,15.440667152404785,15.652000427246094,15.204667091369629,15.428667068481445,15.428667068481445,231.43000602722168,119925000
TSLA,2019-10-07,15.319999694824219,15.904000282287598,15.236666679382324,15.847999572753906,15.847999572753906,237.7199935913086,120963000
TSLA,2019-10-08,15.724666595458984,16.262666702270508,15.633333206176758,16.003332138061523,16.003332138061523,240.04998207092285,130173000
TSLA,2019-10-09,16.08799934387207,16.48666763305664,16.043333053588867,16.302000045776367,16.302000045776367,244.5300006866455,103416000
TSLA,2019-10-10,16.351999282836914,16.618667602539063,16.10533332824707,16.31599998474121,16.31599998474121,244.73999977111816,94249500
TSLA,2019-10-11,16.476667404174805,16.738666534423828,16.45400047302246,16.525999069213867,16.525999069213867,247.889986038208,127131000
TSLA,2019-10-14,16.52666664123535,17.23666763305664,16.475332260131836,17.130666732788086,17.130666732788086,256.9600009918213,153075000
TSLA,2019-10-15,17.18000030517578,17.333332061767578,16.941333770751953,17.19266700744629,17.19266700744629,257.89000511169434,96492000
TSLA,2019-10-16,17.159332275390625,17.47333335876465,17.128000259399414,17.316667556762695,17.316667556762695,259.75001335144043,100261500
TSLA,2019-10-17,17.5,17.652000427246094,17.344667434692383,17.46466636657715,17.46466636657715,261.9699954986572,71539500
TSLA,2019-10-18,17.3799991607666,17.520000457763672,17.00666618347168,17.1299991607666,17.1299991607666,256.949987411499,86247000
TSLA,2019-10-21,17.222000122070313,17.299999237060547,16.678667068481445,16.899999618530273,16.899999618530273,253.4999942779541,75304500
TSLA,2019-10-22,16.954666137695313,17.222000122070313,16.72333335876465,17.038667678833008,17.038667678833008,255.58001518249512,69012000
TSLA,2019-10-23,16.96666717529297,17.076000213623047,16.75666618347168,16.978666305541992,16.978666305541992,254.67999458312988,78916500
TSLA,2019-10-24,19.891332626342773,20.32866668701172,19.280000686645508,19.978666305541992,19.978666305541992,299.6799945831299,445813500
TSLA,2019-10-25,19.847999572753906,22,19.74066734313965,21.875333786010742,21.875333786010742,328.13000679016113,450091500
TSLA,2019-10-28,21.836000442504883,22.722667694091797,21.50666618347168,21.847333908081055,21.847333908081055,327.7100086212158,283054500
TSLA,2019-10-29,21.332666397094727,21.6200008392334,20.983333587646484,21.08133316040039,21.08133316040039,316.21999740600586,190264500
TSLA,2019-10-30,20.866666793823242,21.252666473388672,20.6646671295166,21.000667572021484,21.000667572021484,315.01001358032227,144627000
TSLA,2019-10-31,20.873332977294922,21.266666412353516,20.866666793823242,20.994667053222656,20.994667053222656,314.92000579833984,76005000
TSLA,2019-11-01,21.08799934387207,21.09866714477539,20.65333366394043,20.887332916259766,20.887332916259766,313.3099937438965,95758500
TSLA,2019-11-04,20.98666763305664,21.46266746520996,20.617332458496094,21.1646671295166,21.1646671295166,317.470006942749,131805000
TSLA,2019-11-05,21.308000564575195,21.567333221435547,21.07466697692871,21.148000717163086,21.148000717163086,317.2200107574463,104151000
TSLA,2019-11-06,21.200000762939453,21.781333923339844,20.96666717529297,21.77199935913086,21.77199935913086,326.5799903869629,119113500
TSLA,2019-11-07,21.94266700744629,22.766666412353516,21.868000030517578,22.369333267211914,22.369333267211914,335.5399990081787,217009500
TSLA,2019-11-08,22.299999237060547,22.497333526611328,22.166667938232422,22.47599983215332,22.47599983215332,337.1399974822998,91038000
TSLA,2019-11-11,22.93000030517578,23.279333114624023,22.799999237060547,23.006000518798828,23.006000518798828,345.0900077819824,149800500
TSLA,2019-11-12,23.126667022705078,23.357999801635742,22.93600082397461,23.32866668701172,23.32866668701172,349.9300003051758,110391000
TSLA,2019-11-13,23.666667938232422,23.755332946777344,23.011999130249023,23.073999404907227,23.073999404907227,346.1099910736084,126301500
TSLA,2019-11-14,23.073999404907227,23.589332580566406,22.860666275024414,23.290000915527344,23.290000915527344,349.35001373291016,96973500
TSLA,2019-11-15,23.375999450683594,23.520000457763672,23.224000930786133,23.47800064086914,23.47800064086914,352.1700096130371,72135000
TSLA,2019-11-18,23.527999877929688,23.543333053588867,23.073333740234375,23.332666397094727,23.332666397094727,349.9899959564209,66006000
TSLA,2019-11-19,23.450000762939453,23.999332427978516,23.18666648864746,23.968000411987305,23.968000411987305,359.52000617980957,115872000
TSLA,2019-11-20,24,24.079999923706055,23.30466651916504,23.481332778930664,23.481332778930664,352.21999168395996,100876500
TSLA,2019-11-21,23.634000778198242,24.055999755859375,23.600000381469727,23.655332565307617,23.655332565307617,354.82998847961426,91650000
TSLA,2019-11-22,22.67733383178711,22.733333587646484,22,22.202667236328125,22.202667236328125,333.0400085449219,253059000
TSLA,2019-11-25,22.954666137695313,22.971332550048828,22.297332763671875,22.422666549682617,22.422666549682617,336.33999824523926,185092500
TSLA,2019-11-26,22.351333618164063,22.366666793823242,21.80666732788086,21.92799949645996,21.92799949645996,328.9199924468994,119211000
TSLA,2019-11-27,22.07466697692871,22.261999130249023,21.904666900634766,22.086000442504883,22.086000442504883,331.29000663757324,83334000
TSLA,2019-11-29,22.073999404907227,22.083999633789063,21.833332061767578,21.996000289916992,21.996000289916992,329.9400043487549,36984000
TSLA,2019-12-02,21.959999084472656,22.42533302307129,21.91266632080078,22.32466697692871,22.32466697692871,334.87000465393066,91117500
TSLA,2019-12-03,22.174667358398438,22.527332305908203,22.145999908447266,22.413333892822266,22.413333892822266,336.200008392334,98605500
TSLA,2019-12-04,22.516666412353516,22.52400016784668,22.190000534057617,22.20199966430664,22.20199966430664,333.0299949645996,82995000
TSLA,2019-12-05,22.18866729736328,22.294666290283203,21.816667556762695,22.024667739868164,22.024667739868164,330.37001609802246,55869000
TSLA,2019-12-06,22.333332061767578,22.590667724609375,22.31800079345703,22.392667770385742,22.392667770385742,335.89001655578613,114186000
TSLA,2019-12-09,22.439332962036133,22.963333129882813,22.338666915893555,22.635332107543945,22.635332107543945,339.5299816131592,135346500
TSLA,2019-12-10,22.663999557495117,23.381999969482422,22.62066650390625,23.256000518798828,23.256000518798828,348.8400077819824,132424500
TSLA,2019-12-11,23.458667755126953,23.812667846679688,23.4060001373291,23.51333236694336,23.51333236694336,352.6999855041504,103467000
TSLA,2019-12-12,23.661333084106445,24.182666778564453,23.548667907714844,23.978666305541992,23.978666305541992,359.6799945831299,116458500
TSLA,2019-12-13,24.06999969482422,24.347333908081055,23.642667770385742,23.892667770385742,23.892667770385742,358.39001655578613,98563500
TSLA,2019-12-16,24.170000076293945,25.573999404907227,24.166667938232422,25.433332443237305,25.433332443237305,381.49998664855957,272613000
TSLA,2019-12-17,25.266000747680664,25.700000762939453,25.059999465942383,25.266000747680664,25.266000747680664,378.99001121520996,127452000
TSLA,2019-12-18,25.375333786010742,26.347999572753906,25.371999740600586,26.209999084472656,26.209999084472656,393.14998626708984,211815000
TSLA,2019-12-19,26.488000869750977,27.123332977294922,26.433332443237305,26.93600082397461,26.93600082397461,404.04001235961914,271606500
TSLA,2019-12-20,27.3526668548584,27.53333282470703,26.679332733154297,27.03933334350586,27.03933334350586,405.5900001525879,221290500
TSLA,2019-12-23,27.45199966430664,28.134000778198242,27.333332061767578,27.947999954223633,27.947999954223633,419.2199993133545,199794000
TSLA,2019-12-24,27.890666961669922,28.364667892456055,27.512666702270508,28.350000381469727,28.350000381469727,425.2500057220459,120820500
TSLA,2019-12-26,28.527332305908203,28.898666381835938,28.42333221435547,28.729333877563477,28.729333877563477,430.94000816345215,159508500
TSLA,2019-12-27,29,29.020666122436523,28.407333374023438,28.691999435424805,28.691999435424805,430.37999153137207,149185500
TSLA,2019-12-30,28.586000442504883,28.600000381469727,27.284000396728516,27.64666748046875,27.64666748046875,414.70001220703125,188796000
TSLA,2019-12-31,27,28.086000442504883,26.80533218383789,27.8886661529541,27.8886661529541,418.3299922943115,154285500
TSLA,2020-01-02,28.299999237060547,28.713333129882813,28.11400032043457,28.68400001525879,28.68400001525879,430.26000022888184,142981500
TSLA,2020-01-03,29.366666793823242,30.266666412353516,29.128000259399414,29.534000396728516,29.534000396728516,443.01000595092773,266677500
TSLA,2020-01-06,29.364667892456055,30.104000091552734,29.333332061767578,30.1026668548584,30.1026668548584,451.540002822876,151995000
TSLA,2020-01-07,30.760000228881836,31.441999435424805,30.224000930786133,31.270666122436523,31.270666122436523,469.05999183654785,268231500
TSLA,2020-01-08,31.579999923706055,33.232666015625,31.215333938598633,32.80933380126953,32.80933380126953,492.14000701904297,467164500
TSLA,2020-01-09,33.13999938964844,33.253334045410156,31.524667739868164,32.089332580566406,32.089332580566406,481.3399887084961,426606000
TSLA,2020-01-10,32.11933135986328,32.3293342590332,31.579999923706055,31.876667022705078,31.876667022705078,478.1500053405762,194392500
TSLA,2020-01-13,32.900001525878906,35.04199981689453,32.79999923706055,34.990665435791016,34.990665435791016,524.8599815368652,397764000
TSLA,2020-01-14,36.284000396728516,36.49399948120117,34.99333190917969,35.861331939697266,35.861331939697266,537.919979095459,434943000
TSLA,2020-01-15,35.31733322143555,35.85599899291992,34.452667236328125,34.56666564941406,34.56666564941406,518.4999847412109,260532000
TSLA,2020-01-16,32.91666793823242,34.297332763671875,32.81133270263672,34.232666015625,34.232666015625,513.489990234375,326050500
TSLA,2020-01-17,33.840667724609375,34.37799835205078,33.54399871826172,34.03333282470703,34.03333282470703,510.49999237060547,204436500
TSLA,2020-01-21,35.349998474121094,36.571998596191406,35.227333068847656,36.47999954223633,36.47999954223633,547.1999931335449,267052500
TSLA,2020-01-22,38.125999450683594,39.633331298828125,37.27333450317383,37.97066879272461,37.97066879272461,569.5600318908691,470535000
TSLA,2020-01-23,37.616668701171875,38.79999923706055,37.040000915527344,38.14666748046875,38.14666748046875,572.20001220703125,294765000
TSLA,2020-01-24,38.04199981689453,38.25733184814453,36.95066833496094,37.654666900634766,37.654666900634766,564.8200035095215,215304000
TSLA,2020-01-27,36.132667541503906,37.62933349609375,35.95199966430664,37.201332092285156,37.201332092285156,558.0199813842773,204121500
TSLA,2020-01-28,37.89933395385742,38.45399856567383,37.2053337097168,37.793331146240234,37.793331146240234,566.8999671936035,176827500
TSLA,2020-01-29,38.37933349609375,39.31999969482422,37.82866668701172,38.732666015625,38.732666015625,580.989990234375,267022500
TSLA,2020-01-30,42.16133117675781,43.391998291015625,41.20000076293945,42.72066879272461,42.72066879272461,640.8100318908691,435085500
TSLA,2020-01-31,42.66666793823242,43.53333282470703,42.167999267578125,43.371334075927734,43.371334075927734,650.570011138916,235789500
TSLA,2020-02-03,44.91266632080078,52.409332275390625,44.90133285522461,52,52,780,705975000
TSLA,2020-02-04,58.86399841308594,64.599334716796875,55.59199905395508,59.137332916259766,59.137332916259766,887.0599937438965,914082000
TSLA,2020-02-05,54.88399887084961,56.39866638183594,46.94066619873047,48.97999954223633,48.97999954223633,734.6999931335449,726357000
TSLA,2020-02-06,46.66133117675781,53.05533218383789,45.79999923706055,49.930667877197266,49.930667877197266,748.960018157959,598212000
TSLA,2020-02-07,48.70333480834961,51.31666564941406,48.66666793823242,49.871334075927734,49.871334075927734,748.070011138916,255952500
TSLA,2020-02-10,53.33333206176758,54.66600036621094,50.15999984741211,51.41866683959961,51.41866683959961,771.2800025939941,370338000
TSLA,2020-02-11,51.25266647338867,52.23400115966797,50.53333282470703,51.62533187866211,51.62533187866211,774.3799781799316,175462500
TSLA,2020-02-12,51.858001708984375,52.650001525878906,50.891334533691406,51.15266799926758,51.15266799926758,767.2900199890137,180337500
TSLA,2020-02-13,49.45600128173828,54.53333282470703,49,53.599998474121094,53.599998474121094,803.9999771118164,394339500
TSLA,2020-02-14,52.4813346862793,54.198001861572266,52.366668701171875,53.33533477783203,53.33533477783203,800.0300216674805,235405500
TSLA,2020-02-18,56.106666564941406,57.33333206176758,55.490665435791016,57.22666549682617,57.22666549682617,858.3999824523926,245725500
TSLA,2020-02-19,61.56666564941406,62.98533248901367,60.06800079345703,61.16133117675781,61.16133117675781,917.4199676513672,381345000
TSLA,2020-02-20,60.79666519165039,60.79999923706055,57.3293342590332,59.96066665649414,59.96066665649414,899.4099998474121,264523500
TSLA,2020-02-21,60.46533203125,60.87066650390625,58.6966667175293,60.06666564941406,60.06666564941406,900.9999847412109,214722000
TSLA,2020-02-24,55.93333435058594,57.56666564941406,54.813331604003906,55.58599853515625,55.58599853515625,833.78997802734375,227883000
TSLA,2020-02-25,56.599998474121094,57.106666564941406,52.46666717529297,53.32733154296875,53.32733154296875,799.90997314453125,259357500
TSLA,2020-02-26,52.16666793823242,54.22066879272461,51.740665435791016,51.91999816894531,51.91999816894531,778.7999725341797,211282500
TSLA,2020-02-27,48.66666793823242,49.31800079345703,44.599998474121094,45.266666412353516,45.266666412353516,678.9999961853027,364158000
TSLA,2020-02-28,41.97999954223633,46.03466796875,40.768001556396484,44.53266525268555,44.53266525268555,667.9899787902832,363343500
TSLA,2020-03-02,47.41733169555664,49.5793342590332,45.77799987792969,49.574668884277344,49.574668884277344,743.6200332641602,302925000
TSLA,2020-03-03,53.66666793823242,53.798667907714844,47.740665435791016,49.70066833496094,49.70066833496094,745.5100250244141,386760000
TSLA,2020-03-04,50.930667877197266,51.10133361816406,48.31533432006836,49.96666717529297,49.96666717529297,749.5000076293945,225735000
TSLA,2020-03-05,48.2513313293457,49.71666717529297,47.871334075927734,48.30266571044922,48.30266571044922,724.5399856567383,162790500
TSLA,2020-03-06,46,47.133331298828125,45.61800003051758,46.89866638183594,46.89866638183594,703.4799957275391,189943500
TSLA,2020-03-09,40.35933303833008,44.20000076293945,40.33333206176758,40.53333282470703,40.53333282470703,607.9999923706055,256105500
TSLA,2020-03-10,43.96200180053711,44.53333282470703,40.53333282470703,43.02199935913086,43.02199935913086,645.3299903869629,233916000
TSLA,2020-03-11,42.68000030517578,43.571998596191406,40.866668701171875,42.28200149536133,42.28200149536133,634.2300224304199,199837500
TSLA,2020-03-12,38.72600173950195,39.633331298828125,36.41666793823242,37.369998931884766,37.369998931884766,560.5499839782715,283636500
TSLA,2020-03-13,39.66666793823242,40.50466537475586,33.46666717529297,36.44133377075195,36.44133377075195,546.6200065612793,339604500
TSLA,2020-03-16,31.299999237060547,32.9913330078125,29.47800064086914,29.67133331298828,29.67133331298828,445.0699996948242,307342500
TSLA,2020-03-17,29.333999633789063,31.456666946411133,26.399999618530273,28.68000030517578,28.68000030517578,430.2000045776367,359919000
TSLA,2020-03-18,25.933332443237305,26.99066734313965,23.367332458496094,24.08133316040039,24.08133316040039,361.21999740600586,356793000
TSLA,2020-03-19,24.979999542236328,30.133333206176758,23.8973331451416,28.50933265686035,28.50933265686035,427.6399898529053,452932500
TSLA,2020-03-20,29.213333129882813,31.799999237060547,28.38599967956543,28.50200080871582,28.50200080871582,427.5300121307373,424282500
TSLA,2020-03-23,28.906667709350586,29.46666717529297,27.366666793823242,28.952667236328125,28.952667236328125,434.2900085449219,246817500
TSLA,2020-03-24,31.81999969482422,34.24599838256836,31.600000381469727,33.66666793823242,33.66666793823242,505.0000190734863,343428000
TSLA,2020-03-25,36.349998474121094,37.133331298828125,34.07400131225586,35.95000076293945,35.95000076293945,539.2500114440918,318340500
TSLA,2020-03-26,36.49266815185547,37.33333206176758,34.150001525878906,35.21066665649414,35.21066665649414,528.1599998474121,260710500
TSLA,2020-03-27,33.66666793823242,35.0533332824707,32.935333251953125,34.29066848754883,34.29066848754883,514.3600273132324,215661000
TSLA,2020-03-30,34.017333984375,34.44333267211914,32.7486686706543,33.47533416748047,33.47533416748047,502.13001251220703,179971500
TSLA,2020-03-31,33.41666793823242,36.19733428955078,33.133331298828125,34.93333435058594,34.93333435058594,524.0000152587891,266572500
TSLA,2020-04-01,33.599998474121094,34.26333236694336,31.67333221435547,32.104000091552734,32.104000091552734,481.560001373291,200298000
TSLA,2020-04-02,32.068668365478516,32.95066833496094,29.760000228881836,30.29800033569336,30.29800033569336,454.4700050354004,297876000
TSLA,2020-04-03,33.96666717529297,34.36600112915039,31.22599983215332,32.000667572021484,32.000667572021484,480.01001358032227,338431500
TSLA,2020-04-06,34.08000183105469,34.733333587646484,33.19733428955078,34.41600036621094,34.41600036621094,516.2400054931641,223527000
TSLA,2020-04-07,36.33333206176758,37.66666793823242,35.48933410644531,36.36333465576172,36.36333465576172,545.4500198364258,268797000
TSLA,2020-04-08,36.9466667175293,37.14733123779297,35.55533218383789,36.589332580566406,36.589332580566406,548.8399887084961,189840000
TSLA,2020-04-09,37.4726676940918,38.345333099365234,37.14066696166992,38.20000076293945,38.20000076293945,573.0000114440918,204750000
TSLA,2020-04-13,39.34400177001953,43.46666717529297,38.70199966430664,43.39666748046875,43.39666748046875,650.95001220703125,337131000
TSLA,2020-04-14,46.597999572753906,49.45866775512695,46.1619987487793,47.32600021362305,47.32600021362305,709.8900032043457,458647500
TSLA,2020-04-15,49.46666717529297,50.20866775512695,47.33333206176758,48.65533447265625,48.65533447265625,729.83001708984375,353655000
TSLA,2020-04-16,47.79600143432617,50.630001068115234,47.11466598510742,49.680667877197266,49.680667877197266,745.210018157959,309868500
TSLA,2020-04-17,51.48533248901367,51.663333892822266,49.84400177001953,50.259334564208984,50.259334564208984,753.8900184631348,196923000
TSLA,2020-04-20,48.8466682434082,51.03799819946289,47.48066711425781,49.75733184814453,49.75733184814453,746.359977722168,221199000
TSLA,2020-04-21,48.67466735839844,50.22200012207031,44.919334411621094,45.781333923339844,45.781333923339844,686.7200088500977,303136500
TSLA,2020-04-22,46.93199920654297,48.93333435058594,45.91400146484375,48.807334899902344,48.807334899902344,732.1100234985352,212482500
TSLA,2020-04-23,48.50666809082031,48.93333435058594,46.87533187866211,47.04199981689453,47.04199981689453,705.629997253418,198550500
TSLA,2020-04-24,47.387332916259766,48.71533203125,46.54533386230469,48.34333419799805,48.34333419799805,725.1500129699707,198180000
TSLA,2020-04-27,49.17399978637695,53.29933166503906,49,53.25,53.25,798.75,310221000
TSLA,2020-04-28,53.042667388916016,53.66666793823242,50.44599914550781,51.27466583251953,51.27466583251953,769.119987487793,228330000
TSLA,2020-04-29,52.678001403808594,53.54666519165039,52.21066665649414,53.367332458496094,53.367332458496094,800.5099868774414,243240000
TSLA,2020-04-30,57.01266860961914,57.987998962402344,50.900001525878906,52.12533187866211,52.12533187866211,781.8799781799316,427078500
TSLA,2020-05-01,50.33333206176758,51.518001556396484,45.5359992980957,46.75466537475586,46.75466537475586,701.3199806213379,487977000
TSLA,2020-05-04,46.733333587646484,50.79999923706055,46.53333282470703,50.74599838256836,50.74599838256836,761.1899757385254,288556500
TSLA,2020-05-05,52.65266799926758,53.26133346557617,50.8120002746582,51.2140007019043,51.2140007019043,768.2100105285645,254875500
TSLA,2020-05-06,51.766666412353516,52.6533317565918,50.740665435791016,52.172000885009766,52.172000885009766,782.5800132751465,166848000
TSLA,2020-05-07,51.81399917602539,53.09333419799805,51.4900016784668,52.00266647338867,52.00266647338867,780.0399971008301,172915500
TSLA,2020-05-08,52.917999267578125,54.93333435058594,52.46733474731445,54.62799835205078,54.62799835205078,819.4199752807617,241297500
TSLA,2020-05-11,52.70066833496094,54.93333435058594,52.33333206176758,54.08599853515625,54.08599853515625,811.28997802734375,247794000
TSLA,2020-05-12,55.133331298828125,56.21933364868164,53.866668701171875,53.96066665649414,53.96066665649414,809.4099998474121,238603500
TSLA,2020-05-13,54.72200012207031,55.06666564941406,50.88666534423828,52.73066711425781,52.73066711425781,790.9600067138672,285982500
TSLA,2020-05-14,52,53.557334899902344,50.93333435058594,53.55533218383789,53.55533218383789,803.3299827575684,205233000
TSLA,2020-05-15,52.689998626708984,53.66999816894531,52.436668395996094,53.27799987792969,53.27799987792969,799.1699981689453,157776000
TSLA,2020-05-18,55.185333251953125,55.64799880981445,53.59199905395508,54.242000579833984,54.242000579833984,813.6300086975098,174987000
TSLA,2020-05-19,54.34466552734375,54.80466842651367,53.73866653442383,53.867332458496094,53.867332458496094,808.0099868774414,144547500
TSLA,2020-05-20,54.70000076293945,55.06666564941406,54.119998931884766,54.37066650390625,54.37066650390625,815.55999755859375,109639500
TSLA,2020-05-21,54.400001525878906,55.5,53.06666564941406,55.17333221435547,55.17333221435547,827.599983215332,183819000
TSLA,2020-05-22,54.81133270263672,55.45199966430664,54.133331298828125,54.45866775512695,54.45866775512695,816.8800163269043,149812500
TSLA,2020-05-26,55.633331298828125,55.63999938964844,54.38066864013672,54.591331481933594,54.591331481933594,818.8699722290039,121345500
TSLA,2020-05-27,54.7239990234375,55.180667877197266,52.33333206176758,54.68199920654297,54.68199920654297,820.2299880981445,173242500
TSLA,2020-05-28,54.23400115966797,54.983333587646484,53.44599914550781,53.72066879272461,53.72066879272461,805.8100318908691,108834000
TSLA,2020-05-29,53.91666793823242,55.66666793823242,53.61399841308594,55.66666793823242,55.66666793823242,835.0000190734863,176467500
TSLA,2020-06-01,57.20000076293945,59.93333435058594,56.939998626708984,59.87333297729492,59.87333297729492,898.0999946594238,224092500
TSLA,2020-06-02,59.64666748046875,60.57733154296875,58.06666564941406,58.770668029785156,58.770668029785156,881.5600204467773,203484000
TSLA,2020-06-03,59.20800018310547,59.862667083740234,58.67333221435547,58.86399841308594,58.86399841308594,882.9599761962891,119242500
TSLA,2020-06-04,59.32533264160156,59.71666717529297,57.229331970214844,57.62533187866211,57.62533187866211,864.3799781799316,133315500
TSLA,2020-06-05,58.522666931152344,59.10133361816406,57.746665954589844,59.04399871826172,59.04399871826172,885.6599807739258,117178500
TSLA,2020-06-08,61.266666412353516,63.33333206176758,60.61066818237305,63.327999114990234,63.327999114990234,949.9199867248535,212620500
TSLA,2020-06-09,62.66733169555664,63.62933349609375,61.595333099365234,62.711334228515625,62.711334228515625,940.6700134277344,170823000
TSLA,2020-06-10,66.125335693359375,68.49866485595703,65.5,68.336669921875,68.336669921875,1025.050048828125,278451000
TSLA,2020-06-11,66.013336181640625,67.9306640625,64.80000305175781,64.85600280761719,64.85600280761719,972.8400421142578,238747500
TSLA,2020-06-12,65.33333587646484,65.8653335571289,60.84000015258789,62.35200119018555,62.35200119018555,935.2800178527832,251451000
TSLA,2020-06-15,61.18600082397461,66.5893325805664,60.56666564941406,66.05999755859375,66.05999755859375,990.89996337890625,235458000
TSLA,2020-06-16,67.4566650390625,67.52532958984375,64.159332275390625,65.47533416748047,65.47533416748047,982.130012512207,210766500
TSLA,2020-06-17,65.84733581542969,67,65.504669189453125,66.11933135986328,66.11933135986328,991.7899703979492,148362000
TSLA,2020-06-18,66.866668701171875,67.94667053222656,66.2979965209961,66.9306640625,66.9306640625,1003.9599609375,146278500
TSLA,2020-06-19,67.51866912841797,67.73133087158203,66.0893325805664,66.72666931152344,66.72666931152344,1000.9000396728516,130195500
TSLA,2020-06-22,66.663330078125,67.2586669921875,66.00133514404297,66.28800201416016,66.28800201416016,994.3200302124023,95436000
TSLA,2020-06-23,66.59200286865234,67.46666717529297,66.267333984375,66.78533172607422,66.78533172607422,1001.7799758911133,95479500
TSLA,2020-06-24,66.27400207519531,66.72533416748047,63.542667388916016,64.0566635131836,64.0566635131836,960.8499526977539,164394000
TSLA,2020-06-25,63.61800003051758,65.73200225830078,62.47666549682617,65.73200225830078,65.73200225830078,985.9800338745117,138817500
TSLA,2020-06-26,66.31866455078125,66.33333587646484,63.65800094604492,63.982666015625,63.982666015625,959.739990234375,132823500
TSLA,2020-06-29,64.60066986083984,67.33333587646484,63.23466873168945,67.29000091552734,67.29000091552734,1009.3500137329102,135396000
TSLA,2020-06-30,67.0999984741211,72.512664794921875,66.91533660888672,71.987335205078125,71.987335205078125,1079.8100280761719,253777500
TSLA,2020-07-01,72.19999694824219,75.68866729736328,72.03333282470703,74.641998291015625,74.641998291015625,1119.6299743652344,199903500
TSLA,2020-07-02,81.43199920654297,81.866668701171875,79.04000091552734,80.57733154296875,80.57733154296875,1208.6599731445313,258751500
TSLA,2020-07-06,85.11266326904297,91.85266876220703,84.40266418457031,91.43866729736328,91.43866729736328,1371.5800094604492,308548500
TSLA,2020-07-07,93.6673355102539,95.30000305175781,89.11399841308594,92.65733337402344,92.65733337402344,1389.8600006103516,322345500
TSLA,2020-07-08,93.66666412353516,94.48400115966797,87.42266845703125,91.05867004394531,91.05867004394531,1365.8800506591797,244669500
TSLA,2020-07-09,93.1326675415039,93.90399932861328,90.08533477783203,92.9520034790039,92.9520034790039,1394.2800521850586,175764000
TSLA,2020-07-10,93.06666564941406,103.2613296508789,91.73400115966797,102.97666931152344,102.97666931152344,1544.6500396728516,350064000
TSLA,2020-07-13,110.5999984741211,119.66600036621094,98.0739974975586,99.80400085449219,99.80400085449219,1497.0600128173828,584781000
TSLA,2020-07-14,103.73332977294922,106,95.4000015258789,101.12000274658203,101.12000274658203,1516.8000411987305,351271500
TSLA,2020-07-15,102.86666870117188,103.33333587646484,97.133331298828125,103.06732940673828,103.06732940673828,1546.0099411010742,245517000
TSLA,2020-07-16,98.47733306884766,102.11399841308594,97.73332977294922,100.04266357421875,100.04266357421875,1500.6399536132813,214512000
TSLA,2020-07-17,100.89666748046875,102.50066375732422,99.33333587646484,100.05599975585938,100.05599975585938,1500.8399963378906,139950000
TSLA,2020-07-20,101.267333984375,110,99.19999694824219,109.53333282470703,109.53333282470703,1642.9999923706055,256821000
TSLA,2020-07-21,109.32866668701172,111.66666412353516,103.86666870117188,104.55733489990234,104.55733489990234,1568.3600234985352,241608000
TSLA,2020-07-22,106.5999984741211,108.4280014038086,104.13333129882813,106.15533447265625,106.15533447265625,1592.3300170898438,212416500
TSLA,2020-07-23,111.93000030517578,112.5999984741211,98.71800231933594,100.87133026123047,100.87133026123047,1513.069953918457,364927500
TSLA,2020-07-24,94.400665283203125,97.66666412353516,91.10266876220703,94.46666717529297,94.46666717529297,1417.0000076293945,290949000
TSLA,2020-07-27,95.66666412353516,103.19599914550781,94.19999694824219,102.63999938964844,102.63999938964844,1539.5999908447266,240730500
TSLA,2020-07-28,100.26667022705078,104.3133316040039,98.29467010498047,98.43267059326172,98.43267059326172,1476.4900588989258,237130500
TSLA,2020-07-29,100.06666564941406,102.32066345214844,99.133331298828125,99.94066619873047,99.94066619873047,1499.109992980957,141403500
TSLA,2020-07-30,99.19999694824219,100.8826675415039,98.06666564941406,99.16600036621094,99.16600036621094,1487.490005493164,114315000
TSLA,2020-07-31,101,101.13666534423828,94.73200225830078,95.384002685546875,95.384002685546875,1430.7600402832031,183123000
TSLA,2020-08-03,96.61333465576172,100.65399932861328,96.29199981689453,99,99,1485,132139500
TSLA,2020-08-04,99.6673355102539,101.82733154296875,97.46666717529297,99.133331298828125,99.133331298828125,1486.9999694824219,126225000
TSLA,2020-08-05,99.53266906738281,99.98933410644531,97.88733673095703,99.00133514404297,99.00133514404297,1485.0200271606445,74217000
TSLA,2020-08-06,99.38866424560547,101.15399932861328,98.48400115966797,99.30533599853516,99.30533599853516,1489.5800399780273,89884500
TSLA,2020-08-07,99.969329833984375,99.98332977294922,94.33399963378906,96.84733581542969,96.84733581542969,1452.7100372314453,133446000
TSLA,2020-08-10,96.53333282470703,97.16666412353516,92.38933563232422,94.57133483886719,94.57133483886719,1418.5700225830078,112834500
TSLA,2020-08-11,93.06666564941406,94.66666412353516,91,91.6259994506836,91.6259994506836,1374.389991760254,129387000
TSLA,2020-08-12,98,105.66666412353516,95.66666412353516,103.65066528320313,103.65066528320313,1554.7599792480469,327441000
TSLA,2020-08-13,107.4000015258789,110.07866668701172,104.48400115966797,108.06666564941406,108.06666564941406,1620.999984741211,306379500
TSLA,2020-08-14,110.99933624267578,111.25333404541016,108.44266510009766,110.04733276367188,110.04733276367188,1650.7099914550781,188664000
TSLA,2020-08-17,111.80000305175781,123.05733489990234,111.52200317382813,122.3759994506836,122.3759994506836,1835.639991760254,303634500
TSLA,2020-08-18,126.59933471679688,128.25999450683594,123.00733184814453,125.80599975585938,125.80599975585938,1887.0899963378906,247117500
TSLA,2020-08-19,124.33333587646484,127.4000015258789,122.74732971191406,125.23533630371094,125.23533630371094,1878.530044555664,183079500
TSLA,2020-08-20,124.04533386230469,134.79933166503906,123.80400085449219,133.45533752441406,133.45533752441406,2001.830062866211,309177000
TSLA,2020-08-21,136.3173370361328,139.69932556152344,135.00332641601563,136.6653289794922,136.6653289794922,2049.979934692383,322344000
TSLA,2020-08-24,141.7519989013672,141.93333435058594,128.50132751464844,134.27999877929688,134.27999877929688,2014.1999816894531,300954000
TSLA,2020-08-25,131.65933227539063,135.19667053222656,131.1999969482422,134.8893280029297,134.8893280029297,2023.3399200439453,159883500
TSLA,2020-08-26,137.3333282470703,144.39999389648438,136.90866088867188,143.54466247558594,143.54466247558594,2153.169937133789,213591000
TSLA,2020-08-27,145.36399841308594,153.0399932861328,142.8333282470703,149.25,149.25,2238.75,355395000
TSLA,2020-08-28,153.00799560546875,154.5659942626953,145.76800537109375,147.55999755859375,147.55999755859375,2213.3999633789063,301218000
TSLA,2020-08-31,148.20333862304688,166.7133331298828,146.70333862304688,166.10667419433594,166.10667419433594,498.3200225830078,355123200
TSLA,2020-09-01,167.3800048828125,167.49667358398438,156.836669921875,158.35000610351563,158.35000610351563,475.0500183105469,269523300
TSLA,2020-09-02,159.663330078125,159.67999267578125,135.0399932861328,149.1233367919922,149.1233367919922,447.37001037597656,288528300
TSLA,2020-09-03,135.7433319091797,143.93333435058594,134,135.6666717529297,135.6666717529297,407.00001525878906,262788300
TSLA,2020-09-04,134.27000427246094,142.6666717529297,124.00666809082031,139.44000244140625,139.44000244140625,418.32000732421875,330965700
TSLA,2020-09-08,118.66666412353516,122.913330078125,109.95999908447266,110.06999969482422,110.06999969482422,330.20999908447266,346397100
TSLA,2020-09-09,118.86666870117188,123,113.836669921875,122.09333038330078,122.09333038330078,366.27999114990234,238397400
TSLA,2020-09-10,128.73666381835938,132.99667358398438,120.1866683959961,123.77999877929688,123.77999877929688,371.3399963378906,254791800
TSLA,2020-09-11,127.3133316040039,127.5,120.16666412353516,124.23999786376953,124.23999786376953,372.7199935913086,182152500
TSLA,2020-09-14,126.98332977294922,140,124.43333435058594,139.8733367919922,139.8733367919922,419.62001037597656,249061800
TSLA,2020-09-15,145.52000427246094,153.97999572753906,143.56666564941406,149.9199981689453,149.9199981689453,449.75999450683594,291894600
TSLA,2020-09-16,146.6233367919922,152.59666442871094,145.10333251953125,147.25332641601563,147.25332641601563,441.7599792480469,216837900
TSLA,2020-09-17,138.53334045410156,145.92999267578125,136,141.14332580566406,141.14332580566406,423.4299774169922,230337600
TSLA,2020-09-18,149.31333923339844,150.3333282470703,142.93333435058594,147.38333129882813,147.38333129882813,442.1499938964844,259220400
TSLA,2020-09-21,151.0433349609375,151.89332580566406,135.69000244140625,149.79666137695313,149.79666137695313,449.3899841308594,328430400
TSLA,2020-09-22,143.1999969482422,145.9199981689453,139.1999969482422,141.41000366210938,141.41000366210938,424.2300109863281,238742400
TSLA,2020-09-23,135.05332946777344,137.38333129882813,125.2933349609375,126.78666687011719,126.78666687011719,380.36000061035156,285222600
TSLA,2020-09-24,121.26667022705078,133.1666717529297,117.0999984741211,129.26333618164063,129.26333618164063,387.7900085449219,289683300
TSLA,2020-09-25,131.1566619873047,136.2433319091797,130.43333435058594,135.77999877929688,135.77999877929688,407.3399963378906,201625500
TSLA,2020-09-28,141.5399932861328,142.69332885742188,138.51666259765625,140.39999389648438,140.39999389648438,421.1999816894531,149158800
TSLA,2020-09-29,138.6666717529297,142.8333282470703,137.1999969482422,139.69000244140625,139.69000244140625,419.07000732421875,150657900
TSLA,2020-09-30,140.44000244140625,144.64332580566406,140.1566619873047,143.00332641601563,143.00332641601563,429.0099792480469,144436800
TSLA,2020-10-01,146.9199981689453,149.6266632080078,144.80667114257813,149.3866729736328,149.3866729736328,448.16001892089844,152224500
TSLA,2020-10-02,140.4633331298828,146.3766632080078,138.3333282470703,138.3633270263672,138.3633270263672,415.08998107910156,214290000
TSLA,2020-10-05,141.11666870117188,144.54666137695313,139.77667236328125,141.89332580566406,141.89332580566406,425.6799774169922,134168400
TSLA,2020-10-06,141.26333618164063,142.92666625976563,135.35000610351563,137.9933319091797,137.9933319091797,413.97999572753906,147438900
TSLA,2020-10-07,139.9566650390625,143.3000030517578,137.9499969482422,141.76666259765625,141.76666259765625,425.29998779296875,129383100
TSLA,2020-10-08,146.14666748046875,146.3333282470703,141.76666259765625,141.97332763671875,141.97332763671875,425.91998291015625,121263300
TSLA,2020-10-09,143.3766632080078,144.8633270263672,142.15333557128906,144.6666717529297,144.6666717529297,434.00001525878906,86777100
TSLA,2020-10-12,147.3333282470703,149.5800018310547,146.19332885742188,147.43333435058594,147.43333435058594,442.3000030517578,116373300
TSLA,2020-10-13,147.78334045410156,149.6300048828125,145.53334045410156,148.88333129882813,148.88333129882813,446.6499938964844,103391100
TSLA,2020-10-14,149.92666625976563,155.3000030517578,149.11666870117188,153.76666259765625,153.76666259765625,461.29998779296875,143639100
TSLA,2020-10-15,150.10333251953125,152.19000244140625,147.5,149.6266632080078,149.6266632080078,448.87998962402344,107017200
TSLA,2020-10-16,151.47999572753906,151.98333740234375,146.28334045410156,146.55667114257813,146.55667114257813,439.6700134277344,98327700
TSLA,2020-10-19,148.74667358398438,149,142.9566650390625,143.61000061035156,143.61000061035156,430.8300018310547,108863400
TSLA,2020-10-20,143.9166717529297,143.9166717529297,139.68333435058594,140.64666748046875,140.64666748046875,421.94000244140625,94968900
TSLA,2020-10-21,140.89999389648438,144.31666564941406,140.4166717529297,140.8800048828125,140.8800048828125,422.6400146484375,97111500
TSLA,2020-10-22,147.30667114257813,148.41000366210938,141.50332641601563,141.92999267578125,141.92999267578125,425.78997802734375,119979600
TSLA,2020-10-23,140.6133270263672,140.9633331298828,135.7933349609375,140.2100067138672,140.2100067138672,420.63002014160156,101151000
TSLA,2020-10-26,137.2100067138672,141.9199981689453,136.6666717529297,140.0933380126953,140.0933380126953,420.28001403808594,84717600
TSLA,2020-10-27,141.25332641601563,143.5,140.03334045410156,141.55999755859375,141.55999755859375,424.67999267578125,68059500
TSLA,2020-10-28,138.82666015625,139.53334045410156,135.3333282470703,135.33999633789063,135.33999633789063,406.0199890136719,76354200
TSLA,2020-10-29,136.65333557128906,139.35333251953125,135.48666381835938,136.94332885742188,136.94332885742188,410.8299865722656,67965900
TSLA,2020-10-30,135.63333129882813,135.8633270263672,126.37000274658203,129.34666442871094,129.34666442871094,388.0399932861328,127533900
TSLA,2020-11-02,131.3333282470703,135.66000366210938,130.76666259765625,133.50332641601563,133.50332641601563,400.5099792480469,87063300
TSLA,2020-11-03,136.57666015625,142.58999633789063,135.56333923339844,141.3000030517578,141.3000030517578,423.90000915527344,103055100
TSLA,2020-11-04,143.5399932861328,145.13333129882813,139.03334045410156,140.32666015625,140.32666015625,420.97998046875,96429300
TSLA,2020-11-05,142.76666259765625,146.6666717529297,141.3333282470703,146.02999877929688,146.02999877929688,438.0899963378906,85243500
TSLA,2020-11-06,145.36666870117188,145.52333068847656,141.42666625976563,143.31666564941406,143.31666564941406,429.9499969482422,65118000
TSLA,2020-11-09,146.5,150.8333282470703,140.3333282470703,140.4199981689453,140.4199981689453,421.25999450683594,104499000
TSLA,2020-11-10,140.02999877929688,140.02999877929688,132.00999450683594,136.7866668701172,136.7866668701172,410.36000061035156,90852600
TSLA,2020-11-11,138.81666564941406,139.56666564941406,136.86000061035156,139.0433349609375,139.0433349609375,417.1300048828125,52073100
TSLA,2020-11-12,138.35000610351563,141,136.5066680908203,137.25332641601563,137.25332641601563,411.7599792480469,59565300
TSLA,2020-11-13,136.9499969482422,137.50999450683594,133.8866729736328,136.1666717529297,136.1666717529297,408.50001525878906,59313300
TSLA,2020-11-16,136.30999755859375,137.48333740234375,134.69667053222656,136.02999877929688,136.02999877929688,408.0899963378906,80515800
TSLA,2020-11-17,153.38999938964844,154,144.336669921875,147.20333862304688,147.20333862304688,441.6100158691406,183564900
TSLA,2020-11-18,149.4499969482422,165.3333282470703,147.8333282470703,162.2133331298828,162.2133331298828,486.63999938964844,234132000
TSLA,2020-11-19,164,169.5366668701172,162.52333068847656,166.42333984375,166.42333984375,499.27001953125,187425900
TSLA,2020-11-20,165.99667358398438,167.5,163.02000427246094,163.20333862304688,163.20333862304688,489.6100158691406,98735700
TSLA,2020-11-23,167.8333282470703,175.3333282470703,167.26333618164063,173.9499969482422,173.9499969482422,521.8499908447266,150780900
TSLA,2020-11-24,180.13333129882813,186.663330078125,175.39999389648438,185.1266632080078,185.1266632080078,555.3799896240234,160945500
TSLA,2020-11-25,183.35333251953125,191.3333282470703,181.7899932861328,191.3333282470703,191.3333282470703,573.9999847412109,146790600
TSLA,2020-11-27,193.72000122070313,199.5933380126953,192.81666564941406,195.25332641601563,195.25332641601563,585.7599792480469,112683300
TSLA,2020-11-30,200.73666381835938,202.60000610351563,184.836669921875,189.1999969482422,189.1999969482422,567.5999908447266,189009300
TSLA,2020-12-01,199.19667053222656,199.28334045410156,190.68333435058594,194.9199981689453,194.9199981689453,584.7599945068359,120310500
TSLA,2020-12-02,185.47999572753906,190.51333618164063,180.40333557128906,189.60667419433594,189.60667419433594,568.8200225830078,143327100
TSLA,2020-12-03,196.67333984375,199.6566619873047,194.14332580566406,197.7933349609375,197.7933349609375,593.3800048828125,127656000
TSLA,2020-12-04,197.00332641601563,199.67999267578125,195.1666717529297,199.67999267578125,199.67999267578125,599.03997802734375,88203900
TSLA,2020-12-07,201.63999938964844,216.26333618164063,201.01666259765625,213.9199981689453,213.9199981689453,641.7599945068359,168929100
TSLA,2020-12-08,208.50332641601563,217.0933380126953,206.1666717529297,216.6266632080078,216.6266632080078,649.8799896240234,192795000
TSLA,2020-12-09,217.89666748046875,218.10667419433594,196,201.4933319091797,201.4933319091797,604.4799957275391,213873600
TSLA,2020-12-10,191.4566650390625,209.25,188.77999877929688,209.02333068847656,209.02333068847656,627.0699920654297,201249600
TSLA,2020-12-11,205.00332641601563,208,198.93333435058594,203.3300018310547,203.3300018310547,609.9900054931641,139425000
TSLA,2020-12-14,206.3333282470703,214.25,203.39999389648438,213.27667236328125,213.27667236328125,639.83001708984375,156121800
TSLA,2020-12-15,214.42666625976563,215.63333129882813,207.93333435058594,211.0833282470703,211.0833282470703,633.2499847412109,135214500
TSLA,2020-12-16,209.41000366210938,210.8333282470703,201.6666717529297,207.58999633789063,207.58999633789063,622.7699890136719,126287400
TSLA,2020-12-17,209.39666748046875,219.60667419433594,206.5,218.63333129882813,218.63333129882813,655.8999938964844,168810300
TSLA,2020-12-18,222.96665954589844,231.6666717529297,209.51333618164063,231.6666717529297,231.6666717529297,695.0000152587891,666378600
TSLA,2020-12-21,222.0800018310547,222.8333282470703,215.35667419433594,216.6199951171875,216.6199951171875,649.8599853515625,174135900
TSLA,2020-12-22,216,216.6266632080078,204.7433319091797,213.44667053222656,213.44667053222656,640.3400115966797,155148000
TSLA,2020-12-23,210.73333740234375,217.1666717529297,207.52333068847656,215.32666015625,215.32666015625,645.97998046875,99519000
TSLA,2020-12-24,214.3300018310547,222.02999877929688,213.6666717529297,220.58999633789063,220.58999633789063,661.7699890136719,68596800
TSLA,2020-12-28,224.836669921875,227.13333129882813,220.26666259765625,221.22999572753906,221.22999572753906,663.6899871826172,96835800
TSLA,2020-12-29,220.3333282470703,223.3000030517578,218.3333282470703,221.99667358398438,221.99667358398438,665.9900207519531,68732400
TSLA,2020-12-30,224,232.1999969482422,222.7866668701172,231.5933380126953,231.5933380126953,694.7800140380859,128538000
TSLA,2020-12-31,233.3300018310547,239.57333374023438,230.3733367919922,235.22332763671875,235.22332763671875,705.66998291015625,148949700
TSLA,2021-01-04,239.82000732421875,248.163330078125,239.06333923339844,243.2566680908203,243.2566680908203,729.7700042724609,145914600
TSLA,2021-01-05,241.22000122070313,246.94667053222656,239.73333740234375,245.0366668701172,245.0366668701172,735.1100006103516,96735600
TSLA,2021-01-06,252.8300018310547,258,249.6999969482422,251.9933319091797,251.9933319091797,755.9799957275391,134100000
TSLA,2021-01-07,259.2099914550781,272.3299865722656,258.3999938964844,272.0133361816406,272.0133361816406,816.0400085449219,154496700
TSLA,2021-01-08,285.3333435058594,294.8299865722656,279.46331787109375,293.3399963378906,293.3399963378906,880.0199890136719,225166500
TSLA,2021-01-11,283.1333312988281,284.80999755859375,267.8733215332031,270.39666748046875,270.39666748046875,811.19000244140625,177904800
TSLA,2021-01-12,277,289.3333435058594,275.7799987792969,283.14666748046875,283.14666748046875,849.44000244140625,138812100
TSLA,2021-01-13,284.2533264160156,286.8233337402344,277.3333435058594,284.8033447265625,284.8033447265625,854.4100341796875,99937500
TSLA,2021-01-14,281.1300048828125,287.6666564941406,279.5833435058594,281.6666564941406,281.6666564941406,844.9999694824219,93798900
TSLA,2021-01-15,284,286.6333312988281,273.0333251953125,275.38665771484375,275.38665771484375,826.15997314453125,116332800
TSLA,2021-01-19,279.26666259765625,283.3333435058594,277.6666564941406,281.51666259765625,281.51666259765625,844.54998779296875,76101000
TSLA,2021-01-20,286.2466735839844,286.5,279.09332275390625,283.48333740234375,283.48333740234375,850.45001220703125,76997700
TSLA,2021-01-21,285,285.239990234375,280.47332763671875,281.663330078125,281.663330078125,844.989990234375,61563300
TSLA,2021-01-22,278.10333251953125,282.6666564941406,276.2066650390625,282.21331787109375,282.21331787109375,846.63995361328125,60199500
TSLA,2021-01-25,285,300.1333312988281,279.6066589355469,293.6000061035156,293.6000061035156,880.8000183105469,123520200
TSLA,2021-01-26,297.1266784667969,298.6333312988281,290.5333251953125,294.36334228515625,294.36334228515625,883.09002685546875,69394800
TSLA,2021-01-27,290.1166687011719,297.1666564941406,286.2200012207031,288.0533447265625,288.0533447265625,864.1600341796875,82002000
TSLA,2021-01-28,273.3333435058594,282.6666564941406,267,278.4766540527344,278.4766540527344,835.4299621582031,79134000
TSLA,2021-01-29,276.6666564941406,280.8033447265625,260.0333251953125,264.510009765625,264.510009765625,793.530029296875,104972400
TSLA,2021-02-01,271.42999267578125,280.6666564941406,265.1866760253906,279.9366760253906,279.9366760253906,839.8100280761719,76174200
TSLA,2021-02-02,281.55999755859375,293.5,280.73333740234375,290.92999267578125,290.92999267578125,872.78997802734375,73038600
TSLA,2021-02-03,292.3399963378906,292.6933288574219,284.35333251953125,284.89666748046875,284.89666748046875,854.69000244140625,55030500
TSLA,2021-02-04,285,285.5,277.8066711425781,283.3299865722656,283.3299865722656,849.9899597167969,47438100
TSLA,2021-02-05,281.6666564941406,288.25665283203125,279.65667724609375,284.07666015625,284.07666015625,852.22998046875,55699800
TSLA,2021-02-08,289.8900146484375,292.5899963378906,284.9166564941406,287.8066711425781,287.8066711425781,863.4200134277344,60485100
TSLA,2021-02-09,285.0400085449219,286.6000061035156,280.5833435058594,283.1533203125,283.1533203125,849.4599609375,45473100
TSLA,2021-02-10,281.21331787109375,281.6066589355469,266.67333984375,268.2733459472656,268.2733459472656,804.8200378417969,108648300
TSLA,2021-02-11,270.8133239746094,276.6266784667969,267.24334716796875,270.5533447265625,270.5533447265625,811.6600341796875,64868400
TSLA,2021-02-12,267.086669921875,272.4433288574219,261.77667236328125,272.0400085449219,272.0400085449219,816.1200256347656,71304900
TSLA,2021-02-16,272.6666564941406,273.6666564941406,264.14666748046875,265.40667724609375,265.40667724609375,796.22003173828125,59406900
TSLA,2021-02-17,259.6966552734375,266.61334228515625,254.00332641601563,266.04998779296875,266.04998779296875,798.14996337890625,77989500
TSLA,2021-02-18,260.29998779296875,264.89666748046875,258.75665283203125,262.4599914550781,262.4599914550781,787.3799743652344,53871300
TSLA,2021-02-19,265,265.5966796875,259.1233215332031,260.4333190917969,260.4333190917969,781.2999572753906,56874900
TSLA,2021-02-22,254.2133331298828,256.1666564941406,236.73333740234375,238.1666717529297,238.1666717529297,714.5000152587891,111809100
TSLA,2021-02-23,220.7100067138672,237.8699951171875,206.3333282470703,232.94667053222656,232.94667053222656,698.8400115966797,199820700
TSLA,2021-02-24,237.28334045410156,248.3333282470703,231.38999938964844,247.33999633789063,247.33999633789063,742.0199890136719,110301000
TSLA,2021-02-25,242.0500030517578,245.73666381835938,223.52667236328125,227.4066619873047,227.4066619873047,682.2199859619141,117071700
TSLA,2021-02-26,233.3333282470703,235.56666564941406,219.836669921875,225.1666717529297,225.1666717529297,675.5000152587891,123267600
TSLA,2021-03-01,230.0366668701172,239.6666717529297,228.35000610351563,239.47666931152344,239.47666931152344,718.4300079345703,81408600
TSLA,2021-03-02,239.42666625976563,240.3699951171875,228.3333282470703,228.81333923339844,228.81333923339844,686.4400177001953,71196600
TSLA,2021-03-03,229.3300018310547,233.56666564941406,217.23666381835938,217.73333740234375,217.73333740234375,653.20001220703125,90624000
TSLA,2021-03-04,218.60000610351563,222.81666564941406,200,207.14666748046875,207.14666748046875,621.44000244140625,197758500
TSLA,2021-03-05,208.68666076660156,209.27999877929688,179.8300018310547,199.31666564941406,199.31666564941406,597.9499969482422,268189500
TSLA,2021-03-08,200.18333435058594,206.7100067138672,186.26333618164063,187.6666717529297,187.6666717529297,563.0000152587891,155361000
TSLA,2021-03-09,202.72666931152344,226.02999877929688,198.40333557128906,224.52667236328125,224.52667236328125,673.58001708984375,202569900
TSLA,2021-03-10,233.43333435058594,239.28334045410156,218.35333251953125,222.68666076660156,222.68666076660156,668.0599822998047,181817100
TSLA,2021-03-11,233.13333129882813,234.1666717529297,225.72666931152344,233.1999969482422,233.1999969482422,699.5999908447266,108761700
TSLA,2021-03-12,223.3333282470703,231.6266632080078,222.04666137695313,231.2433319091797,231.2433319091797,693.7299957275391,100751400
TSLA,2021-03-15,231.3633270263672,237.72666931152344,228.01333618164063,235.97999572753906,235.97999572753906,707.9399871826172,88006800
TSLA,2021-03-16,234.4499969482422,235.97332763671875,223.6666717529297,225.6266632080078,225.6266632080078,676.8799896240234,96587100
TSLA,2021-03-17,218.9566650390625,234.57666015625,217.00332641601563,233.93666076660156,233.93666076660156,701.8099822998047,121117500
TSLA,2021-03-18,228.09666442871094,229.7433319091797,217.3333282470703,217.72000122070313,217.72000122070313,653.1600036621094,99674400
TSLA,2021-03-19,215.53334045410156,219.07666015625,208.2066650390625,218.2899932861328,218.2899932861328,654.8699798583984,128682000
TSLA,2021-03-22,228.19667053222656,233.2066650390625,222.9166717529297,223.3333282470703,223.3333282470703,669.9999847412109,118536600
TSLA,2021-03-23,225.2566680908203,225.93333435058594,219.1699981689453,220.72000122070313,220.72000122070313,662.1600036621094,91475700
TSLA,2021-03-24,222.6366729736328,222.67333984375,210.0366668701172,210.08999633789063,210.08999633789063,630.2699890136719,101385600
TSLA,2021-03-25,204.3333282470703,215.1666717529297,203.1666717529297,213.4633331298828,213.4633331298828,640.3899993896484,117674700
TSLA,2021-03-26,213.9566650390625,214.60667419433594,199.9633331298828,206.23666381835938,206.23666381835938,618.7099914550781,101558400
TSLA,2021-03-29,205.2133331298828,205.4933319091797,198.67333984375,203.76333618164063,203.76333618164063,611.2900085449219,85911000
TSLA,2021-03-30,200.5833282470703,212.55332946777344,197.00332641601563,211.8733367919922,211.8733367919922,635.6200103759766,118297200
TSLA,2021-03-31,215.5399932861328,224,213.70333862304688,222.64332580566406,222.64332580566406,667.9299774169922,100011900
TSLA,2021-04-01,229.4566650390625,230.80667114257813,219.80667114257813,220.5833282470703,220.5833282470703,661.7499847412109,105895200
TSLA,2021-04-05,235.90333557128906,236.05332946777344,228.23333740234375,230.35000610351563,230.35000610351563,691.0500183105469,125528400
TSLA,2021-04-06,230.10000610351563,232.18333435058594,227.1233367919922,230.5399932861328,230.5399932861328,691.6199798583984,84815400
TSLA,2021-04-07,229,230.4600067138672,222.6133270263672,223.6566619873047,223.6566619873047,670.9699859619141,78928200
TSLA,2021-04-08,225.7933349609375,229.85000610351563,223.88333129882813,227.93333435058594,227.93333435058594,683.8000030517578,71772900
TSLA,2021-04-09,225.92333984375,226.99000549316406,223.14332580566406,225.67333984375,225.67333984375,677.02001953125,64311300
TSLA,2021-04-12,228.56666564941406,234.93333435058594,227.3633270263672,233.9933319091797,233.9933319091797,701.9799957275391,87407100
TSLA,2021-04-13,237.56666564941406,254.3333282470703,236.8866729736328,254.10667419433594,254.10667419433594,762.3200225830078,133958400
TSLA,2021-04-14,256.8999938964844,260.2633361816406,242.67666625976563,244.07666015625,244.07666015625,732.22998046875,147052200
TSLA,2021-04-15,247.6999969482422,247.89666748046875,240.43666076660156,246.28334045410156,246.28334045410156,738.8500213623047,83546700
TSLA,2021-04-16,242.88333129882813,249.80332946777344,241.53334045410156,246.5933380126953,246.5933380126953,739.7800140380859,83938500
TSLA,2021-04-19,239.86666870117188,241.8000030517578,230.60000610351563,238.2100067138672,238.2100067138672,714.6300201416016,119058600
TSLA,2021-04-20,239.13999938964844,245.75,236.89666748046875,239.663330078125,239.663330078125,718.989990234375,106827000
TSLA,2021-04-21,234.92333984375,248.27999877929688,232.6666717529297,248.0399932861328,248.0399932861328,744.1199798583984,93646500
TSLA,2021-04-22,247.1666717529297,251.2566680908203,239.34666442871094,239.89666748046875,239.89666748046875,719.69000244140625,106770900
TSLA,2021-04-23,239.93333435058594,245.7866668701172,238.48666381835938,243.13333129882813,243.13333129882813,729.3999938964844,85110000
TSLA,2021-04-26,247,249.76666259765625,244.20333862304688,246.06666564941406,246.06666564941406,738.1999969482422,93115500
TSLA,2021-04-27,239.32000732421875,241.3333282470703,234.4499969482422,234.913330078125,234.913330078125,704.739990234375,88311000
TSLA,2021-04-28,232.1366729736328,236.1666717529297,231.1999969482422,231.46665954589844,231.46665954589844,694.3999786376953,66813000
TSLA,2021-04-29,233.1699981689453,234.0833282470703,222.8333282470703,225.6666717529297,225.6666717529297,677.0000152587891,86536200
TSLA,2021-04-30,222.52999877929688,238.49000549316406,222.04666137695313,236.47999572753906,236.47999572753906,709.4399871826172,122276100
TSLA,2021-05-03,234.60000610351563,235.3333282470703,226.8333282470703,228.3000030517578,228.3000030517578,684.9000091552734,81129300
TSLA,2021-05-04,226.31333923339844,227.81666564941406,219.23333740234375,224.53334045410156,224.53334045410156,673.6000213623047,89217900
TSLA,2021-05-05,227.02000427246094,228.43333435058594,222.44667053222656,223.64666748046875,223.64666748046875,670.94000244140625,65705700
TSLA,2021-05-06,226.9199981689453,227.0066680908203,216.6666717529297,221.17999267578125,221.17999267578125,663.53997802734375,83353800
TSLA,2021-05-07,221.93333435058594,230,220.07333374023438,224.1233367919922,224.1233367919922,672.3700103759766,70407600
TSLA,2021-05-10,221.63333129882813,221.68333435058594,209.20333862304688,209.67999267578125,209.67999267578125,629.03997802734375,94177200
TSLA,2021-05-11,199.74667358398438,209.03334045410156,198.53334045410156,205.73333740234375,205.73333740234375,617.20001220703125,139511700
TSLA,2021-05-12,200.8300018310547,206.80332946777344,195.58999633789063,196.6300048828125,196.6300048828125,589.8900146484375,101470800
TSLA,2021-05-13,200.51333618164063,202.15333557128906,186.5500030517578,190.56333923339844,190.56333923339844,571.6900177001953,132554700
TSLA,2021-05-14,194.47000122070313,197.6233367919922,190.15333557128906,196.5800018310547,196.5800018310547,589.7400054931641,100112700
TSLA,2021-05-17,191.85000610351563,196.57666015625,187.06666564941406,192.27667236328125,192.27667236328125,576.83001708984375,97171200
TSLA,2021-05-18,189.3333282470703,198.75,187.7933349609375,192.6233367919922,192.6233367919922,577.8700103759766,110491800
TSLA,2021-05-19,184.18333435058594,188.73666381835938,182.32666015625,187.82000732421875,187.82000732421875,563.46002197265625,118735200
TSLA,2021-05-20,191.6666717529297,196.28334045410156,190.35667419433594,195.5933380126953,195.5933380126953,586.7800140380859,92463300
TSLA,2021-05-21,198.70333862304688,198.89332580566406,193.3333282470703,193.6266632080078,193.6266632080078,580.8799896240234,78091800
TSLA,2021-05-24,193.86666870117188,204.82666015625,191.21665954589844,202.14666748046875,202.14666748046875,606.44000244140625,103674300
TSLA,2021-05-25,202.43666076660156,204.663330078125,198.57000732421875,201.56333923339844,201.56333923339844,604.6900177001953,84017700
TSLA,2021-05-26,202.52000427246094,208.72332763671875,200.5,206.3766632080078,206.3766632080078,619.1299896240234,85917900
TSLA,2021-05-27,206.74667358398438,210.3766632080078,205.40333557128906,210.28334045410156,210.28334045410156,630.8500213623047,79111800
TSLA,2021-05-28,209.5,211.8633270263672,207.4600067138672,208.4066619873047,208.4066619873047,625.2199859619141,68211000
TSLA,2021-06-01,209.26666259765625,211.26666259765625,206.85000610351563,207.96665954589844,207.96665954589844,623.8999786376953,54254700
TSLA,2021-06-02,206.7100067138672,207.7866668701172,199.7133331298828,201.7066650390625,201.7066650390625,605.1199951171875,69908400
TSLA,2021-06-03,200.60000610351563,201.51666259765625,190.4066619873047,190.94667053222656,190.94667053222656,572.8400115966797,90335700
TSLA,2021-06-04,193.23666381835938,200.20333862304688,192.39999389648438,199.68333435058594,199.68333435058594,599.0500030517578,72110700
TSLA,2021-06-07,197.27667236328125,203.3333282470703,194.2933349609375,201.7100067138672,201.7100067138672,605.1300201416016,67631100
TSLA,2021-06-08,207.6699981689453,207.69667053222656,198.5,201.19667053222656,201.19667053222656,603.5900115966797,78160200
TSLA,2021-06-09,200.72332763671875,203.92999267578125,199.2100067138672,199.5933380126953,199.5933380126953,598.7800140380859,49753800
TSLA,2021-06-10,201.2933349609375,205.52999877929688,200.1666717529297,203.3733367919922,203.3733367919922,610.1200103759766,71758800
TSLA,2021-06-11,203.41000366210938,204.18666076660156,200.5066680908203,203.29666137695313,203.29666137695313,609.8899841308594,48615900
TSLA,2021-06-14,204.07666015625,208.49667358398438,203.05999755859375,205.89666748046875,205.89666748046875,617.69000244140625,61272000
TSLA,2021-06-15,205.56333923339844,205.59666442871094,199.41000366210938,199.7866668701172,199.7866668701172,599.3600006103516,53292300
TSLA,2021-06-16,199.17999267578125,202.8333282470703,197.8333282470703,201.6233367919922,201.6233367919922,604.8700103759766,66432300
TSLA,2021-06-17,200.6300048828125,207.1566619873047,200.44667053222656,205.53334045410156,205.53334045410156,616.6000213623047,68104200
TSLA,2021-06-18,204.4566650390625,209.4499969482422,203.93333435058594,207.77000427246094,207.77000427246094,623.3100128173828,73682700
TSLA,2021-06-21,208.16000366210938,210.4633331298828,202.9600067138672,206.94332885742188,206.94332885742188,620.8299865722656,74438100
TSLA,2021-06-22,206.0833282470703,209.52333068847656,205.1666717529297,207.90333557128906,207.90333557128906,623.7100067138672,57476700
TSLA,2021-06-23,210.6666717529297,219.06666564941406,210.01333618164063,218.85667419433594,218.85667419433594,656.5700225830078,93297600
TSLA,2021-06-24,224.99667358398438,232.5399932861328,222.5366668701172,226.60667419433594,226.60667419433594,679.8200225830078,137947200
TSLA,2021-06-25,229.86000061035156,231.27000427246094,222.89999389648438,223.9566650390625,223.9566650390625,671.8699951171875,97490100
TSLA,2021-06-28,223.8800048828125,231.56666564941406,223.44000244140625,229.57333374023438,229.57333374023438,688.7200012207031,64884600
TSLA,2021-06-29,228.21665954589844,229.1699981689453,225.29666137695313,226.9199981689453,226.9199981689453,680.7599945068359,52143900
TSLA,2021-06-30,226.58999633789063,230.93666076660156,226.04666137695313,226.56666564941406,226.56666564941406,679.6999969482422,56774700
TSLA,2021-07-01,227.97332763671875,229.3300018310547,224.26666259765625,225.97332763671875,225.97332763671875,677.91998291015625,55903500
TSLA,2021-07-02,226.32666015625,233.3333282470703,224.4199981689453,226.3000030517578,226.3000030517578,678.9000091552734,81163500
TSLA,2021-07-06,227.23666381835938,228,217.13333129882813,219.86000061035156,219.86000061035156,659.5800018310547,69853500
TSLA,2021-07-07,221.42333984375,221.89999389648438,212.77333068847656,214.88333129882813,214.88333129882813,644.6499938964844,56376000
TSLA,2021-07-08,209.4566650390625,218.14332580566406,206.82000732421875,217.60333251953125,217.60333251953125,652.80999755859375,68319900
TSLA,2021-07-09,217.72666931152344,219.6366729736328,214.89666748046875,218.98333740234375,218.98333740234375,656.95001220703125,54421500
TSLA,2021-07-12,220.73333740234375,229.0800018310547,220.72000122070313,228.56666564941406,228.56666564941406,685.6999969482422,77781000
TSLA,2021-07-13,228.77333068847656,231.0933380126953,222.10000610351563,222.84666442871094,222.84666442871094,668.5399932861328,62898300
TSLA,2021-07-14,223.5833282470703,226.20333862304688,217.6133270263672,217.7933349609375,217.7933349609375,653.3800048828125,64923600
TSLA,2021-07-15,219.4633331298828,222.04666137695313,212.6266632080078,216.86666870117188,216.86666870117188,650.6000061035156,60628800
TSLA,2021-07-16,218.22666931152344,218.89999389648438,214.06666564941406,214.74000549316406,214.74000549316406,644.2200164794922,49113000
TSLA,2021-07-19,209.9633331298828,215.73333740234375,207.09666442871094,215.4066619873047,215.4066619873047,646.2199859619141,63891300
TSLA,2021-07-20,217.3300018310547,220.79666137695313,213.5,220.1666717529297,220.1666717529297,660.5000152587891,46461300
TSLA,2021-07-21,219.8699951171875,221.6199951171875,216.76333618164063,218.42999267578125,218.42999267578125,655.28997802734375,41859900
TSLA,2021-07-22,218.81333923339844,220.72332763671875,214.86666870117188,216.4199981689453,216.4199981689453,649.2599945068359,45317100
TSLA,2021-07-23,215.45333862304688,216.26666259765625,212.43333435058594,214.4600067138672,214.4600067138672,643.3800201416016,43814700
TSLA,2021-07-26,216.99000549316406,222.73333740234375,215.70333862304688,219.2066650390625,219.2066650390625,657.6199951171875,76009800
TSLA,2021-07-27,221.13333129882813,222.1666717529297,209.0800018310547,214.92666625976563,214.92666625976563,644.7799987792969,98439900
TSLA,2021-07-28,215.6666717529297,218.32333374023438,213.13333129882813,215.66000366210938,215.66000366210938,646.9800109863281,48019800
TSLA,2021-07-29,216.59666442871094,227.89666748046875,216.26666259765625,225.78334045410156,225.78334045410156,677.3500213623047,91183800
TSLA,2021-07-30,223.9199981689453,232.50999450683594,223,229.06666564941406,229.06666564941406,687.1999969482422,88969200
TSLA,2021-08-02,233.3333282470703,242.31333923339844,232.8000030517578,236.55667114257813,236.55667114257813,709.6700134277344,100847400
TSLA,2021-08-03,239.6666717529297,240.88333129882813,233.6699981689453,236.5800018310547,236.5800018310547,709.7400054931641,64860900
TSLA,2021-08-04,237,241.63333129882813,236.30999755859375,236.97332763671875,236.97332763671875,710.91998291015625,51007800
TSLA,2021-08-05,238.6666717529297,240.31666564941406,237.1366729736328,238.2100067138672,238.2100067138672,714.6300201416016,38758800
TSLA,2021-08-06,237.3000030517578,238.77667236328125,232.5433349609375,233.03334045410156,233.03334045410156,699.1000213623047,46869000
TSLA,2021-08-09,236.72332763671875,239.67666625976563,235.0433349609375,237.9199981689453,237.9199981689453,713.7599945068359,44145900
TSLA,2021-08-10,237.99667358398438,238.8633270263672,233.9600067138672,236.663330078125,236.663330078125,709.989990234375,40296900
TSLA,2021-08-11,237.57000732421875,238.39332580566406,234.73666381835938,235.94000244140625,235.94000244140625,707.82000732421875,29401800
TSLA,2021-08-12,235.44667053222656,240.93333435058594,233.13333129882813,240.75,240.75,722.25,52377300
TSLA,2021-08-13,241.23666381835938,243.3000030517578,238.1133270263672,239.05667114257813,239.05667114257813,717.1700134277344,50194500
TSLA,2021-08-16,235.02333068847656,236.5,225.46665954589844,228.72332763671875,228.72332763671875,686.16998291015625,68032200
TSLA,2021-08-17,224.22000122070313,224.86000061035156,216.27999877929688,221.90333557128906,221.90333557128906,665.7100067138672,71163900
TSLA,2021-08-18,223.25,231.92333984375,223.11666870117188,229.663330078125,229.663330078125,688.989990234375,61048200
TSLA,2021-08-19,226.07000732421875,228.85000610351563,222.52999877929688,224.49000549316406,224.49000549316406,673.4700164794922,42940500
TSLA,2021-08-20,227.61666870117188,230.7100067138672,224.56666564941406,226.75332641601563,226.75332641601563,680.2599792480469,44525700
TSLA,2021-08-23,228.47999572753906,237.3766632080078,226.9166717529297,235.43333435058594,235.43333435058594,706.3000030517578,60794700
TSLA,2021-08-24,236.89332580566406,238.4066619873047,234.2133331298828,236.163330078125,236.163330078125,708.489990234375,39249300
TSLA,2021-08-25,235.67666625976563,238.99000549316406,234.6666717529297,237.06666564941406,237.06666564941406,711.1999969482422,37936800
TSLA,2021-08-26,236.10333251953125,238.46665954589844,232.5399932861328,233.72000122070313,233.72000122070313,701.1600036621094,39642900
TSLA,2021-08-27,235,238.3333282470703,234.03334045410156,237.30667114257813,237.30667114257813,711.9200134277344,41501400
TSLA,2021-08-30,238.24000549316406,243.6666717529297,237.57666015625,243.6366729736328,243.6366729736328,730.9100189208984,55812600
TSLA,2021-08-31,244.3333282470703,246.79666137695313,242.14666748046875,245.24000549316406,245.24000549316406,735.7200164794922,62566200
TSLA,2021-09-01,244.69332885742188,247.3300018310547,243.7566680908203,244.69667053222656,244.69667053222656,734.0900115966797,39612900
TSLA,2021-09-02,244.8333282470703,246.99000549316406,243.51333618164063,244.1300048828125,244.1300048828125,732.3900146484375,38331900
TSLA,2021-09-03,244.0833282470703,244.6666717529297,241.39999389648438,244.52333068847656,244.52333068847656,733.5699920654297,45738300
TSLA,2021-09-07,246.6666717529297,253.39999389648438,246.4199981689453,250.97332763671875,250.97332763671875,752.91998291015625,60119400
TSLA,2021-09-08,253.86000061035156,254.81666564941406,246.92333984375,251.2899932861328,251.2899932861328,753.8699798583984,56379000
TSLA,2021-09-09,251.1366729736328,254.03334045410156,250.5433349609375,251.6199951171875,251.6199951171875,754.8599853515625,42233100
TSLA,2021-09-10,253.1999969482422,254.20333862304688,244.83999633789063,245.42333984375,245.42333984375,736.27001953125,45552600
TSLA,2021-09-13,246.73666381835938,248.25999450683594,236.28334045410156,247.6666717529297,247.6666717529297,743.0000152587891,68857500
TSLA,2021-09-14,247.52333068847656,251.49000549316406,245.46665954589844,248.163330078125,248.163330078125,744.489990234375,55574700
TSLA,2021-09-15,248.3333282470703,252.2866668701172,246.1199951171875,251.94332885742188,251.94332885742188,755.8299865722656,46073100
TSLA,2021-09-16,250.94332885742188,252.97000122070313,249.20333862304688,252.3300018310547,252.3300018310547,756.9900054931641,41770200
TSLA,2021-09-17,252.38333129882813,253.67999267578125,250,253.163330078125,253.163330078125,759.489990234375,84612600
TSLA,2021-09-20,244.85333251953125,247.3333282470703,239.5399932861328,243.38999938964844,243.38999938964844,730.1699981689453,74273100
TSLA,2021-09-21,244.92999267578125,248.24667358398438,243.47999572753906,246.4600067138672,246.4600067138672,739.3800201416016,48992100
TSLA,2021-09-22,247.8433380126953,251.22332763671875,246.3733367919922,250.64666748046875,250.64666748046875,751.94000244140625,45378900
TSLA,2021-09-23,251.6666717529297,252.73333740234375,249.30667114257813,251.2133331298828,251.2133331298828,753.6399993896484,35842500
TSLA,2021-09-24,248.6300048828125,258.26666259765625,248.18666076660156,258.1300048828125,258.1300048828125,774.3900146484375,64119000
TSLA,2021-09-27,257.7066650390625,266.3333435058594,256.4366760253906,263.78668212890625,263.78668212890625,791.36004638671875,84212100
TSLA,2021-09-28,262.3999938964844,265.21331787109375,255.39332580566406,259.1866760253906,259.1866760253906,777.5600280761719,76144200
TSLA,2021-09-29,259.9333190917969,264.5,256.8933410644531,260.4366760253906,260.4366760253906,781.3100280761719,62828700
TSLA,2021-09-30,260.3333435058594,263.0433349609375,258.3333435058594,258.49334716796875,258.49334716796875,775.48004150390625,53868000
TSLA,2021-10-01,259.4666748046875,260.260009765625,254.52999877929688,258.40667724609375,258.40667724609375,775.22003173828125,51094200
TSLA,2021-10-04,265.5,268.989990234375,258.7066650390625,260.510009765625,260.510009765625,781.530029296875,91449900
TSLA,2021-10-05,261.6000061035156,265.7699890136719,258.0666809082031,260.1966552734375,260.1966552734375,780.5899658203125,55297800
TSLA,2021-10-06,258.73333740234375,262.2200012207031,257.739990234375,260.9166564941406,260.9166564941406,782.7499694824219,43898400
TSLA,2021-10-07,261.82000732421875,268.3333435058594,261.1266784667969,264.53668212890625,264.53668212890625,793.61004638671875,57587400
TSLA,2021-10-08,265.4033203125,265.4599914550781,260.3033447265625,261.8299865722656,261.8299865722656,785.4899597167969,50215800
TSLA,2021-10-11,262.54998779296875,267.0799865722656,261.8333435058594,263.9800109863281,263.9800109863281,791.9400329589844,42600900
TSLA,2021-10-12,266.9766540527344,270.7733459472656,265.5233459472656,268.5733337402344,268.5733337402344,805.7200012207031,66060000
TSLA,2021-10-13,270.15667724609375,271.8033447265625,268.59332275390625,270.3599853515625,270.3599853515625,811.0799560546875,42360300
TSLA,2021-10-14,271.8299865722656,273.4166564941406,271.1166687011719,272.7733459472656,272.7733459472656,818.3200378417969,36741600
TSLA,2021-10-15,274.5799865722656,281.07000732421875,274.1166687011719,281.010009765625,281.010009765625,843.030029296875,56773800
TSLA,2021-10-18,283.92999267578125,291.7533264160156,283.8233337402344,290.03668212890625,290.03668212890625,870.11004638671875,72621600
TSLA,2021-10-19,292.510009765625,292.6499938964844,287.5033264160156,288.0899963378906,288.0899963378906,864.2699890136719,52143300
TSLA,2021-10-20,288.45001220703125,289.8299865722656,285.7933349609375,288.6000061035156,288.6000061035156,865.8000183105469,42096300
TSLA,2021-10-21,285.3333435058594,300,285.1666564941406,298,298,894,94444500
TSLA,2021-10-22,298.5,303.3333435058594,296.9866638183594,303.2266540527344,303.2266540527344,909.6799621582031,68642400
TSLA,2021-10-25,316.84332275390625,348.3399963378906,314.73333740234375,341.6199951171875,341.6199951171875,1024.8599853515625,188556300
TSLA,2021-10-26,341.5633239746094,364.9800109863281,333.8133239746094,339.4766540527344,339.4766540527344,1018.4299621582031,187245000
TSLA,2021-10-27,346.5533447265625,356.9599914550781,343.59332275390625,345.9533386230469,345.9533386230469,1037.8600158691406,115579500
TSLA,2021-10-28,356.10333251953125,360.3333435058594,351.3999938964844,359.0133361816406,359.0133361816406,1077.0400085449219,81639600
TSLA,2021-10-29,360.6199951171875,371.7366638183594,357.7366638183594,371.3333435058594,371.3333435058594,1114.0000305175781,89755200
TSLA,2021-11-01,381.6666564941406,403.25,372.88665771484375,402.86334228515625,402.86334228515625,1208.5900268554688,168146100
TSLA,2021-11-02,386.4533386230469,402.86334228515625,382,390.6666564941406,390.6666564941406,1171.9999694824219,128213400
TSLA,2021-11-03,392.4433288574219,405.1300048828125,384.2066650390625,404.6199951171875,404.6199951171875,1213.8599853515625,103885500
TSLA,2021-11-04,411.4700012207031,414.4966735839844,405.6666564941406,409.9700012207031,409.9700012207031,1229.9100036621094,76192200
TSLA,2021-11-05,409.3333435058594,413.2900085449219,402.6666564941406,407.36334228515625,407.36334228515625,1222.0900268554688,64886400
TSLA,2021-11-08,383.2633361816406,399,377.6666564941406,387.64666748046875,387.64666748046875,1162.9400024414063,100337100
TSLA,2021-11-09,391.20001220703125,391.5,337.17333984375,341.1666564941406,341.1666564941406,1023.4999694824219,177317400
TSLA,2021-11-10,336.8033447265625,359.3666687011719,329.10333251953125,355.98333740234375,355.98333740234375,1067.9500122070313,128408100
TSLA,2021-11-11,367.5899963378906,368.3233337402344,351.55999755859375,354.5033264160156,354.5033264160156,1063.5099792480469,67189800
TSLA,2021-11-12,349.1666564941406,351.5,339.73333740234375,344.47332763671875,344.47332763671875,1033.4199829101563,76719300
TSLA,2021-11-15,339.2099914550781,343.99334716796875,326.20001220703125,337.7966613769531,337.7966613769531,1013.3899841308594,104326800
TSLA,2021-11-16,334.4366760253906,352.3999938964844,334.05999755859375,351.57666015625,351.57666015625,1054.72998046875,79627200
TSLA,2021-11-17,354.5033264160156,373.21331787109375,351.8333435058594,363.0033264160156,363.0033264160156,1089.0099792480469,94336200
TSLA,2021-11-18,368.8500061035156,370.6666564941406,358.3399963378906,365.4599914550781,365.4599914550781,1096.3799743652344,62696700
TSLA,2021-11-19,366.2900085449219,379.5733337402344,364.23333740234375,379.0199890136719,379.0199890136719,1137.0599670410156,64926900
TSLA,2021-11-22,387.4433288574219,400.6499938964844,377.4766540527344,385.6233215332031,385.6233215332031,1156.8699645996094,99217500
TSLA,2021-11-23,389.1700134277344,393.5,354.23333740234375,369.6766662597656,369.6766662597656,1109.0299987792969,108515100
TSLA,2021-11-24,360.1300048828125,377.5899963378906,354,372,372,1116,67680600
TSLA,2021-11-26,366.489990234375,369.59332275390625,360.3333435058594,360.6400146484375,360.6400146484375,1081.9200439453125,35042700
TSLA,2021-11-29,366.9966735839844,380.8900146484375,366.7300109863281,378.9966735839844,378.9966735839844,1136.9900207519531,58393500
TSLA,2021-11-30,381.4566650390625,389.3333435058594,372.6666564941406,381.586669921875,381.586669921875,1144.760009765625,81276000
TSLA,2021-12-01,386.8999938964844,390.9466552734375,363.586669921875,365,365,1095,68450400
TSLA,2021-12-02,366.35333251953125,371,352.2166748046875,361.5333251953125,361.5333251953125,1084.5999755859375,73114800
TSLA,2021-12-03,361.5966796875,363.52667236328125,333.4033203125,338.3233337402344,338.3233337402344,1014.9700012207031,92322000
TSLA,2021-12-06,333.836669921875,340.5466613769531,316.8333435058594,336.336669921875,336.336669921875,1009.010009765625,81663000
TSLA,2021-12-07,348.0666809082031,352.5566711425781,342.2699890136719,350.5833435058594,350.5833435058594,1051.7500305175781,56084700
TSLA,2021-12-08,350.9033203125,357.4599914550781,344.3333435058594,356.32000732421875,356.32000732421875,1068.9600219726563,41906400
TSLA,2021-12-09,353.5466613769531,354.163330078125,334.1199951171875,334.6000061035156,334.6000061035156,1003.8000183105469,59438400
TSLA,2021-12-10,336.25,340.32666015625,327.510009765625,339.010009765625,339.010009765625,1017.030029296875,59664300
TSLA,2021-12-13,333.6966552734375,335,317.1400146484375,322.13665771484375,322.13665771484375,966.40997314453125,78595500
TSLA,2021-12-14,315,322.13665771484375,310,319.5033264160156,319.5033264160156,958.5099792480469,70806300
TSLA,2021-12-15,317.7366638183594,326.25,309.4166564941406,325.3299865722656,325.3299865722656,975.9899597167969,75169200
TSLA,2021-12-16,331.5,331.6600036621094,307.2833251953125,308.97332763671875,308.97332763671875,926.91998291015625,82771500
TSLA,2021-12-17,304.92333984375,320.2200012207031,303.0133361816406,310.8566589355469,310.8566589355469,932.5699768066406,100437300
TSLA,2021-12-20,303.5666809082031,307.2300109863281,297.7966613769531,299.9800109863281,299.9800109863281,899.9400329589844,56480100
TSLA,2021-12-21,305.6233215332031,313.1666564941406,295.3733215332031,312.84332275390625,312.84332275390625,938.52996826171875,71517900
TSLA,2021-12-22,321.88665771484375,338.5533447265625,319.01666259765625,336.2900085449219,336.2900085449219,1008.8700256347656,93634200
TSLA,2021-12-23,335.6000061035156,357.6600036621094,332.5199890136719,355.6666564941406,355.6666564941406,1066.9999694824219,92713200
TSLA,2021-12-27,357.8900146484375,372.3333435058594,356.90667724609375,364.64666748046875,364.64666748046875,1093.9400024414063,71145900
TSLA,2021-12-28,369.8299865722656,373,359.47332763671875,362.8233337402344,362.8233337402344,1088.4700012207031,60324000
TSLA,2021-12-29,366.21331787109375,368,354.71331787109375,362.0633239746094,362.0633239746094,1086.1899719238281,56154000
TSLA,2021-12-30,353.77667236328125,365.1833190917969,351.04998779296875,356.7799987792969,356.7799987792969,1070.3399963378906,47040900
TSLA,2021-12-31,357.8133239746094,360.6666564941406,351.5299987792969,352.260009765625,352.260009765625,1056.780029296875,40733700
TSLA,2022-01-03,382.5833435058594,400.3566589355469,378.67999267578125,399.9266662597656,399.9266662597656,1199.7799987792969,103931400
TSLA,2022-01-04,396.51666259765625,402.6666564941406,374.3500061035156,383.1966552734375,383.1966552734375,1149.5899658203125,100248300
TSLA,2022-01-05,382.2166748046875,390.11334228515625,360.336669921875,362.7066650390625,362.7066650390625,1088.1199951171875,80119800
TSLA,2022-01-06,359,362.6666564941406,340.1666564941406,354.8999938964844,354.8999938964844,1064.6999816894531,90336600
TSLA,2022-01-07,360.1233215332031,360.30999755859375,336.6666564941406,342.32000732421875,342.32000732421875,1026.9600219726563,84164700
TSLA,2022-01-10,333.3333435058594,353.0333251953125,326.6666564941406,352.7066650390625,352.7066650390625,1058.1199951171875,91815000
TSLA,2022-01-11,351.22332763671875,358.6166687011719,346.2733459472656,354.79998779296875,354.79998779296875,1064.3999633789063,66063300
TSLA,2022-01-12,359.6166687011719,371.61334228515625,357.5299987792969,368.739990234375,368.739990234375,1106.219970703125,83739000
TSLA,2022-01-13,369.69000244140625,371.8666687011719,342.17999267578125,343.85333251953125,343.85333251953125,1031.5599975585938,97209900
TSLA,2022-01-14,339.9599914550781,350.6666564941406,337.7933349609375,349.8699951171875,349.8699951171875,1049.6099853515625,72924300
TSLA,2022-01-18,342.2033386230469,356.92999267578125,338.6866760253906,343.5033264160156,343.5033264160156,1030.5099792480469,66743400
TSLA,2022-01-19,347.2366638183594,351.5566711425781,331.6666564941406,331.8833312988281,331.8833312988281,995.6499938964844,75442500
TSLA,2022-01-20,336.57666015625,347.2200012207031,331.3333435058594,332.0899963378906,332.0899963378906,996.2699890136719,70488600
TSLA,2022-01-21,332.11334228515625,334.8500061035156,313.5,314.6333312988281,314.6333312988281,943.8999938964844,103416000
TSLA,2022-01-24,301.586669921875,311.1700134277344,283.8233337402344,310,310,930,151565700
TSLA,2022-01-25,304.73333740234375,317.086669921875,301.07000732421875,306.1333312988281,306.1333312988281,918.3999938964844,86595900
TSLA,2022-01-26,317.4766540527344,329.2300109863281,302,312.4700012207031,312.4700012207031,937.4100036621094,104867400
TSLA,2022-01-27,311.1199951171875,311.7966613769531,276.3333435058594,276.3666687011719,276.3666687011719,829.1000061035156,147109500
TSLA,2022-01-28,277.1866760253906,285.8333435058594,264.0033264160156,282.1166687011719,282.1166687011719,846.3500061035156,134789100
TSLA,2022-01-31,290.9033203125,312.663330078125,287.3500061035156,312.239990234375,312.239990234375,936.719970703125,104436000
TSLA,2022-02-01,311.7366638183594,314.5666809082031,301.6666564941406,310.4166564941406,310.4166564941406,931.2499694824219,73138200
TSLA,2022-02-02,309.3933410644531,310.5,296.4700012207031,301.88665771484375,301.88665771484375,905.65997314453125,66792900
TSLA,2022-02-03,294,312.3333435058594,293.50665283203125,297.0466613769531,297.0466613769531,891.1399841308594,78855600
TSLA,2022-02-04,299.0733337402344,312.1666564941406,293.72332763671875,307.7733459472656,307.7733459472656,923.3200378417969,73625400
TSLA,2022-02-07,307.92999267578125,315.92333984375,300.9033203125,302.4466552734375,302.4466552734375,907.3399658203125,60994500
TSLA,2022-02-08,301.84332275390625,308.7633361816406,298.26666259765625,307.3333435058594,307.3333435058594,922.0000305175781,50729100
TSLA,2022-02-09,311.6666564941406,315.42333984375,306.6666564941406,310.6666564941406,310.6666564941406,931.9999694824219,52259400
TSLA,2022-02-10,302.7900085449219,314.60333251953125,298.8999938964844,301.51666259765625,301.51666259765625,904.54998779296875,66126900
TSLA,2022-02-11,303.2099914550781,305.32000732421875,283.5666809082031,286.6666564941406,286.6666564941406,859.9999694824219,79645800
TSLA,2022-02-14,287.19000244140625,299.6266784667969,284.3833312988281,291.9200134277344,291.9200134277344,875.7600402832031,67756500
TSLA,2022-02-15,300,307.6666564941406,297.7933349609375,307.4766540527344,307.4766540527344,922.4299621582031,57286200
TSLA,2022-02-16,304.6833190917969,308.80999755859375,300.4033203125,307.7966613769531,307.7966613769531,923.3899841308594,51294300
TSLA,2022-02-17,304.4200134277344,306.1666564941406,291.3666687011719,292.1166687011719,292.1166687011719,876.3500061035156,55178400
TSLA,2022-02-18,295.3333435058594,295.6233215332031,279.2033386230469,285.6600036621094,285.6600036621094,856.9800109863281,68501700
TSLA,2022-02-22,278.0433349609375,285.57666015625,267.0333251953125,273.84332275390625,273.84332275390625,821.52996826171875,83288100
TSLA,2022-02-23,276.80999755859375,278.4333190917969,253.52000427246094,254.67999267578125,254.67999267578125,764.03997802734375,95256900
TSLA,2022-02-24,233.4633331298828,267.49334716796875,233.3333282470703,266.92333984375,266.92333984375,800.77001953125,135322200
TSLA,2022-02-25,269.74334716796875,273.1666564941406,260.79998779296875,269.9566650390625,269.9566650390625,809.8699951171875,76067700
TSLA,2022-02-28,271.6700134277344,292.28668212890625,271.57000732421875,290.1433410644531,290.1433410644531,870.4300231933594,99006900
TSLA,2022-03-01,289.8933410644531,296.6266784667969,284.59332275390625,288.1233215332031,288.1233215332031,864.3699645996094,74766900
TSLA,2022-03-02,290.7099914550781,295.49334716796875,281.42333984375,293.2966613769531,293.2966613769531,879.8899841308594,74643300
TSLA,2022-03-03,292.92333984375,295.4800109863281,277.5333251953125,279.7633361816406,279.7633361816406,839.2900085449219,61623600
TSLA,2022-03-04,283.0333251953125,285.2166748046875,275.0533447265625,279.42999267578125,279.42999267578125,838.28997802734375,66999600
TSLA,2022-03-07,285.4333190917969,288.71331787109375,268.19000244140625,268.1933288574219,268.1933288574219,804.5799865722656,72494100
TSLA,2022-03-08,265.1766662597656,283.3299865722656,260.72332763671875,274.79998779296875,274.79998779296875,824.39996337890625,80399100
TSLA,2022-03-09,279.82666015625,286.85333251953125,277.336669921875,286.3233337402344,286.3233337402344,858.9700012207031,59184000
TSLA,2022-03-10,283.8166809082031,284.8166809082031,270.1199951171875,279.4333190917969,279.4333190917969,838.2999572753906,58648500
TSLA,2022-03-11,280.0666809082031,281.26666259765625,264.5899963378906,265.1166687011719,265.1166687011719,795.3500061035156,67037100
TSLA,2022-03-14,260.2033386230469,266.8999938964844,252.01333618164063,255.4566650390625,255.4566650390625,766.3699951171875,71152200
TSLA,2022-03-15,258.42333984375,268.5233459472656,252.19000244140625,267.2966613769531,267.2966613769531,801.8899841308594,66841200
TSLA,2022-03-16,269.6666564941406,280.6666564941406,267.4200134277344,280.07666015625,280.07666015625,840.22998046875,84028800
TSLA,2022-03-17,276.9966735839844,291.6666564941406,275.239990234375,290.5333251953125,290.5333251953125,871.5999755859375,66582900
TSLA,2022-03-18,291.4966735839844,302.6166687011719,289.1300048828125,301.7966613769531,301.7966613769531,905.3899841308594,100414200
TSLA,2022-03-21,304.99334716796875,314.2833251953125,302.36334228515625,307.0533447265625,307.0533447265625,921.1600341796875,81981600
TSLA,2022-03-22,310,332.6199951171875,307.25,331.32666015625,331.32666015625,993.97998046875,105868500
TSLA,2022-03-23,326.64666748046875,346.8999938964844,325.4666748046875,333.03668212890625,333.03668212890625,999.11004638671875,120676200
TSLA,2022-03-24,336.57666015625,341.4966735839844,329.6000061035156,337.97332763671875,337.97332763671875,1013.9199829101563,68920800
TSLA,2022-03-25,336,340.6000061035156,332.44000244140625,336.8800048828125,336.8800048828125,1010.6400146484375,62031600
TSLA,2022-03-28,355.0333251953125,365.9599914550781,351.20001220703125,363.9466552734375,363.9466552734375,1091.8399658203125,102506100
TSLA,2022-03-29,369.3299865722656,371.5899963378906,357.7033386230469,366.5233459472656,366.5233459472656,1099.5700378417969,73614900
TSLA,2022-03-30,363.72332763671875,371.3166809082031,361.3333435058594,364.663330078125,364.663330078125,1093.989990234375,59865000
TSLA,2022-03-31,364.8566589355469,367.71331787109375,358.8800048828125,359.20001220703125,359.20001220703125,1077.6000366210938,48992700
TSLA,2022-04-01,360.3833312988281,364.9166564941406,355.5466613769531,361.5299987792969,361.5299987792969,1084.5899963378906,54263100
TSLA,2022-04-04,363.1266784667969,383.3033447265625,357.510009765625,381.8166809082031,381.8166809082031,1145.4500427246094,82035900
TSLA,2022-04-05,378.76666259765625,384.2900085449219,362.4333190917969,363.7533264160156,363.7533264160156,1091.2599792480469,80075100
TSLA,2022-04-06,357.8233337402344,359.6666564941406,342.5666809082031,348.586669921875,348.586669921875,1045.760009765625,89348400
TSLA,2022-04-07,350.7966613769531,358.86334228515625,340.5133361816406,352.4200134277344,352.4200134277344,1057.2600402832031,79447200
TSLA,2022-04-08,347.7366638183594,349.4800109863281,340.8133239746094,341.8299865722656,341.8299865722656,1025.4899597167969,55013700
TSLA,2022-04-11,326.79998779296875,336.15667724609375,324.8800048828125,325.30999755859375,325.30999755859375,975.92999267578125,59357100
TSLA,2022-04-12,332.5466613769531,340.39666748046875,325.5333251953125,328.98333740234375,328.98333740234375,986.95001220703125,65976000
TSLA,2022-04-13,327.02667236328125,342.0799865722656,324.3666687011719,340.7900085449219,340.7900085449219,1022.3700256347656,55121100
TSLA,2022-04-14,333.0966796875,337.57000732421875,327.39666748046875,328.3333435058594,328.3333435058594,985.0000305175781,58422300
TSLA,2022-04-18,329.6766662597656,338.3066711425781,324.4700012207031,334.7633361816406,334.7633361816406,1004.2900085449219,51715200
TSLA,2022-04-19,335.0199890136719,344.9800109863281,331.77667236328125,342.7166748046875,342.7166748046875,1028.1500244140625,49847700
TSLA,2022-04-20,343.3333435058594,344.6666564941406,325.0833435058594,325.73333740234375,325.73333740234375,977.20001220703125,70711200
TSLA,2022-04-21,358.24334716796875,364.0733337402344,332.1400146484375,336.260009765625,336.260009765625,1008.780029296875,105416400
TSLA,2022-04-22,338.3033447265625,344.95001220703125,331.3333435058594,335.01666259765625,335.01666259765625,1005.0499877929688,69696600
TSLA,2022-04-25,326.3233337402344,336.2066650390625,325.1000061035156,332.67333984375,332.67333984375,998.02001953125,68341200
TSLA,2022-04-26,331.80999755859375,333.3333435058594,291.6666564941406,292.1400146484375,292.1400146484375,876.4200439453125,136133700
TSLA,2022-04-27,299.52667236328125,306,292.4533386230469,293.836669921875,293.836669921875,881.510009765625,76956300
TSLA,2022-04-28,299.99334716796875,300,273.8999938964844,292.5033264160156,292.5033264160156,877.5099792480469,124948500
TSLA,2022-04-29,300.75,311.4666748046875,290,290.2533264160156,290.2533264160156,870.7599792480469,88133100
TSLA,2022-05-02,286.92333984375,302.1199951171875,282.6766662597656,300.9800109863281,300.9800109863281,902.9400329589844,75781500
TSLA,2022-05-03,301.05999755859375,308.02667236328125,296.1966552734375,303.0833435058594,303.0833435058594,909.2500305175781,63709500
TSLA,2022-05-04,301.3133239746094,318.5,295.09332275390625,317.5400085449219,317.5400085449219,952.6200256347656,81643800
TSLA,2022-05-05,313.00665283203125,315.20001220703125,285.8999938964844,291.09332275390625,291.09332275390625,873.27996826171875,92519100
TSLA,2022-05-06,295.6666564941406,296,281.03668212890625,288.54998779296875,288.54998779296875,865.64996337890625,72903000
TSLA,2022-05-09,278.8166809082031,281.8766784667969,260.3833312988281,262.3699951171875,262.3699951171875,787.1099853515625,90810300
TSLA,2022-05-10,273.10333251953125,275.1199951171875,258.0833435058594,266.67999267578125,266.67999267578125,800.03997802734375,84401700
TSLA,2022-05-11,265,269.92333984375,242.39999389648438,244.6666717529297,244.6666717529297,734.0000152587891,97224600
TSLA,2022-05-12,233.6666717529297,253.22000122070313,226.6666717529297,242.6666717529297,242.6666717529297,728.0000152587891,140313000
TSLA,2022-05-13,257.82666015625,262.45001220703125,250.52333068847656,256.5299987792969,256.5299987792969,769.5899963378906,92150700
TSLA,2022-05-16,255.72000122070313,256.586669921875,239.69667053222656,241.4566650390625,241.4566650390625,724.3699951171875,86098500
TSLA,2022-05-17,249.1199951171875,254.82666015625,242.9499969482422,253.8699951171875,253.8699951171875,761.6099853515625,80236200
TSLA,2022-05-18,248.17333984375,253.5,233.60333251953125,236.60333251953125,236.60333251953125,709.80999755859375,87811800
TSLA,2022-05-19,235.6666717529297,244.6666717529297,231.3699951171875,236.47332763671875,236.47332763671875,709.41998291015625,90296700
TSLA,2022-05-20,237.99667358398438,240.52667236328125,211,221.3000030517578,221.3000030517578,663.9000091552734,144973200
TSLA,2022-05-23,218.33999633789063,226.65333557128906,212.68666076660156,224.96665954589844,224.96665954589844,674.8999786376953,88903500
TSLA,2022-05-24,217.8433380126953,217.97332763671875,206.85667419433594,209.3866729736328,209.3866729736328,628.1600189208984,89092500
TSLA,2022-05-25,207.9499969482422,223.10667419433594,207.6699981689453,219.60000610351563,219.60000610351563,658.8000183105469,92139300
TSLA,2022-05-26,220.47332763671875,239.55667114257813,217.8866729736328,235.91000366210938,235.91000366210938,707.7300109863281,106003200
TSLA,2022-05-27,241.0833282470703,253.26666259765625,240.17666625976563,253.2100067138672,253.2100067138672,759.6300201416016,89295000
TSLA,2022-05-31,257.9466552734375,259.6000061035156,244.7433319091797,252.75332641601563,252.75332641601563,758.2599792480469,101914500
TSLA,2022-06-01,251.72000122070313,257.32666015625,243.63999938964844,246.7899932861328,246.7899932861328,740.3699798583984,77247900
TSLA,2022-06-02,244.1566619873047,264.2099914550781,242.06666564941406,258.3333435058594,258.3333435058594,775.0000305175781,93473100
TSLA,2022-06-03,243.22666931152344,247.79666137695313,233.4166717529297,234.51666259765625,234.51666259765625,703.54998779296875,112393800
TSLA,2022-06-06,244.35333251953125,244.86666870117188,234.35000610351563,238.27999877929688,238.27999877929688,714.8399963378906,84204600
TSLA,2022-06-07,234,239.99667358398438,230.0933380126953,238.8866729736328,238.8866729736328,716.6600189208984,72808500
TSLA,2022-06-08,240.086669921875,249.9633331298828,239.17666625976563,241.86666870117188,241.86666870117188,725.6000061035156,76210500
TSLA,2022-06-09,249.33999633789063,255.54666137695313,239.32666015625,239.7066650390625,239.7066650390625,719.1199951171875,96491400
TSLA,2022-06-10,235.1566619873047,239.5,227.913330078125,232.22999572753906,232.22999572753906,696.6899871826172,97536600
TSLA,2022-06-13,223.1666717529297,226.63333129882813,214.68333435058594,215.73666381835938,215.73666381835938,647.2099914550781,102767400
TSLA,2022-06-14,218.2866668701172,226.3300018310547,211.73666381835938,220.88999938964844,220.88999938964844,662.6699981689453,97988700
TSLA,2022-06-15,220.9166717529297,235.663330078125,218.14999389648438,233,233,699,119131800
TSLA,2022-06-16,222.73666381835938,225.1666717529297,208.69332885742188,213.10000610351563,213.10000610351563,639.3000183105469,107390700
TSLA,2022-06-17,213.43333435058594,220.97000122070313,213.19667053222656,216.75999450683594,216.75999450683594,650.2799835205078,92641800
TSLA,2022-06-21,224.60333251953125,243.57666015625,224.3333282470703,237.0366668701172,237.0366668701172,711.1100006103516,122793000
TSLA,2022-06-22,234.50332641601563,246.8333282470703,233.82666015625,236.086669921875,236.086669921875,708.260009765625,101107500
TSLA,2022-06-23,237.9066619873047,239.31666564941406,228.6366729736328,235.07000732421875,235.07000732421875,705.21002197265625,104202600
TSLA,2022-06-24,237.47000122070313,246.06666564941406,236.086669921875,245.7066650390625,245.7066650390625,737.1199951171875,95770800
TSLA,2022-06-27,249.36666870117188,252.07000732421875,242.56666564941406,244.9199981689453,244.9199981689453,734.7599945068359,89178300
TSLA,2022-06-28,244.48333740234375,249.97000122070313,232.3433380126953,232.663330078125,232.663330078125,697.989990234375,90391200
TSLA,2022-06-29,230.5,231.17333984375,222.27333068847656,228.49000549316406,228.49000549316406,685.4700164794922,82897200
TSLA,2022-06-30,224.50999450683594,229.4566650390625,218.8633270263672,224.47332763671875,224.47332763671875,673.41998291015625,94600500
TSLA,2022-07-01,227,230.22999572753906,222.1199951171875,227.26333618164063,227.26333618164063,681.7900085449219,74460300
TSLA,2022-07-05,223,233.14666748046875,216.1666717529297,233.06666564941406,233.06666564941406,699.1999969482422,84581100
TSLA,2022-07-06,230.77999877929688,234.56333923339844,227.18666076660156,231.73333740234375,231.73333740234375,695.20001220703125,71853600
TSLA,2022-07-07,233.9199981689453,245.3633270263672,232.2100067138672,244.5433349609375,244.5433349609375,733.6300048828125,81930600
TSLA,2022-07-08,242.3333282470703,254.97999572753906,241.16000366210938,250.76333618164063,250.76333618164063,752.2900085449219,101854200
TSLA,2022-07-11,252.10333251953125,253.06333923339844,233.6266632080078,234.3433380126953,234.3433380126953,703.0300140380859,99241200
TSLA,2022-07-12,236.84666442871094,239.77333068847656,228.3699951171875,233.07000732421875,233.07000732421875,699.21002197265625,87930900
TSLA,2022-07-13,225.5,242.05999755859375,225.03334045410156,237.0399932861328,237.0399932861328,711.1199798583984,97954500
TSLA,2022-07-14,234.89666748046875,238.65333557128906,229.3333282470703,238.31333923339844,238.31333923339844,714.9400177001953,78557400
TSLA,2022-07-15,240,243.6233367919922,236.88999938964844,240.06666564941406,240.06666564941406,720.1999969482422,69683100
TSLA,2022-07-18,244.93666076660156,250.51666259765625,239.60333251953125,240.54666137695313,240.54666137695313,721.6399841308594,82537500
TSLA,2022-07-19,245,247.13999938964844,236.97666931152344,245.52999877929688,245.52999877929688,736.5899963378906,80890200
TSLA,2022-07-20,246.78334045410156,250.663330078125,243.48333740234375,247.5,247.5,742.5,88864200
TSLA,2022-07-21,255.10667419433594,273.26666259765625,254.86666870117188,271.7066650390625,271.7066650390625,815.1199951171875,142032300
TSLA,2022-07-22,276.2200012207031,280.78668212890625,270.71331787109375,272.24334716796875,272.24334716796875,816.73004150390625,103472700
TSLA,2022-07-25,272.2166748046875,274.14666748046875,267.3999938964844,268.4333190917969,268.4333190917969,805.2999572753906,64073400
TSLA,2022-07-26,266.5133361816406,267.30999755859375,256.2633361816406,258.8599853515625,258.8599853515625,776.5799560546875,66820800
TSLA,2022-07-27,263.80999755859375,275.9266662597656,261.7900085449219,274.82000732421875,274.82000732421875,824.46002197265625,88110000
TSLA,2022-07-28,280.0666809082031,283.29998779296875,272.79998779296875,280.8999938964844,280.8999938964844,842.6999816894531,84723000
TSLA,2022-07-29,280.70001220703125,298.32000732421875,279.1000061035156,297.1499938964844,297.1499938964844,891.4499816894531,95313000
TSLA,2022-08-01,301.27667236328125,311.8766784667969,295,297.27667236328125,297.27667236328125,891.83001708984375,117042900
TSLA,2022-08-02,294.0033264160156,307.8333435058594,292.6666564941406,300.586669921875,300.586669921875,901.760009765625,95577600
TSLA,2022-08-03,305,309.54998779296875,301.1499938964844,307.39666748046875,307.39666748046875,922.19000244140625,80091000
TSLA,2022-08-04,311,313.6066589355469,305,308.6333312988281,308.6333312988281,925.8999938964844,72256200
TSLA,2022-08-05,302.6700134277344,304.6066589355469,285.5433349609375,288.1700134277344,288.1700134277344,864.5100402832031,113172900
TSLA,2022-08-08,295,305.20001220703125,289.086669921875,290.42333984375,290.42333984375,871.27001953125,98994000
TSLA,2022-08-09,290.2933349609375,292.39666748046875,279.35333251953125,283.3333435058594,283.3333435058594,850.0000305175781,86244600
TSLA,2022-08-10,297.0666809082031,297.510009765625,283.3699951171875,294.3566589355469,294.3566589355469,883.0699768066406,94918800
TSLA,2022-08-11,296.5133361816406,298.2366638183594,285.8333435058594,286.6300048828125,286.6300048828125,859.8900146484375,70155000
TSLA,2022-08-12,289.4166564941406,300.1600036621094,285.0333251953125,300.0299987792969,300.0299987792969,900.0899963378906,79657200
TSLA,2022-08-15,301.78668212890625,313.1333312988281,301.2300109863281,309.32000732421875,309.32000732421875,927.96002197265625,89359200
TSLA,2022-08-16,311.6666564941406,314.6666564941406,302.8833312988281,306.5633239746094,306.5633239746094,919.6899719238281,88136400
TSLA,2022-08-17,303.39666748046875,309.65667724609375,300.0333251953125,303.9966735839844,303.9966735839844,911.9900207519531,68766000
TSLA,2022-08-18,306,306.5,301.85333251953125,302.8699951171875,302.8699951171875,908.6099853515625,47500500
TSLA,2022-08-19,299,300.3599853515625,292.5,296.6666564941406,296.6666564941406,889.9999694824219,61395300
TSLA,2022-08-22,291.913330078125,292.3999938964844,286.2966613769531,289.913330078125,289.913330078125,869.739990234375,55843200
TSLA,2022-08-23,291.4533386230469,298.82666015625,287.92333984375,296.4533386230469,296.4533386230469,889.3600158691406,63984900
TSLA,2022-08-24,297.5633239746094,303.64666748046875,296.5,297.0966796875,297.0966796875,891.2900390625,57259800
TSLA,2022-08-25,302.3599853515625,302.9599914550781,291.6000061035156,296.07000732421875,296.07000732421875,296.07000732421875,53230000
TSLA,2022-08-26,297.42999267578125,302,287.4700012207031,288.0899963378906,288.0899963378906,288.0899963378906,57163900
TSLA,2022-08-29,282.8299865722656,287.739990234375,280.70001220703125,284.82000732421875,284.82000732421875,284.82000732421875,41864700
TSLA,2022-08-30,287.8699951171875,288.4800109863281,272.6499938964844,277.70001220703125,277.70001220703125,277.70001220703125,50541800
TSLA,2022-08-31,280.6199951171875,281.25,271.80999755859375,275.6099853515625,275.6099853515625,275.6099853515625,52107300
TSLA,2022-09-01,272.5799865722656,277.5799865722656,266.1499938964844,277.1600036621094,277.1600036621094,277.1600036621094,54287000
TSLA,2022-09-02,281.07000732421875,282.3500061035156,269.0799865722656,270.2099914550781,270.2099914550781,270.2099914550781,50890100
TSLA,2022-09-06,272.67999267578125,275.989990234375,265.739990234375,274.4200134277344,274.4200134277344,274.4200134277344,55860000
TSLA,2022-09-07,273.1000061035156,283.8399963378906,272.2699890136719,283.70001220703125,283.70001220703125,283.70001220703125,50028900
TSLA,2022-09-08,281.29998779296875,289.5,279.760009765625,289.260009765625,289.260009765625,289.260009765625,53713100
TSLA,2022-09-09,291.6700134277344,299.8500061035156,291.25,299.67999267578125,299.67999267578125,299.67999267578125,54338100
TSLA,2022-09-12,300.7200012207031,305.489990234375,300.3999938964844,304.4200134277344,304.4200134277344,304.4200134277344,48674600
TSLA,2022-09-13,292.8999938964844,297.3999938964844,290.3999938964844,292.1300048828125,292.1300048828125,292.1300048828125,68229600
TSLA,2022-09-14,292.239990234375,306,291.6400146484375,302.6099853515625,302.6099853515625,302.6099853515625,72628700
TSLA,2022-09-15,301.8299865722656,309.1199951171875,300.7200012207031,303.75,303.75,303.75,64795500
TSLA,2022-09-16,299.6099853515625,303.7099914550781,295.6000061035156,303.3500061035156,303.3500061035156,303.3500061035156,87087800
TSLA,2022-09-19,300.0899963378906,309.8399963378906,297.79998779296875,309.07000732421875,309.07000732421875,309.07000732421875,60231200
TSLA,2022-09-20,306.9100036621094,313.3299865722656,305.5799865722656,308.7300109863281,308.7300109863281,308.7300109863281,61642800
TSLA,2022-09-21,308.2900085449219,313.79998779296875,300.6300048828125,300.79998779296875,300.79998779296875,300.79998779296875,62555700
TSLA,2022-09-22,299.8599853515625,301.2900085449219,285.82000732421875,288.5899963378906,288.5899963378906,288.5899963378906,70545400
TSLA,2022-09-23,283.0899963378906,284.5,272.82000732421875,275.3299865722656,275.3299865722656,275.3299865722656,63748400
TSLA,2022-09-26,271.8299865722656,284.0899963378906,270.30999755859375,276.010009765625,276.010009765625,276.010009765625,58076900
TSLA,2022-09-27,283.8399963378906,288.6700134277344,277.510009765625,282.94000244140625,282.94000244140625,282.94000244140625,61925200
TSLA,2022-09-28,283.0799865722656,289,277.57000732421875,287.80999755859375,287.80999755859375,287.80999755859375,54664800
TSLA,2022-09-29,282.760009765625,283.6499938964844,265.7799987792969,268.2099914550781,268.2099914550781,268.2099914550781,77620600
TSLA,2022-09-30,266.1499938964844,275.57000732421875,262.4700012207031,265.25,265.25,265.25,67726600
TSLA,2022-10-03,254.5,255.16000366210938,241.00999450683594,242.39999389648438,242.39999389648438,242.39999389648438,98363500
TSLA,2022-10-04,250.52000427246094,257.5,242.00999450683594,249.44000244140625,249.44000244140625,249.44000244140625,109578500
TSLA,2022-10-05,245.00999450683594,246.6699981689453,233.27000427246094,240.80999755859375,240.80999755859375,240.80999755859375,86982700
TSLA,2022-10-06,239.44000244140625,244.5800018310547,235.35000610351563,238.1300048828125,238.1300048828125,238.1300048828125,69298400
TSLA,2022-10-07,233.94000244140625,234.57000732421875,222.02000427246094,223.07000732421875,223.07000732421875,223.07000732421875,83916800
TSLA,2022-10-10,223.92999267578125,226.99000549316406,218.36000061035156,222.9600067138672,222.9600067138672,222.9600067138672,67925000
TSLA,2022-10-11,220.9499969482422,225.75,215,216.5,216.5,216.5,77013200
TSLA,2022-10-12,215.3300018310547,219.3000030517578,211.50999450683594,217.24000549316406,217.24000549316406,217.24000549316406,66860700
TSLA,2022-10-13,208.3000030517578,222.99000549316406,206.22000122070313,221.72000122070313,221.72000122070313,221.72000122070313,91483000
TSLA,2022-10-14,224.00999450683594,226.25999450683594,204.16000366210938,204.99000549316406,204.99000549316406,204.99000549316406,94124500
TSLA,2022-10-17,210.0399932861328,221.86000061035156,209.4499969482422,219.35000610351563,219.35000610351563,219.35000610351563,79428800
TSLA,2022-10-18,229.5,229.82000732421875,217.25,220.19000244140625,220.19000244140625,220.19000244140625,75891900
TSLA,2022-10-19,219.8000030517578,222.92999267578125,217.77999877929688,222.0399932861328,222.0399932861328,222.0399932861328,66571500
TSLA,2022-10-20,208.27999877929688,215.5500030517578,202,207.27999877929688,207.27999877929688,207.27999877929688,117798100
TSLA,2022-10-21,206.4199981689453,214.66000366210938,203.8000030517578,214.44000244140625,214.44000244140625,214.44000244140625,75713800
TSLA,2022-10-24,205.82000732421875,213.5,198.58999633789063,211.25,211.25,211.25,100446800
TSLA,2022-10-25,210.10000610351563,224.35000610351563,210,222.4199981689453,222.4199981689453,222.4199981689453,96507900
TSLA,2022-10-26,219.39999389648438,230.60000610351563,218.1999969482422,224.63999938964844,224.63999938964844,224.63999938964844,85012500
TSLA,2022-10-27,229.77000427246094,233.80999755859375,222.85000610351563,225.08999633789063,225.08999633789063,225.08999633789063,61638800
TSLA,2022-10-28,225.39999389648438,228.86000061035156,216.35000610351563,228.52000427246094,228.52000427246094,228.52000427246094,69152400
TSLA,2022-10-31,226.19000244140625,229.85000610351563,221.94000244140625,227.5399932861328,227.5399932861328,227.5399932861328,61554300
TSLA,2022-11-01,234.0500030517578,237.39999389648438,227.27999877929688,227.82000732421875,227.82000732421875,227.82000732421875,62688800
TSLA,2022-11-02,226.0399932861328,227.8699951171875,214.82000732421875,214.97999572753906,214.97999572753906,214.97999572753906,63070300
TSLA,2022-11-03,211.36000061035156,221.1999969482422,210.13999938964844,215.30999755859375,215.30999755859375,215.30999755859375,56538800
TSLA,2022-11-04,222.60000610351563,223.8000030517578,203.0800018310547,207.47000122070313,207.47000122070313,207.47000122070313,98622200
TSLA,2022-11-07,208.64999389648438,208.89999389648438,196.66000366210938,197.0800018310547,197.0800018310547,197.0800018310547,93916500
TSLA,2022-11-08,194.02000427246094,195.1999969482422,186.75,191.3000030517578,191.3000030517578,191.3000030517578,128803400
TSLA,2022-11-09,190.77999877929688,195.88999938964844,177.1199951171875,177.58999633789063,177.58999633789063,177.58999633789063,127062700
TSLA,2022-11-10,189.89999389648438,191,180.02999877929688,190.72000122070313,190.72000122070313,190.72000122070313,132703000
TSLA,2022-11-11,186,196.52000427246094,182.58999633789063,195.97000122070313,195.97000122070313,195.97000122070313,114403600
TSLA,2022-11-14,192.77000427246094,195.72999572753906,186.33999633789063,190.9499969482422,190.9499969482422,190.9499969482422,92226600
TSLA,2022-11-15,195.8800048828125,200.82000732421875,192.05999755859375,194.4199981689453,194.4199981689453,194.4199981689453,91293800
TSLA,2022-11-16,191.50999450683594,192.57000732421875,185.66000366210938,186.9199981689453,186.9199981689453,186.9199981689453,66567600
TSLA,2022-11-17,183.9600067138672,186.16000366210938,180.89999389648438,183.1699981689453,183.1699981689453,183.1699981689453,64336000
TSLA,2022-11-18,185.0500030517578,185.19000244140625,176.5500030517578,180.19000244140625,180.19000244140625,180.19000244140625,76048900
TSLA,2022-11-21,175.85000610351563,176.77000427246094,167.5399932861328,167.8699951171875,167.8699951171875,167.8699951171875,92882700
TSLA,2022-11-22,168.6300048828125,170.9199981689453,166.19000244140625,169.91000366210938,169.91000366210938,169.91000366210938,78452300
TSLA,2022-11-23,173.57000732421875,183.6199951171875,172.5,183.1999969482422,183.1999969482422,183.1999969482422,109536700
TSLA,2022-11-25,185.05999755859375,185.1999969482422,180.6300048828125,182.86000061035156,182.86000061035156,182.86000061035156,50672700
TSLA,2022-11-28,179.9600067138672,188.5,179,182.9199981689453,182.9199981689453,182.9199981689453,92905200
TSLA,2022-11-29,184.99000549316406,186.3800048828125,178.75,180.8300018310547,180.8300018310547,180.8300018310547,83357100
TSLA,2022-11-30,182.42999267578125,194.75999450683594,180.6300048828125,194.6999969482422,194.6999969482422,194.6999969482422,109186400
TSLA,2022-12-01,197.0800018310547,198.9199981689453,191.8000030517578,194.6999969482422,194.6999969482422,194.6999969482422,80046200
TSLA,2022-12-02,191.77999877929688,196.25,191.11000061035156,194.86000061035156,194.86000061035156,194.86000061035156,73645900
TSLA,2022-12-05,189.44000244140625,191.27000427246094,180.5500030517578,182.4499969482422,182.4499969482422,182.4499969482422,93122700
TSLA,2022-12-06,181.22000122070313,183.64999389648438,175.3300018310547,179.82000732421875,179.82000732421875,179.82000732421875,92150800
TSLA,2022-12-07,175.02999877929688,179.3800048828125,172.22000122070313,174.0399932861328,174.0399932861328,174.0399932861328,84213300
TSLA,2022-12-08,172.1999969482422,175.1999969482422,169.05999755859375,173.44000244140625,173.44000244140625,173.44000244140625,97624500
TSLA,2022-12-09,173.83999633789063,182.5,173.36000061035156,179.0500030517578,179.0500030517578,179.0500030517578,104872300
TSLA,2022-12-12,176.10000610351563,177.3699951171875,167.52000427246094,167.82000732421875,167.82000732421875,167.82000732421875,109794500
TSLA,2022-12-13,174.8699951171875,175.0500030517578,156.91000366210938,160.9499969482422,160.9499969482422,160.9499969482422,175862700
TSLA,2022-12-14,159.25,161.6199951171875,155.30999755859375,156.8000030517578,156.8000030517578,156.8000030517578,140682300
TSLA,2022-12-15,153.44000244140625,160.92999267578125,153.27999877929688,157.6699981689453,157.6699981689453,157.6699981689453,122334500
TSLA,2022-12-16,159.63999938964844,160.99000549316406,150.0399932861328,150.22999572753906,150.22999572753906,150.22999572753906,139032200
TSLA,2022-12-19,154,155.25,145.82000732421875,149.8699951171875,149.8699951171875,149.8699951171875,139390600
TSLA,2022-12-20,146.0500030517578,148.47000122070313,137.66000366210938,137.8000030517578,137.8000030517578,137.8000030517578,159563300
TSLA,2022-12-21,139.33999633789063,141.25999450683594,135.88999938964844,137.57000732421875,137.57000732421875,137.57000732421875,145417400
TSLA,2022-12-22,136,136.6300048828125,122.26000213623047,125.3499984741211,125.3499984741211,125.3499984741211,210090300
TSLA,2022-12-23,126.37000274658203,128.6199951171875,121.0199966430664,123.1500015258789,123.1500015258789,123.1500015258789,166989700
TSLA,2022-12-27,117.5,119.66999816894531,108.76000213623047,109.0999984741211,109.0999984741211,109.0999984741211,208643400
TSLA,2022-12-28,110.3499984741211,116.2699966430664,108.23999786376953,112.70999908447266,112.70999908447266,112.70999908447266,221070500
TSLA,2022-12-29,120.38999938964844,123.56999969482422,117.5,121.81999969482422,121.81999969482422,121.81999969482422,221923300
TSLA,2022-12-30,119.94999694824219,124.4800033569336,119.75,123.18000030517578,123.18000030517578,123.18000030517578,157777300
TSLA,2023-01-03,118.47000122070313,118.80000305175781,104.63999938964844,108.0999984741211,108.0999984741211,108.0999984741211,231402800
TSLA,2023-01-04,109.11000061035156,114.58999633789063,107.5199966430664,113.63999938964844,113.63999938964844,113.63999938964844,180389000
TSLA,2023-01-05,110.51000213623047,111.75,107.16000366210938,110.33999633789063,110.33999633789063,110.33999633789063,157986300
TSLA,2023-01-06,103,114.38999938964844,101.80999755859375,113.05999755859375,113.05999755859375,113.05999755859375,220911100
TSLA,2023-01-09,118.95999908447266,123.5199966430664,117.11000061035156,119.7699966430664,119.7699966430664,119.7699966430664,190284000
TSLA,2023-01-10,121.06999969482422,122.76000213623047,114.91999816894531,118.8499984741211,118.8499984741211,118.8499984741211,167642500
TSLA,2023-01-11,122.08999633789063,125.94999694824219,120.51000213623047,123.22000122070313,123.22000122070313,123.22000122070313,183810800
TSLA,2023-01-12,122.55999755859375,124.12999725341797,117,123.55999755859375,123.55999755859375,123.55999755859375,169400900
TSLA,2023-01-13,116.55000305175781,122.62999725341797,115.5999984741211,122.4000015258789,122.4000015258789,122.4000015258789,180714100
TSLA,2023-01-17,125.69999694824219,131.6999969482422,125.0199966430664,131.49000549316406,131.49000549316406,131.49000549316406,186477000
TSLA,2023-01-18,136.55999755859375,136.67999267578125,127.01000213623047,128.77999877929688,128.77999877929688,128.77999877929688,195680300
TSLA,2023-01-19,127.26000213623047,129.99000549316406,124.30999755859375,127.16999816894531,127.16999816894531,127.16999816894531,170291900
TSLA,2023-01-20,128.67999267578125,133.50999450683594,127.3499984741211,133.4199981689453,133.4199981689453,133.4199981689453,138858100
TSLA,2023-01-23,135.8699951171875,145.3800048828125,134.27000427246094,143.75,143.75,143.75,203119200
TSLA,2023-01-24,143,146.5,141.10000610351563,143.88999938964844,143.88999938964844,143.88999938964844,158699100
TSLA,2023-01-25,141.91000366210938,146.41000366210938,138.07000732421875,144.42999267578125,144.42999267578125,144.42999267578125,192734300
TSLA,2023-01-26,159.97000122070313,161.4199981689453,154.75999450683594,160.27000427246094,160.27000427246094,160.27000427246094,234815100
TSLA,2023-01-27,162.42999267578125,180.67999267578125,161.1699981689453,177.89999389648438,177.89999389648438,177.89999389648438,306590600
TSLA,2023-01-30,178.0500030517578,179.77000427246094,166.5,166.66000366210938,166.66000366210938,166.66000366210938,230878800
TSLA,2023-01-31,164.57000732421875,174.3000030517578,162.77999877929688,173.22000122070313,173.22000122070313,173.22000122070313,196813500
TSLA,2023-02-01,173.88999938964844,183.80999755859375,169.92999267578125,181.41000366210938,181.41000366210938,181.41000366210938,213806300
TSLA,2023-02-02,187.3300018310547,196.75,182.61000061035156,188.27000427246094,188.27000427246094,188.27000427246094,217448300
TSLA,2023-02-03,183.9499969482422,199,183.69000244140625,189.97999572753906,189.97999572753906,189.97999572753906,232662000
TSLA,2023-02-06,193.00999450683594,198.1699981689453,189.9199981689453,194.75999450683594,194.75999450683594,194.75999450683594,186188100
TSLA,2023-02-07,196.42999267578125,197.5,189.5500030517578,196.80999755859375,196.80999755859375,196.80999755859375,186010300
TSLA,2023-02-08,196.10000610351563,203,194.30999755859375,201.2899932861328,201.2899932861328,201.2899932861328,180673600
TSLA,2023-02-09,207.77999877929688,214,204.77000427246094,207.32000732421875,207.32000732421875,207.32000732421875,215431400
TSLA,2023-02-10,202.22999572753906,206.1999969482422,192.88999938964844,196.88999938964844,196.88999938964844,196.88999938964844,204754100
TSLA,2023-02-13,194.4199981689453,196.3000030517578,187.61000061035156,194.63999938964844,194.63999938964844,194.63999938964844,172475500
TSLA,2023-02-14,191.94000244140625,209.82000732421875,189.44000244140625,209.25,209.25,209.25,216455700
TSLA,2023-02-15,211.75999450683594,214.66000366210938,206.11000061035156,214.24000549316406,214.24000549316406,214.24000549316406,181006400
TSLA,2023-02-16,210.77999877929688,217.64999389648438,201.83999633789063,202.0399932861328,202.0399932861328,202.0399932861328,229586500
TSLA,2023-02-17,199.99000549316406,208.44000244140625,197.5,208.30999755859375,208.30999755859375,208.30999755859375,213738500
TSLA,2023-02-21,204.99000549316406,209.7100067138672,197.22000122070313,197.3699951171875,197.3699951171875,197.3699951171875,180018600
TSLA,2023-02-22,197.92999267578125,201.99000549316406,191.77999877929688,200.86000061035156,200.86000061035156,200.86000061035156,191828500
TSLA,2023-02-23,203.91000366210938,205.13999938964844,196.3300018310547,202.07000732421875,202.07000732421875,202.07000732421875,146360000
TSLA,2023-02-24,196.3300018310547,197.6699981689453,192.8000030517578,196.8800048828125,196.8800048828125,196.8800048828125,142228100
TSLA,2023-02-27,202.02999877929688,209.4199981689453,201.25999450683594,207.6300048828125,207.6300048828125,207.6300048828125,161028300
TSLA,2023-02-28,210.58999633789063,211.22999572753906,203.75,205.7100067138672,205.7100067138672,205.7100067138672,153144900
TSLA,2023-03-01,206.2100067138672,207.1999969482422,198.52000427246094,202.77000427246094,202.77000427246094,202.77000427246094,156852800
TSLA,2023-03-02,186.74000549316406,193.75,186.00999450683594,190.89999389648438,190.89999389648438,190.89999389648438,181500700
TSLA,2023-03-03,194.8000030517578,200.47999572753906,192.8800048828125,197.7899932861328,197.7899932861328,197.7899932861328,154193300
TSLA,2023-03-06,198.5399932861328,198.60000610351563,192.3000030517578,193.80999755859375,193.80999755859375,193.80999755859375,128100100
TSLA,2023-03-07,191.3800048828125,194.1999969482422,186.10000610351563,187.7100067138672,187.7100067138672,187.7100067138672,148125800
TSLA,2023-03-08,185.0399932861328,186.5,180,182,182,182,151897800
TSLA,2023-03-09,180.25,185.17999267578125,172.50999450683594,172.9199981689453,172.9199981689453,172.9199981689453,170023800
TSLA,2023-03-10,175.1300048828125,178.2899932861328,168.44000244140625,173.44000244140625,173.44000244140625,173.44000244140625,191488900
TSLA,2023-03-13,167.4600067138672,177.35000610351563,163.91000366210938,174.47999572753906,174.47999572753906,174.47999572753906,167790300
TSLA,2023-03-14,177.30999755859375,183.8000030517578,177.13999938964844,183.25999450683594,183.25999450683594,183.25999450683594,143717900
TSLA,2023-03-15,180.8000030517578,182.33999633789063,176.02999877929688,180.4499969482422,180.4499969482422,180.4499969482422,145995600
TSLA,2023-03-16,180.3699951171875,185.80999755859375,178.83999633789063,184.1300048828125,184.1300048828125,184.1300048828125,121136800
TSLA,2023-03-17,184.52000427246094,186.22000122070313,177.3300018310547,180.1300048828125,180.1300048828125,180.1300048828125,133197100
TSLA,2023-03-20,178.0800018310547,186.44000244140625,176.35000610351563,183.25,183.25,183.25,129684400
TSLA,2023-03-21,188.27999877929688,198,188.0399932861328,197.5800018310547,197.5800018310547,197.5800018310547,153391400
TSLA,2023-03-22,199.3000030517578,200.66000366210938,190.9499969482422,191.14999389648438,191.14999389648438,191.14999389648438,150376400
TSLA,2023-03-23,195.25999450683594,199.30999755859375,188.64999389648438,192.22000122070313,192.22000122070313,192.22000122070313,144193900
TSLA,2023-03-24,191.64999389648438,192.36000061035156,187.14999389648438,190.41000366210938,190.41000366210938,190.41000366210938,116312400
TSLA,2023-03-27,194.4199981689453,197.38999938964844,189.94000244140625,191.80999755859375,191.80999755859375,191.80999755859375,120851600
TSLA,2023-03-28,192,192.35000610351563,185.42999267578125,189.19000244140625,189.19000244140625,189.19000244140625,98654600
TSLA,2023-03-29,193.1300048828125,195.2899932861328,189.44000244140625,193.8800048828125,193.8800048828125,193.8800048828125,123660000
TSLA,2023-03-30,195.5800018310547,197.3300018310547,194.4199981689453,195.27999877929688,195.27999877929688,195.27999877929688,110252200
TSLA,2023-03-31,197.52999877929688,207.7899932861328,197.1999969482422,207.4600067138672,207.4600067138672,207.4600067138672,170222100
TSLA,2023-04-03,199.91000366210938,202.69000244140625,192.1999969482422,194.77000427246094,194.77000427246094,194.77000427246094,169545900
TSLA,2023-04-04,197.32000732421875,198.74000549316406,190.32000732421875,192.5800018310547,192.5800018310547,192.5800018310547,126463800
TSLA,2023-04-05,190.52000427246094,190.67999267578125,183.75999450683594,185.52000427246094,185.52000427246094,185.52000427246094,133882500
TSLA,2023-04-06,183.0800018310547,186.38999938964844,179.74000549316406,185.05999755859375,185.05999755859375,185.05999755859375,123857900
TSLA,2023-04-10,179.94000244140625,185.10000610351563,176.11000061035156,184.50999450683594,184.50999450683594,184.50999450683594,142154600
TSLA,2023-04-11,186.69000244140625,189.19000244140625,185.64999389648438,186.7899932861328,186.7899932861328,186.7899932861328,115770900
TSLA,2023-04-12,190.74000549316406,191.5800018310547,180.30999755859375,180.5399932861328,180.5399932861328,180.5399932861328,150256300
TSLA,2023-04-13,182.9600067138672,186.5,180.94000244140625,185.89999389648438,185.89999389648438,185.89999389648438,112933000
TSLA,2023-04-14,183.9499969482422,186.27999877929688,182.00999450683594,185,185,185,96438700
TSLA,2023-04-17,186.32000732421875,189.69000244140625,182.69000244140625,187.0399932861328,187.0399932861328,187.0399932861328,116662200
TSLA,2023-04-18,187.14999389648438,187.69000244140625,183.5800018310547,184.30999755859375,184.30999755859375,184.30999755859375,92067000
TSLA,2023-04-19,179.10000610351563,183.5,177.64999389648438,180.58999633789063,180.58999633789063,180.58999633789063,125732700
TSLA,2023-04-20,166.1699981689453,169.6999969482422,160.55999755859375,162.99000549316406,162.99000549316406,162.99000549316406,210970800
TSLA,2023-04-21,164.8000030517578,166,161.32000732421875,165.0800018310547,165.0800018310547,165.0800018310547,123539000
TSLA,2023-04-24,164.64999389648438,165.64999389648438,158.61000061035156,162.5500030517578,162.5500030517578,162.5500030517578,140006600
TSLA,2023-04-25,159.82000732421875,163.47000122070313,158.75,160.6699981689453,160.6699981689453,160.6699981689453,121999300
TSLA,2023-04-26,160.2899932861328,160.6699981689453,153.13999938964844,153.75,153.75,153.75,153364100
TSLA,2023-04-27,152.63999938964844,160.47999572753906,152.3699951171875,160.19000244140625,160.19000244140625,160.19000244140625,127015200
TSLA,2023-04-28,160.89999389648438,165,157.32000732421875,164.30999755859375,164.30999755859375,164.30999755859375,122515800
TSLA,2023-05-01,163.1699981689453,163.27999877929688,158.8300018310547,161.8300018310547,161.8300018310547,161.8300018310547,109015000
TSLA,2023-05-02,161.8800048828125,165.49000549316406,158.92999267578125,160.30999755859375,160.30999755859375,160.30999755859375,128259700
TSLA,2023-05-03,160.00999450683594,165,159.91000366210938,160.61000061035156,160.61000061035156,160.61000061035156,119728000
TSLA,2023-05-04,162.7100067138672,162.9499969482422,159.64999389648438,161.1999969482422,161.1999969482422,161.1999969482422,95108500
TSLA,2023-05-05,163.97000122070313,170.7899932861328,163.50999450683594,170.05999755859375,170.05999755859375,170.05999755859375,107607300
TSLA,2023-05-08,173.72000122070313,173.8000030517578,169.19000244140625,171.7899932861328,171.7899932861328,171.7899932861328,112249400
TSLA,2023-05-09,168.9499969482422,169.82000732421875,166.55999755859375,169.14999389648438,169.14999389648438,169.14999389648438,88965000
TSLA,2023-05-10,172.5500030517578,174.42999267578125,166.67999267578125,168.5399932861328,168.5399932861328,168.5399932861328,119840700
TSLA,2023-05-11,168.6999969482422,173.57000732421875,166.7899932861328,172.0800018310547,172.0800018310547,172.0800018310547,103889900
TSLA,2023-05-12,176.07000732421875,177.3800048828125,167.22999572753906,167.97999572753906,167.97999572753906,167.97999572753906,157849600
TSLA,2023-05-15,167.66000366210938,169.75999450683594,164.5500030517578,166.35000610351563,166.35000610351563,166.35000610351563,105592500
TSLA,2023-05-16,165.64999389648438,169.52000427246094,164.35000610351563,166.52000427246094,166.52000427246094,166.52000427246094,98288800
TSLA,2023-05-17,168.41000366210938,174.5,167.19000244140625,173.86000061035156,173.86000061035156,173.86000061035156,125473600
TSLA,2023-05-18,174.22000122070313,177.05999755859375,172.4499969482422,176.88999938964844,176.88999938964844,176.88999938964844,109520300
TSLA,2023-05-19,177.1699981689453,181.9499969482422,176.30999755859375,180.13999938964844,180.13999938964844,180.13999938964844,136196700
TSLA,2023-05-22,180.6999969482422,189.32000732421875,180.11000061035156,188.8699951171875,188.8699951171875,188.8699951171875,132001400
TSLA,2023-05-23,186.1999969482422,192.9600067138672,185.25999450683594,185.77000427246094,185.77000427246094,185.77000427246094,156952100
TSLA,2023-05-24,182.22999572753906,184.22000122070313,178.22000122070313,182.89999389648438,182.89999389648438,182.89999389648438,137605100
TSLA,2023-05-25,186.5399932861328,186.77999877929688,180.5800018310547,184.47000122070313,184.47000122070313,184.47000122070313,96870700
TSLA,2023-05-26,184.6199951171875,198.60000610351563,184.52999877929688,193.1699981689453,193.1699981689453,193.1699981689453,162061500
TSLA,2023-05-30,200.10000610351563,204.47999572753906,197.52999877929688,201.16000366210938,201.16000366210938,201.16000366210938,128818700
TSLA,2023-05-31,199.77999877929688,203.9499969482422,195.1199951171875,203.92999267578125,203.92999267578125,203.92999267578125,150711700
TSLA,2023-06-01,202.58999633789063,209.8000030517578,199.3699951171875,207.52000427246094,207.52000427246094,207.52000427246094,148029900
TSLA,2023-06-02,210.14999389648438,217.25,209.75,213.97000122070313,213.97000122070313,213.97000122070313,164398400
TSLA,2023-06-05,217.8000030517578,221.2899932861328,214.52000427246094,217.61000061035156,217.61000061035156,217.61000061035156,151143100
TSLA,2023-06-06,216.13999938964844,221.91000366210938,212.52999877929688,221.30999755859375,221.30999755859375,221.30999755859375,146911600
TSLA,2023-06-07,228,230.8300018310547,223.1999969482422,224.57000732421875,224.57000732421875,224.57000732421875,185710800
TSLA,2023-06-08,224.22000122070313,235.22999572753906,223.00999450683594,234.86000061035156,234.86000061035156,234.86000061035156,164489700
TSLA,2023-06-09,249.07000732421875,252.4199981689453,242.02000427246094,244.39999389648438,244.39999389648438,244.39999389648438,200242400
TSLA,2023-06-12,247.94000244140625,250.97000122070313,244.58999633789063,249.8300018310547,249.8300018310547,249.8300018310547,150337900
TSLA,2023-06-13,253.50999450683594,259.67999267578125,251.33999633789063,258.7099914550781,258.7099914550781,258.7099914550781,162384300
TSLA,2023-06-14,260.1700134277344,261.57000732421875,250.5,256.7900085449219,256.7900085449219,256.7900085449219,170575500
TSLA,2023-06-15,248.39999389648438,258.95001220703125,247.2899932861328,255.89999389648438,255.89999389648438,255.89999389648438,160171200
TSLA,2023-06-16,258.9200134277344,263.6000061035156,257.2099914550781,260.5400085449219,260.5400085449219,260.5400085449219,167915600
TSLA,2023-06-20,261.5,274.75,261.1199951171875,274.45001220703125,274.45001220703125,274.45001220703125,165611200
TSLA,2023-06-21,275.1300048828125,276.989990234375,257.7799987792969,259.4599914550781,259.4599914550781,259.4599914550781,211797100
TSLA,2023-06-22,250.77000427246094,265,248.25,264.6099853515625,264.6099853515625,264.6099853515625,166875900
TSLA,2023-06-23,259.2900085449219,262.45001220703125,252.8000030517578,256.6000061035156,256.6000061035156,256.6000061035156,177460800
TSLA,2023-06-26,250.07000732421875,258.3699951171875,240.6999969482422,241.0500030517578,241.0500030517578,241.0500030517578,179990600
TSLA,2023-06-27,243.24000549316406,250.38999938964844,240.85000610351563,250.2100067138672,250.2100067138672,250.2100067138672,164968200
TSLA,2023-06-28,249.6999969482422,259.8800048828125,248.88999938964844,256.239990234375,256.239990234375,256.239990234375,159770800
TSLA,2023-06-29,258.0299987792969,260.739990234375,253.61000061035156,257.5,257.5,257.5,131283400
TSLA,2023-06-30,260.6000061035156,264.45001220703125,259.8900146484375,261.7699890136719,261.7699890136719,261.7699890136719,112620800
TSLA,2023-07-03,276.489990234375,284.25,275.1099853515625,279.82000732421875,279.82000732421875,279.82000732421875,119685900
TSLA,2023-07-05,278.82000732421875,283.8500061035156,277.6000061035156,282.4800109863281,282.4800109863281,282.4800109863281,131530900
TSLA,2023-07-06,278.0899963378906,279.9700012207031,272.8800048828125,276.5400085449219,276.5400085449219,276.5400085449219,120332100
TSLA,2023-07-07,278.42999267578125,280.7799987792969,273.7699890136719,274.42999267578125,274.42999267578125,274.42999267578125,113879200
TSLA,2023-07-10,276.4700012207031,277.5199890136719,265.1000061035156,269.6099853515625,269.6099853515625,269.6099853515625,119425400
TSLA,2023-07-11,268.6499938964844,270.8999938964844,266.3699951171875,269.7900085449219,269.7900085449219,269.7900085449219,91972400
TSLA,2023-07-12,276.3299865722656,276.5199890136719,271.4599914550781,271.989990234375,271.989990234375,271.989990234375,95672100
TSLA,2023-07-13,274.5899963378906,279.45001220703125,270.6000061035156,277.8999938964844,277.8999938964844,277.8999938964844,112681500
TSLA,2023-07-14,277.010009765625,285.29998779296875,276.30999755859375,281.3800048828125,281.3800048828125,281.3800048828125,120062400
TSLA,2023-07-17,286.6300048828125,292.2300109863281,283.57000732421875,290.3800048828125,290.3800048828125,290.3800048828125,131569600
TSLA,2023-07-18,290.1499938964844,295.260009765625,286.010009765625,293.3399963378906,293.3399963378906,293.3399963378906,112120300
TSLA,2023-07-19,296.0400085449219,299.2900085449219,289.5199890136719,291.260009765625,291.260009765625,291.260009765625,142355400
TSLA,2023-07-20,279.55999755859375,280.92999267578125,261.20001220703125,262.8999938964844,262.8999938964844,262.8999938964844,175158300
TSLA,2023-07-21,268,268,255.8000030517578,260.0199890136719,260.0199890136719,260.0199890136719,161796100
TSLA,2023-07-24,255.85000610351563,269.8500061035156,254.1199951171875,269.05999755859375,269.05999755859375,269.05999755859375,136508500
TSLA,2023-07-25,272.3800048828125,272.8999938964844,265,265.2799987792969,265.2799987792969,265.2799987792969,112757300
TSLA,2023-07-26,263.25,268.0400085449219,261.75,264.3500061035156,264.3500061035156,264.3500061035156,95856200
TSLA,2023-07-27,268.30999755859375,269.1300048828125,255.3000030517578,255.7100067138672,255.7100067138672,255.7100067138672,103697300
TSLA,2023-07-28,259.8599853515625,267.25,258.2300109863281,266.44000244140625,266.44000244140625,266.44000244140625,111446000
TSLA,2023-07-31,267.4800109863281,269.0799865722656,263.7799987792969,267.42999267578125,267.42999267578125,267.42999267578125,84582200
TSLA,2023-08-01,266.260009765625,266.4700012207031,260.25,261.07000732421875,261.07000732421875,261.07000732421875,83166000
TSLA,2023-08-02,255.57000732421875,259.5199890136719,250.49000549316406,254.11000061035156,254.11000061035156,254.11000061035156,101752900
TSLA,2023-08-03,252.0399932861328,260.489990234375,252,259.32000732421875,259.32000732421875,259.32000732421875,97569100
TSLA,2023-08-04,260.9700012207031,264.7699890136719,253.11000061035156,253.86000061035156,253.86000061035156,253.86000061035156,99539900
TSLA,2023-08-07,251.4499969482422,253.64999389648438,242.75999450683594,251.4499969482422,251.4499969482422,251.4499969482422,111097900
TSLA,2023-08-08,247.4499969482422,250.9199981689453,245.00999450683594,249.6999969482422,249.6999969482422,249.6999969482422,96642200
TSLA,2023-08-09,250.8699951171875,251.10000610351563,241.89999389648438,242.19000244140625,242.19000244140625,242.19000244140625,101596300
TSLA,2023-08-10,245.39999389648438,251.8000030517578,243,245.33999633789063,245.33999633789063,245.33999633789063,109498600
TSLA,2023-08-11,241.77000427246094,243.7899932861328,238.02000427246094,242.64999389648438,242.64999389648438,242.64999389648438,99038600
TSLA,2023-08-14,235.6999969482422,240.66000366210938,233.75,239.75999450683594,239.75999450683594,239.75999450683594,98595300
TSLA,2023-08-15,238.72999572753906,240.5,232.61000061035156,232.9600067138672,232.9600067138672,232.9600067138672,88197600
TSLA,2023-08-16,228.02000427246094,233.97000122070313,225.3800048828125,225.60000610351563,225.60000610351563,225.60000610351563,112484500
TSLA,2023-08-17,226.05999755859375,226.74000549316406,218.8300018310547,219.22000122070313,219.22000122070313,219.22000122070313,120718400
TSLA,2023-08-18,214.1199951171875,217.5800018310547,212.36000061035156,215.49000549316406,215.49000549316406,215.49000549316406,136276600
TSLA,2023-08-21,221.5500030517578,232.1300048828125,220.5800018310547,231.27999877929688,231.27999877929688,231.27999877929688,135702700
TSLA,2023-08-22,240.25,240.82000732421875,229.5500030517578,233.19000244140625,233.19000244140625,233.19000244140625,130442800
TSLA,2023-08-23,229.33999633789063,238.97999572753906,229.2899932861328,236.86000061035156,236.86000061035156,236.86000061035156,101077600
TSLA,2023-08-24,238.66000366210938,238.9199981689453,228.17999267578125,230.0399932861328,230.0399932861328,230.0399932861328,99777400
TSLA,2023-08-25,231.30999755859375,239,230.35000610351563,238.58999633789063,238.58999633789063,238.58999633789063,106612200
TSLA,2023-08-28,242.5800018310547,244.3800048828125,235.35000610351563,238.82000732421875,238.82000732421875,238.82000732421875,107673700
TSLA,2023-08-29,238.5800018310547,257.4800109863281,237.77000427246094,257.17999267578125,257.17999267578125,257.17999267578125,134047600
TSLA,2023-08-30,254.1999969482422,260.510009765625,250.58999633789063,256.8999938964844,256.8999938964844,256.8999938964844,121988400
TSLA,2023-08-31,255.97999572753906,261.17999267578125,255.0500030517578,258.0799865722656,258.0799865722656,258.0799865722656,108861700
TSLA,2023-09-01,257.260009765625,259.0799865722656,242.00999450683594,245.00999450683594,245.00999450683594,245.00999450683594,132541600
TSLA,2023-09-05,245,258,244.86000061035156,256.489990234375,256.489990234375,256.489990234375,129469600
TSLA,2023-09-06,255.13999938964844,255.38999938964844,245.05999755859375,251.9199981689453,251.9199981689453,251.9199981689453,116959800
TSLA,2023-09-07,245.07000732421875,252.80999755859375,243.27000427246094,251.49000549316406,251.49000549316406,251.49000549316406,115312900
TSLA,2023-09-08,251.22000122070313,256.5199890136719,246.6699981689453,248.5,248.5,248.5,118367700
TSLA,2023-09-11,264.2699890136719,274.8500061035156,260.6099853515625,273.5799865722656,273.5799865722656,273.5799865722656,174667900
TSLA,2023-09-12,270.760009765625,278.3900146484375,266.6000061035156,267.4800109863281,267.4800109863281,267.4800109863281,135999900
TSLA,2023-09-13,270.07000732421875,274.9800109863281,268.1000061035156,271.29998779296875,271.29998779296875,271.29998779296875,111673700
TSLA,2023-09-14,271.32000732421875,276.7099914550781,270.4200134277344,276.0400085449219,276.0400085449219,276.0400085449219,107709800
TSLA,2023-09-15,277.54998779296875,278.9800109863281,271,274.3900146484375,274.3900146484375,274.3900146484375,133692300
TSLA,2023-09-18,271.1600036621094,271.44000244140625,263.760009765625,265.2799987792969,265.2799987792969,265.2799987792969,101543300
TSLA,2023-09-19,264.3500061035156,267.8500061035156,261.20001220703125,266.5,266.5,266.5,103704000
TSLA,2023-09-20,267.0400085449219,273.92999267578125,262.4599914550781,262.5899963378906,262.5899963378906,262.5899963378906,122514600
TSLA,2023-09-21,257.8500061035156,260.8599853515625,254.2100067138672,255.6999969482422,255.6999969482422,255.6999969482422,119951500
TSLA,2023-09-22,257.3999938964844,257.7900085449219,244.47999572753906,244.8800048828125,244.8800048828125,244.8800048828125,127524100
TSLA,2023-09-25,243.3800048828125,247.10000610351563,238.30999755859375,246.99000549316406,246.99000549316406,246.99000549316406,104636600
TSLA,2023-09-26,242.97999572753906,249.5500030517578,241.66000366210938,244.1199951171875,244.1199951171875,244.1199951171875,101993600
TSLA,2023-09-27,244.25999450683594,245.3300018310547,234.5800018310547,240.5,240.5,240.5,136597200
TSLA,2023-09-28,240.02000427246094,247.5500030517578,238.64999389648438,246.3800048828125,246.3800048828125,246.3800048828125,117058900
TSLA,2023-09-29,250,254.77000427246094,246.35000610351563,250.22000122070313,250.22000122070313,250.22000122070313,128522700
TSLA,2023-10-02,244.80999755859375,254.27999877929688,242.6199951171875,251.60000610351563,251.60000610351563,251.60000610351563,123810400
TSLA,2023-10-03,248.61000061035156,250.02000427246094,244.4499969482422,246.52999877929688,246.52999877929688,246.52999877929688,101985300
TSLA,2023-10-04,248.13999938964844,261.8599853515625,247.60000610351563,261.1600036621094,261.1600036621094,261.1600036621094,129721600
TSLA,2023-10-05,260,263.6000061035156,256.25,260.04998779296875,260.04998779296875,260.04998779296875,119159200
TSLA,2023-10-06,253.97999572753906,261.6499938964844,250.64999389648438,260.5299987792969,260.5299987792969,260.5299987792969,118121800
TSLA,2023-10-09,255.30999755859375,261.3599853515625,252.0500030517578,259.6700134277344,259.6700134277344,259.6700134277344,101377900
TSLA,2023-10-10,257.75,268.94000244140625,257.6499938964844,263.6199951171875,263.6199951171875,263.6199951171875,122656000
TSLA,2023-10-11,266.20001220703125,268.6000061035156,260.8999938964844,262.989990234375,262.989990234375,262.989990234375,103706300
TSLA,2023-10-12,262.9200134277344,265.4100036621094,256.6300048828125,258.8699951171875,258.8699951171875,258.8699951171875,111508100
TSLA,2023-10-13,258.8999938964844,259.6000061035156,250.22000122070313,251.1199951171875,251.1199951171875,251.1199951171875,102073800
TSLA,2023-10-16,250.0500030517578,255.39999389648438,248.47999572753906,253.9199981689453,253.9199981689453,253.9199981689453,88917200
TSLA,2023-10-17,250.10000610351563,257.17999267578125,247.0800018310547,254.85000610351563,254.85000610351563,254.85000610351563,93562900
TSLA,2023-10-18,252.6999969482422,254.6300048828125,242.0800018310547,242.67999267578125,242.67999267578125,242.67999267578125,125147800
TSLA,2023-10-19,225.9499969482422,230.61000061035156,216.77999877929688,220.11000061035156,220.11000061035156,220.11000061035156,170772700
TSLA,2023-10-20,217.00999450683594,218.86000061035156,210.4199981689453,211.99000549316406,211.99000549316406,211.99000549316406,138010100
TSLA,2023-10-23,210,216.97999572753906,202.50999450683594,212.0800018310547,212.0800018310547,212.0800018310547,150683400
TSLA,2023-10-24,216.5,222.0500030517578,214.11000061035156,216.52000427246094,216.52000427246094,216.52000427246094,118231100
TSLA,2023-10-25,215.8800048828125,220.10000610351563,212.1999969482422,212.4199981689453,212.4199981689453,212.4199981689453,107065100
TSLA,2023-10-26,211.32000732421875,214.8000030517578,204.8800048828125,205.75999450683594,205.75999450683594,205.75999450683594,115112600
TSLA,2023-10-27,210.60000610351563,212.41000366210938,205.77000427246094,207.3000030517578,207.3000030517578,207.3000030517578,94881200
TSLA,2023-10-30,209.27999877929688,210.8800048828125,194.6699981689453,197.36000061035156,197.36000061035156,197.36000061035156,136448200
TSLA,2023-10-31,196.1199951171875,202.8000030517578,194.07000732421875,200.83999633789063,200.83999633789063,200.83999633789063,118068300
TSLA,2023-11-01,204.0399932861328,205.99000549316406,197.85000610351563,205.66000366210938,205.66000366210938,205.66000366210938,121661700
TSLA,2023-11-02,212.97000122070313,219.1999969482422,211.4499969482422,218.50999450683594,218.50999450683594,218.50999450683594,125987600
TSLA,2023-11-03,221.14999389648438,226.3699951171875,218.39999389648438,219.9600067138672,219.9600067138672,219.9600067138672,119534800
TSLA,2023-11-06,223.97999572753906,226.32000732421875,215,219.27000427246094,219.27000427246094,219.27000427246094,117335800
TSLA,2023-11-07,219.97999572753906,223.1199951171875,215.72000122070313,222.17999267578125,222.17999267578125,222.17999267578125,116900100
TSLA,2023-11-08,223.14999389648438,224.14999389648438,217.63999938964844,222.11000061035156,222.11000061035156,222.11000061035156,106584800
TSLA,2023-11-09,219.75,220.8000030517578,206.67999267578125,209.97999572753906,209.97999572753906,209.97999572753906,142110500
TSLA,2023-11-10,210.02999877929688,215.3800048828125,205.69000244140625,214.64999389648438,214.64999389648438,214.64999389648438,130994000
TSLA,2023-11-13,215.60000610351563,225.39999389648438,211.61000061035156,223.7100067138672,223.7100067138672,223.7100067138672,140447600
TSLA,2023-11-14,235.02999877929688,238.13999938964844,230.72000122070313,237.41000366210938,237.41000366210938,237.41000366210938,149771600
TSLA,2023-11-15,239.2899932861328,246.6999969482422,236.4499969482422,242.83999633789063,242.83999633789063,242.83999633789063,150354000
TSLA,2023-11-16,239.49000549316406,240.8800048828125,230.9600067138672,233.58999633789063,233.58999633789063,233.58999633789063,136816800
TSLA,2023-11-17,232,237.38999938964844,226.5399932861328,234.3000030517578,234.3000030517578,234.3000030517578,142532800
TSLA,2023-11-20,234.0399932861328,237.10000610351563,231.02000427246094,235.60000610351563,235.60000610351563,235.60000610351563,116320100
TSLA,2023-11-21,235.0399932861328,243.6199951171875,233.33999633789063,241.1999969482422,241.1999969482422,241.1999969482422,122288000
TSLA,2023-11-22,242.0399932861328,244.00999450683594,231.39999389648438,234.2100067138672,234.2100067138672,234.2100067138672,117950600
TSLA,2023-11-24,233.75,238.75,232.3300018310547,235.4499969482422,235.4499969482422,235.4499969482422,65125200
TSLA,2023-11-27,236.88999938964844,238.3300018310547,232.10000610351563,236.0800018310547,236.0800018310547,236.0800018310547,112031800
TSLA,2023-11-28,236.67999267578125,247,234.00999450683594,246.72000122070313,246.72000122070313,246.72000122070313,148549900
TSLA,2023-11-29,249.2100067138672,252.75,242.75999450683594,244.13999938964844,244.13999938964844,244.13999938964844,135401300
TSLA,2023-11-30,245.13999938964844,245.22000122070313,236.91000366210938,240.0800018310547,240.0800018310547,240.0800018310547,132353200
TSLA,2023-12-01,233.13999938964844,240.19000244140625,231.89999389648438,238.8300018310547,238.8300018310547,238.8300018310547,121331700
TSLA,2023-12-04,235.75,239.3699951171875,233.2899932861328,235.5800018310547,235.5800018310547,235.5800018310547,104099800
TSLA,2023-12-05,233.8699951171875,246.66000366210938,233.6999969482422,238.72000122070313,238.72000122070313,238.72000122070313,137971100
TSLA,2023-12-06,242.9199981689453,246.57000732421875,239.1699981689453,239.3699951171875,239.3699951171875,239.3699951171875,126436200
TSLA,2023-12-07,241.5500030517578,244.0800018310547,236.97999572753906,242.63999938964844,242.63999938964844,242.63999938964844,107142300
TSLA,2023-12-08,240.27000427246094,245.27000427246094,239.27000427246094,243.83999633789063,243.83999633789063,243.83999633789063,103126800
TSLA,2023-12-11,242.74000549316406,243.44000244140625,237.4499969482422,239.74000549316406,239.74000549316406,239.74000549316406,97913900
TSLA,2023-12-12,238.5500030517578,238.99000549316406,233.8699951171875,237.00999450683594,237.00999450683594,237.00999450683594,95328300
TSLA,2023-12-13,234.19000244140625,240.3000030517578,228.1999969482422,239.2899932861328,239.2899932861328,239.2899932861328,146286300
TSLA,2023-12-14,241.22000122070313,253.8800048828125,240.7899932861328,251.0500030517578,251.0500030517578,251.0500030517578,160829200
TSLA,2023-12-15,251.2100067138672,254.1300048828125,248.3000030517578,253.5,253.5,253.5,135932800
TSLA,2023-12-18,253.77999877929688,258.739990234375,251.36000061035156,252.0800018310547,252.0800018310547,252.0800018310547,116416500
TSLA,2023-12-19,253.47999572753906,258.3399963378906,253.00999450683594,257.2200012207031,257.2200012207031,257.2200012207031,106737400
TSLA,2023-12-20,256.4100036621094,259.8399963378906,247,247.13999938964844,247.13999938964844,247.13999938964844,125097000
TSLA,2023-12-21,251.89999389648438,254.8000030517578,248.5500030517578,254.5,254.5,254.5,109594200
TSLA,2023-12-22,256.760009765625,258.2200012207031,251.3699951171875,252.5399932861328,252.5399932861328,252.5399932861328,93370100
TSLA,2023-12-26,254.49000549316406,257.9700012207031,252.91000366210938,256.6099853515625,256.6099853515625,256.6099853515625,86892400
TSLA,2023-12-27,258.3500061035156,263.3399963378906,257.5199890136719,261.44000244140625,261.44000244140625,261.44000244140625,106494400
TSLA,2023-12-28,263.6600036621094,265.1300048828125,252.7100067138672,253.17999267578125,253.17999267578125,253.17999267578125,113619900
TSLA,2023-12-29,255.10000610351563,255.19000244140625,247.42999267578125,248.47999572753906,248.47999572753906,248.47999572753906,100891600
TSLA,2024-01-02,250.0800018310547,251.25,244.41000366210938,248.4199981689453,248.4199981689453,248.4199981689453,104654200
TSLA,2024-01-03,244.97999572753906,245.67999267578125,236.32000732421875,238.4499969482422,238.4499969482422,238.4499969482422,121082600
TSLA,2024-01-04,239.25,242.6999969482422,237.72999572753906,237.92999267578125,237.92999267578125,237.92999267578125,102629300
TSLA,2024-01-05,236.86000061035156,240.1199951171875,234.89999389648438,237.49000549316406,237.49000549316406,237.49000549316406,92488900
TSLA,2024-01-08,236.13999938964844,241.25,235.3000030517578,240.4499969482422,240.4499969482422,240.4499969482422,85166600
TSLA,2024-01-09,238.11000061035156,238.9600067138672,232.0399932861328,234.9600067138672,234.9600067138672,234.9600067138672,96705700
TSLA,2024-01-10,235.10000610351563,235.5,231.2899932861328,233.94000244140625,233.94000244140625,233.94000244140625,91628500
TSLA,2024-01-11,230.57000732421875,230.92999267578125,225.3699951171875,227.22000122070313,227.22000122070313,227.22000122070313,105873600
TSLA,2024-01-12,220.0800018310547,225.33999633789063,217.14999389648438,218.88999938964844,218.88999938964844,218.88999938964844,123043800
TSLA,2024-01-16,215.10000610351563,223.49000549316406,212.17999267578125,219.91000366210938,219.91000366210938,219.91000366210938,115355000
TSLA,2024-01-17,214.86000061035156,215.6699981689453,212.00999450683594,215.5500030517578,215.5500030517578,215.5500030517578,103164400
TSLA,2024-01-18,216.8800048828125,217.4499969482422,208.74000549316406,211.8800048828125,211.8800048828125,211.8800048828125,108595400
TSLA,2024-01-19,209.99000549316406,213.19000244140625,207.55999755859375,212.19000244140625,212.19000244140625,212.19000244140625,102260300
TSLA,2024-01-22,212.25999450683594,217.8000030517578,206.27000427246094,208.8000030517578,208.8000030517578,208.8000030517578,117952500
TSLA,2024-01-23,211.3000030517578,215.64999389648438,207.75,209.13999938964844,209.13999938964844,209.13999938964844,106605900
TSLA,2024-01-24,211.8800048828125,212.72999572753906,206.77000427246094,207.8300018310547,207.8300018310547,207.8300018310547,123369900
TSLA,2024-01-25,189.6999969482422,193,180.05999755859375,182.6300048828125,182.6300048828125,182.6300048828125,198076800
TSLA,2024-01-26,185.5,186.77999877929688,182.10000610351563,183.25,183.25,183.25,107343200
TSLA,2024-01-29,185.6300048828125,191.47999572753906,183.6699981689453,190.92999267578125,190.92999267578125,190.92999267578125,125013100
TSLA,2024-01-30,195.3300018310547,196.36000061035156,190.61000061035156,191.58999633789063,191.58999633789063,191.58999633789063,109982300
TSLA,2024-01-31,187,193.97000122070313,185.85000610351563,187.2899932861328,187.2899932861328,187.2899932861328,103221400
TSLA,2024-02-01,188.5,189.8800048828125,184.27999877929688,188.86000061035156,188.86000061035156,188.86000061035156,91843300
TSLA,2024-02-02,185.0399932861328,188.69000244140625,182,187.91000366210938,187.91000366210938,187.91000366210938,110612700
TSLA,2024-02-05,184.25999450683594,184.67999267578125,175.00999450683594,181.05999755859375,181.05999755859375,181.05999755859375,134294400
TSLA,2024-02-06,177.2100067138672,186.49000549316406,177.11000061035156,185.10000610351563,185.10000610351563,185.10000610351563,122676000
TSLA,2024-02-07,188.17999267578125,189.7899932861328,182.67999267578125,187.5800018310547,187.5800018310547,187.5800018310547,111535200
TSLA,2024-02-08,189,191.6199951171875,185.5800018310547,189.55999755859375,189.55999755859375,189.55999755859375,83034000
TSLA,2024-02-09,190.17999267578125,194.1199951171875,189.47999572753906,193.57000732421875,193.57000732421875,193.57000732421875,84476300
TSLA,2024-02-12,192.11000061035156,194.72999572753906,187.27999877929688,188.1300048828125,188.1300048828125,188.1300048828125,95498600
TSLA,2024-02-13,183.99000549316406,187.25999450683594,182.11000061035156,184.02000427246094,184.02000427246094,184.02000427246094,86759500
TSLA,2024-02-14,185.3000030517578,188.88999938964844,183.35000610351563,188.7100067138672,188.7100067138672,188.7100067138672,81203000
TSLA,2024-02-15,189.16000366210938,200.8800048828125,188.86000061035156,200.4499969482422,200.4499969482422,200.4499969482422,120831800
TSLA,2024-02-16,202.05999755859375,203.1699981689453,197.39999389648438,199.9499969482422,199.9499969482422,199.9499969482422,111346700
TSLA,2024-02-20,196.1300048828125,198.60000610351563,189.1300048828125,193.75999450683594,193.75999450683594,193.75999450683594,104545800
TSLA,2024-02-21,193.36000061035156,199.44000244140625,191.9499969482422,194.77000427246094,194.77000427246094,194.77000427246094,103500300
TSLA,2024-02-22,194,198.32000732421875,191.36000061035156,197.41000366210938,197.41000366210938,197.41000366210938,92739500
TSLA,2024-02-23,195.30999755859375,197.57000732421875,191.5,191.97000122070313,191.97000122070313,191.97000122070313,78841900
TSLA,2024-02-26,192.2899932861328,201.77999877929688,192,199.39999389648438,199.39999389648438,199.39999389648438,111747100
TSLA,2024-02-27,204.0399932861328,205.60000610351563,198.25999450683594,199.72999572753906,199.72999572753906,199.72999572753906,108645400
TSLA,2024-02-28,200.4199981689453,205.3000030517578,198.44000244140625,202.0399932861328,202.0399932861328,202.0399932861328,99806200
TSLA,2024-02-29,204.17999267578125,205.27999877929688,198.4499969482422,201.8800048828125,201.8800048828125,201.8800048828125,85907000
TSLA,2024-03-01,200.52000427246094,204.52000427246094,198.5,202.63999938964844,202.63999938964844,202.63999938964844,82243100
TSLA,2024-03-04,198.72999572753906,199.75,186.72000122070313,188.13999938964844,188.13999938964844,188.13999938964844,134334900
TSLA,2024-03-05,183.0500030517578,184.58999633789063,177.57000732421875,180.74000549316406,180.74000549316406,180.74000549316406,119660800
TSLA,2024-03-06,179.99000549316406,181.5800018310547,173.6999969482422,176.5399932861328,176.5399932861328,176.5399932861328,107920900
TSLA,2024-03-07,174.35000610351563,180.0399932861328,173.6999969482422,178.64999389648438,178.64999389648438,178.64999389648438,102129000
TSLA,2024-03-08,181.5,182.72999572753906,174.6999969482422,175.33999633789063,175.33999633789063,175.33999633789063,85544600
TSLA,2024-03-11,175.4499969482422,182.8699951171875,174.8000030517578,177.77000427246094,177.77000427246094,177.77000427246094,85391500
TSLA,2024-03-12,177.77000427246094,179.42999267578125,172.41000366210938,177.5399932861328,177.5399932861328,177.5399932861328,87391700
TSLA,2024-03-13,173.0500030517578,176.0500030517578,169.14999389648438,169.47999572753906,169.47999572753906,169.47999572753906,106524500
TSLA,2024-03-14,167.77000427246094,171.1699981689453,160.50999450683594,162.5,162.5,162.5,126325700
TSLA,2024-03-15,163.16000366210938,165.17999267578125,160.75999450683594,163.57000732421875,163.57000732421875,163.57000732421875,97146800
TSLA,2024-03-18,170.02000427246094,174.72000122070313,165.89999389648438,173.8000030517578,173.8000030517578,173.8000030517578,108214400
TSLA,2024-03-19,172.36000061035156,172.82000732421875,167.4199981689453,171.32000732421875,171.32000732421875,171.32000732421875,77271400
TSLA,2024-03-20,173,176.25,170.82000732421875,175.66000366210938,175.66000366210938,175.66000366210938,83846700
TSLA,2024-03-21,176.38999938964844,178.17999267578125,171.8000030517578,172.82000732421875,172.82000732421875,172.82000732421875,73178000
TSLA,2024-03-22,166.69000244140625,171.1999969482422,166.3000030517578,170.8300018310547,170.8300018310547,170.8300018310547,75580600
TSLA,2024-03-25,168.75999450683594,175.24000549316406,168.72999572753906,172.6300048828125,172.6300048828125,172.6300048828125,74228600
TSLA,2024-03-26,178.5800018310547,184.25,177.3800048828125,177.6699981689453,177.6699981689453,177.6699981689453,113186200
TSLA,2024-03-27,181.41000366210938,181.91000366210938,176,179.8300018310547,179.8300018310547,179.8300018310547,81804000
TSLA,2024-03-28,177.4499969482422,179.57000732421875,175.3000030517578,175.7899932861328,175.7899932861328,175.7899932861328,77654800
TSLA,2024-04-01,176.1699981689453,176.75,170.2100067138672,175.22000122070313,175.22000122070313,175.22000122070313,81562100
TSLA,2024-04-02,164.75,167.69000244140625,163.42999267578125,166.6300048828125,166.6300048828125,166.6300048828125,116650600
TSLA,2024-04-03,164.02000427246094,168.82000732421875,163.27999877929688,168.3800048828125,168.3800048828125,168.3800048828125,82950100
TSLA,2024-04-04,170.07000732421875,177.19000244140625,168.00999450683594,171.11000061035156,171.11000061035156,171.11000061035156,123162000
TSLA,2024-04-05,169.0800018310547,170.86000061035156,160.50999450683594,164.89999389648438,164.89999389648438,164.89999389648438,143157600
TSLA,2024-04-08,169.33999633789063,174.5,167.7899932861328,172.97999572753906,172.97999572753906,172.97999572753906,104423300
TSLA,2024-04-09,172.91000366210938,179.22000122070313,171.9199981689453,176.8800048828125,176.8800048828125,176.8800048828125,102951700
TSLA,2024-04-10,173.0399932861328,174.92999267578125,170.00999450683594,171.75999450683594,171.75999450683594,171.75999450683594,84532400
TSLA,2024-04-11,172.5500030517578,175.8800048828125,168.50999450683594,174.60000610351563,174.60000610351563,174.60000610351563,94516000
TSLA,2024-04-12,172.33999633789063,173.80999755859375,170.36000061035156,171.0500030517578,171.0500030517578,171.0500030517578,64722700
TSLA,2024-04-15,170.24000549316406,170.69000244140625,161.3800048828125,161.47999572753906,161.47999572753906,161.47999572753906,100245300
TSLA,2024-04-16,156.74000549316406,158.19000244140625,153.75,157.11000061035156,157.11000061035156,157.11000061035156,97000000
TSLA,2024-04-17,157.63999938964844,158.3300018310547,153.77999877929688,155.4499969482422,155.4499969482422,155.4499969482422,82439700
TSLA,2024-04-18,151.25,152.1999969482422,148.6999969482422,149.92999267578125,149.92999267578125,149.92999267578125,96098800
TSLA,2024-04-19,148.97000122070313,150.94000244140625,146.22000122070313,147.0500030517578,147.0500030517578,147.0500030517578,87074500
TSLA,2024-04-22,140.55999755859375,144.44000244140625,138.8000030517578,142.0500030517578,142.0500030517578,142.0500030517578,107097600
TSLA,2024-04-23,143.3300018310547,147.25999450683594,141.11000061035156,144.67999267578125,144.67999267578125,144.67999267578125,124545100
TSLA,2024-04-24,162.83999633789063,167.97000122070313,157.50999450683594,162.1300048828125,162.1300048828125,162.1300048828125,181178000
TSLA,2024-04-25,158.9600067138672,170.8800048828125,158.36000061035156,170.17999267578125,170.17999267578125,170.17999267578125,126427500
TSLA,2024-04-26,168.85000610351563,172.1199951171875,166.3699951171875,168.2899932861328,168.2899932861328,168.2899932861328,109815700
TSLA,2024-04-29,188.4199981689453,198.8699951171875,184.5399932861328,194.0500030517578,194.0500030517578,194.0500030517578,243869700
TSLA,2024-04-30,186.97999572753906,190.9499969482422,182.83999633789063,183.27999877929688,183.27999877929688,183.27999877929688,127031800
TSLA,2024-05-01,182,185.86000061035156,179.00999450683594,179.99000549316406,179.99000549316406,179.99000549316406,92829700
TSLA,2024-05-02,182.86000061035156,184.60000610351563,176.02000427246094,180.00999450683594,180.00999450683594,180.00999450683594,89148000
TSLA,2024-05-03,182.10000610351563,184.77999877929688,178.4199981689453,181.19000244140625,181.19000244140625,181.19000244140625,75491500
TSLA,2024-05-06,183.8000030517578,187.55999755859375,182.1999969482422,184.75999450683594,184.75999450683594,184.75999450683594,84390300
TSLA,2024-05-07,182.39999389648438,183.25999450683594,177.39999389648438,177.80999755859375,177.80999755859375,177.80999755859375,75045900
TSLA,2024-05-08,171.58999633789063,176.05999755859375,170.14999389648438,174.72000122070313,174.72000122070313,174.72000122070313,79969500
TSLA,2024-05-09,175.00999450683594,175.6199951171875,171.3699951171875,171.97000122070313,171.97000122070313,171.97000122070313,65950300
TSLA,2024-05-10,173.0500030517578,173.05999755859375,167.75,168.47000122070313,168.47000122070313,168.47000122070313,72627200
TSLA,2024-05-13,170,175.39999389648438,169,171.88999938964844,171.88999938964844,171.88999938964844,67018900
TSLA,2024-05-14,174.5,179.49000549316406,174.07000732421875,177.5500030517578,177.5500030517578,177.5500030517578,86407400
TSLA,2024-05-15,179.89999389648438,180,173.11000061035156,173.99000549316406,173.99000549316406,173.99000549316406,79663000
TSLA,2024-05-16,174.10000610351563,175.7899932861328,171.42999267578125,174.83999633789063,174.83999633789063,174.83999633789063,59812200
TSLA,2024-05-17,173.5500030517578,179.6300048828125,172.75,177.4600067138672,177.4600067138672,177.4600067138672,77445800
TSLA,2024-05-20,177.55999755859375,177.75,173.52000427246094,174.9499969482422,174.9499969482422,174.9499969482422,61727400
TSLA,2024-05-21,175.50999450683594,186.8800048828125,174.7100067138672,186.60000610351563,186.60000610351563,186.60000610351563,115266500
TSLA,2024-05-22,182.85000610351563,183.8000030517578,178.1199951171875,180.11000061035156,180.11000061035156,180.11000061035156,88313500
TSLA,2024-05-23,181.8000030517578,181.89999389648438,173.25999450683594,173.74000549316406,173.74000549316406,173.74000549316406,71975500
TSLA,2024-05-24,174.83999633789063,180.0800018310547,173.72999572753906,179.24000549316406,179.24000549316406,179.24000549316406,65584500
TSLA,2024-05-28,176.39999389648438,178.25,173.16000366210938,176.75,176.75,176.75,59736600
TSLA,2024-05-29,174.19000244140625,178.14999389648438,173.92999267578125,176.19000244140625,176.19000244140625,176.19000244140625,54782600
TSLA,2024-05-30,178.5800018310547,182.6699981689453,175.3800048828125,178.7899932861328,178.7899932861328,178.7899932861328,77618400
TSLA,2024-05-31,178.5,180.32000732421875,173.82000732421875,178.0800018310547,178.0800018310547,178.0800018310547,67314600
TSLA,2024-06-03,178.1300048828125,182.63999938964844,174.49000549316406,176.2899932861328,176.2899932861328,176.2899932861328,68568900
TSLA,2024-06-04,174.77999877929688,177.75999450683594,174,174.77000427246094,174.77000427246094,174.77000427246094,60056300
TSLA,2024-06-05,175.35000610351563,176.14999389648438,172.1300048828125,175,175,175,57953800
TSLA,2024-06-06,174.60000610351563,179.72999572753906,172.72999572753906,177.94000244140625,177.94000244140625,177.94000244140625,69887000
TSLA,2024-06-07,176.1300048828125,179.35000610351563,175.5800018310547,177.47999572753906,177.47999572753906,177.47999572753906,56244900
TSLA,2024-06-10,176.05999755859375,178.57000732421875,173.1699981689453,173.7899932861328,173.7899932861328,173.7899932861328,50774600
TSLA,2024-06-11,173.9199981689453,174.75,167.41000366210938,170.66000366210938,170.66000366210938,170.66000366210938,64761900
TSLA,2024-06-12,171.1199951171875,180.5500030517578,169.8000030517578,177.2899932861328,177.2899932861328,177.2899932861328,90389400
TSLA,2024-06-13,188.38999938964844,191.0800018310547,181.22999572753906,182.47000122070313,182.47000122070313,182.47000122070313,118984100
TSLA,2024-06-14,185.8000030517578,186,176.9199981689453,178.00999450683594,178.00999450683594,178.00999450683594,82038200
TSLA,2024-06-17,177.9199981689453,188.80999755859375,177,187.44000244140625,187.44000244140625,187.44000244140625,109786100
TSLA,2024-06-18,186.55999755859375,187.1999969482422,182.3699951171875,184.86000061035156,184.86000061035156,184.86000061035156,68982300
TSLA,2024-06-20,184.67999267578125,185.2100067138672,179.66000366210938,181.57000732421875,181.57000732421875,181.57000732421875,55893100
TSLA,2024-06-21,182.3000030517578,183.9499969482422,180.69000244140625,183.00999450683594,183.00999450683594,183.00999450683594,61937300
TSLA,2024-06-24,184.97000122070313,188.8000030517578,182.5500030517578,182.5800018310547,182.5800018310547,182.5800018310547,61992100
TSLA,2024-06-25,184.39999389648438,187.97000122070313,182.00999450683594,187.35000610351563,187.35000610351563,187.35000610351563,62905700
TSLA,2024-06-26,186.5399932861328,197.75999450683594,186.36000061035156,196.3699951171875,196.3699951171875,196.3699951171875,95737100
TSLA,2024-06-27,195.1699981689453,198.72000122070313,194.0500030517578,197.4199981689453,197.4199981689453,197.4199981689453,72746500
TSLA,2024-06-28,199.5500030517578,203.1999969482422,195.25999450683594,197.8800048828125,197.8800048828125,197.8800048828125,95438100
TSLA,2024-07-01,201.02000427246094,213.22999572753906,200.85000610351563,209.86000061035156,209.86000061035156,209.86000061035156,135691400
TSLA,2024-07-02,218.88999938964844,231.3000030517578,218.05999755859375,231.25999450683594,231.25999450683594,231.25999450683594,205047900
TSLA,2024-07-03,234.55999755859375,248.35000610351563,234.25,246.38999938964844,246.38999938964844,246.38999938964844,166561500
TSLA,2024-07-05,249.80999755859375,252.3699951171875,242.4600067138672,251.52000427246094,251.52000427246094,251.52000427246094,154501200
TSLA,2024-07-08,247.7100067138672,259.44000244140625,244.57000732421875,252.94000244140625,252.94000244140625,252.94000244140625,157219600
TSLA,2024-07-09,251,265.6099853515625,250.3000030517578,262.3299865722656,262.3299865722656,262.3299865722656,160210900
TSLA,2024-07-10,262.79998779296875,267.5899963378906,257.8599853515625,263.260009765625,263.260009765625,263.260009765625,128519400
TSLA,2024-07-11,263.29998779296875,271,239.64999389648438,241.02999877929688,241.02999877929688,241.02999877929688,221707300
TSLA,2024-07-12,235.8000030517578,251.83999633789063,233.08999633789063,248.22999572753906,248.22999572753906,248.22999572753906,155955800
TSLA,2024-07-15,255.97000122070313,265.6000061035156,251.72999572753906,252.63999938964844,252.63999938964844,252.63999938964844,146912900
TSLA,2024-07-16,255.30999755859375,258.6199951171875,245.8000030517578,256.55999755859375,256.55999755859375,256.55999755859375,126332500
TSLA,2024-07-17,252.72999572753906,258.4700012207031,246.17999267578125,248.5,248.5,248.5,115584800
TSLA,2024-07-18,251.08999633789063,257.1400146484375,247.1999969482422,249.22999572753906,249.22999572753906,249.22999572753906,110869000
TSLA,2024-07-19,247.7899932861328,249.44000244140625,236.8300018310547,239.1999969482422,239.1999969482422,239.1999969482422,87403900
TSLA,2024-07-22,244.2100067138672,253.2100067138672,243.75,251.50999450683594,251.50999450683594,251.50999450683594,101225400
TSLA,2024-07-23,253.60000610351563,255.75999450683594,245.6300048828125,246.3800048828125,246.3800048828125,246.3800048828125,111928200
TSLA,2024-07-24,225.4199981689453,225.99000549316406,214.7100067138672,215.99000549316406,215.99000549316406,215.99000549316406,167942900
TSLA,2024-07-25,216.8000030517578,226,216.22999572753906,220.25,220.25,220.25,100636500
TSLA,2024-07-26,221.19000244140625,222.27999877929688,215.3300018310547,219.8000030517578,219.8000030517578,219.8000030517578,94604100
TSLA,2024-07-29,224.89999389648438,234.27000427246094,224.6999969482422,232.10000610351563,232.10000610351563,232.10000610351563,129201800
TSLA,2024-07-30,232.25,232.41000366210938,220,222.6199951171875,222.6199951171875,222.6199951171875,100560300
TSLA,2024-07-31,227.89999389648438,234.67999267578125,226.7899932861328,232.07000732421875,232.07000732421875,232.07000732421875,67497000
TSLA,2024-08-01,227.69000244140625,231.8699951171875,214.3300018310547,216.86000061035156,216.86000061035156,216.86000061035156,83861900
TSLA,2024-08-02,214.8800048828125,216.1300048828125,205.77999877929688,207.6699981689453,207.6699981689453,207.6699981689453,82880100
TSLA,2024-08-05,185.22000122070313,203.8800048828125,182,198.8800048828125,198.8800048828125,198.8800048828125,100308800
TSLA,2024-08-06,200.75,202.89999389648438,192.6699981689453,200.63999938964844,200.63999938964844,200.63999938964844,73783900
TSLA,2024-08-07,200.77000427246094,203.49000549316406,191.47999572753906,191.75999450683594,191.75999450683594,191.75999450683594,71159800
TSLA,2024-08-08,195.6999969482422,200.6999969482422,192.0399932861328,198.83999633789063,198.83999633789063,198.83999633789063,65033900
TSLA,2024-08-09,197.0500030517578,200.8800048828125,195.11000061035156,200,200,200,58648300
TSLA,2024-08-12,199.02000427246094,199.25999450683594,194.6699981689453,197.49000549316406,197.49000549316406,197.49000549316406,64044900
TSLA,2024-08-13,198.47000122070313,208.49000549316406,197.05999755859375,207.8300018310547,207.8300018310547,207.8300018310547,76247400
TSLA,2024-08-14,207.38999938964844,208.44000244140625,198.75,201.3800048828125,201.3800048828125,201.3800048828125,70250000
TSLA,2024-08-15,205.02000427246094,215.8800048828125,204.82000732421875,214.13999938964844,214.13999938964844,214.13999938964844,89848500
TSLA,2024-08-16,211.14999389648438,219.8000030517578,210.8000030517578,216.1199951171875,216.1199951171875,216.1199951171875,88765100
TSLA,2024-08-19,217.07000732421875,222.97999572753906,214.08999633789063,222.72000122070313,222.72000122070313,222.72000122070313,76435200
TSLA,2024-08-20,224.8800048828125,228.22000122070313,219.55999755859375,221.10000610351563,221.10000610351563,221.10000610351563,74001200
TSLA,2024-08-21,222.6699981689453,224.66000366210938,218.86000061035156,223.27000427246094,223.27000427246094,223.27000427246094,70146000
TSLA,2024-08-22,223.82000732421875,224.8000030517578,210.32000732421875,210.66000366210938,210.66000366210938,210.66000366210938,79514500
TSLA,2024-08-23,214.4600067138672,221.47999572753906,214.2100067138672,220.32000732421875,220.32000732421875,220.32000732421875,81525200
TSLA,2024-08-26,218.75,219.08999633789063,211.00999450683594,213.2100067138672,213.2100067138672,213.2100067138672,59301200
TSLA,2024-08-27,213.25,215.66000366210938,206.94000244140625,209.2100067138672,209.2100067138672,209.2100067138672,62821400
TSLA,2024-08-28,209.72000122070313,211.83999633789063,202.58999633789063,205.75,205.75,205.75,64116400
TSLA,2024-08-29,209.8000030517578,214.88999938964844,205.97000122070313,206.27999877929688,206.27999877929688,206.27999877929688,62308800
TSLA,2024-08-30,208.6300048828125,214.57000732421875,207.02999877929688,214.11000061035156,214.11000061035156,214.11000061035156,63370600
TSLA,2024-09-03,215.25999450683594,219.89999389648438,209.63999938964844,210.60000610351563,210.60000610351563,210.60000610351563,76714200
TSLA,2024-09-04,210.58999633789063,222.22000122070313,210.57000732421875,219.41000366210938,219.41000366210938,219.41000366210938,80651800
TSLA,2024-09-05,223.49000549316406,235,222.25,230.1699981689453,230.1699981689453,230.1699981689453,119355000
TSLA,2024-09-06,232.60000610351563,233.60000610351563,210.50999450683594,210.72999572753906,210.72999572753906,210.72999572753906,112177000
TSLA,2024-09-09,216.1999969482422,219.8699951171875,213.6699981689453,216.27000427246094,216.27000427246094,216.27000427246094,67443500
TSLA,2024-09-10,220.07000732421875,226.39999389648438,218.63999938964844,226.1699981689453,226.1699981689453,226.1699981689453,78891100
TSLA,2024-09-11,224.5500030517578,228.47000122070313,216.8000030517578,228.1300048828125,228.1300048828125,228.1300048828125,83548600
TSLA,2024-09-12,224.66000366210938,231.4499969482422,223.8300018310547,229.80999755859375,229.80999755859375,229.80999755859375,71894900
TSLA,2024-09-13,228,232.6699981689453,226.32000732421875,230.2899932861328,230.2899932861328,230.2899932861328,59515100
TSLA,2024-09-16,229.3000030517578,229.9600067138672,223.52999877929688,226.77999877929688,226.77999877929688,226.77999877929688,54323000
TSLA,2024-09-17,229.4499969482422,234.57000732421875,226.5500030517578,227.8699951171875,227.8699951171875,227.8699951171875,66761600
TSLA,2024-09-18,230.08999633789063,235.67999267578125,226.8800048828125,227.1999969482422,227.1999969482422,227.1999969482422,78010200
TSLA,2024-09-19,234,244.24000549316406,232.1300048828125,243.9199981689453,243.9199981689453,243.9199981689453,102694600
TSLA,2024-09-20,241.52000427246094,243.99000549316406,235.9199981689453,238.25,238.25,238.25,99879100
TSLA,2024-09-23,242.61000061035156,250,241.9199981689453,250,250,250,86927200
TSLA,2024-09-24,254.0800018310547,257.19000244140625,249.0500030517578,254.27000427246094,254.27000427246094,254.27000427246094,88491000
TSLA,2024-09-25,252.5399932861328,257.04998779296875,252.27999877929688,257.0199890136719,257.0199890136719,257.0199890136719,65034300
TSLA,2024-09-26,260.6000061035156,261.75,251.52999877929688,254.22000122070313,254.22000122070313,254.22000122070313,67142200
TSLA,2024-09-27,257.3800048828125,260.70001220703125,254.1199951171875,260.4599914550781,260.4599914550781,260.4599914550781,70988100
TSLA,2024-09-30,259.0400085449219,264.8599853515625,255.77000427246094,261.6300048828125,261.6300048828125,261.6300048828125,80705700
TSLA,2024-10-01,262.6700134277344,263.9800109863281,248.52999877929688,258.0199890136719,258.0199890136719,258.0199890136719,87397600
TSLA,2024-10-02,247.5500030517578,251.16000366210938,241.5,249.02000427246094,249.02000427246094,249.02000427246094,93983900
TSLA,2024-10-03,244.47999572753906,249.7899932861328,237.80999755859375,240.66000366210938,240.66000366210938,240.66000366210938,80729200
TSLA,2024-10-04,246.69000244140625,250.9600067138672,244.5800018310547,250.0800018310547,250.0800018310547,250.0800018310547,86573200
TSLA,2024-10-07,249,249.8300018310547,240.6999969482422,240.8300018310547,240.8300018310547,240.8300018310547,68113300
TSLA,2024-10-08,243.55999755859375,246.2100067138672,240.55999755859375,244.5,244.5,244.5,56303200
TSLA,2024-10-09,243.82000732421875,247.42999267578125,239.50999450683594,241.0500030517578,241.0500030517578,241.0500030517578,66289500
TSLA,2024-10-10,241.80999755859375,242.7899932861328,232.33999633789063,238.77000427246094,238.77000427246094,238.77000427246094,83087100
TSLA,2024-10-11,220.1300048828125,223.33999633789063,214.3800048828125,217.8000030517578,217.8000030517578,217.8000030517578,142628900
TSLA,2024-10-14,220.1300048828125,221.91000366210938,213.74000549316406,219.16000366210938,219.16000366210938,219.16000366210938,86291900
TSLA,2024-10-15,220.00999450683594,224.25999450683594,217.1199951171875,219.57000732421875,219.57000732421875,219.57000732421875,62988800
TSLA,2024-10-16,221.39999389648438,222.82000732421875,218.92999267578125,221.3300018310547,221.3300018310547,221.3300018310547,49632800
TSLA,2024-10-17,221.58999633789063,222.0800018310547,217.89999389648438,220.88999938964844,220.88999938964844,220.88999938964844,50791800
TSLA,2024-10-18,220.7100067138672,222.27999877929688,219.22999572753906,220.6999969482422,220.6999969482422,220.6999969482422,49611900
TSLA,2024-10-21,218.89999389648438,220.47999572753906,215.72999572753906,218.85000610351563,218.85000610351563,218.85000610351563,47329000
TSLA,2024-10-22,217.30999755859375,218.22000122070313,215.25999450683594,217.97000122070313,217.97000122070313,217.97000122070313,43268700
TSLA,2024-10-23,217.1300048828125,218.72000122070313,212.11000061035156,213.64999389648438,213.64999389648438,213.64999389648438,80938900
TSLA,2024-10-24,244.67999267578125,262.1199951171875,242.64999389648438,260.4800109863281,260.4800109863281,260.4800109863281,204491900
TSLA,2024-10-25,256.010009765625,269.489990234375,255.32000732421875,269.19000244140625,269.19000244140625,269.19000244140625,161611900
TSLA,2024-10-28,270,273.5400085449219,262.239990234375,262.510009765625,262.510009765625,262.510009765625,107653600
TSLA,2024-10-29,264.510009765625,264.9800109863281,255.50999450683594,259.5199890136719,259.5199890136719,259.5199890136719,80521800
TSLA,2024-10-30,258.0400085449219,263.3500061035156,255.82000732421875,257.54998779296875,257.54998779296875,257.54998779296875,53993600
TSLA,2024-10-31,257.989990234375,259.75,249.25,249.85000610351563,249.85000610351563,249.85000610351563,66575300
TSLA,2024-11-01,252.0399932861328,254,246.6300048828125,248.97999572753906,248.97999572753906,248.97999572753906,57544800
TSLA,2024-11-04,244.55999755859375,248.89999389648438,238.8800048828125,242.83999633789063,242.83999633789063,242.83999633789063,68802400
TSLA,2024-11-05,247.33999633789063,255.27999877929688,246.2100067138672,251.44000244140625,251.44000244140625,251.44000244140625,69282500
TSLA,2024-11-06,284.6700134277344,289.5899963378906,275.6199951171875,288.5299987792969,288.5299987792969,288.5299987792969,165228700
TSLA,2024-11-07,288.8900146484375,299.75,285.5199890136719,296.9100036621094,296.9100036621094,296.9100036621094,117309200
TSLA,2024-11-08,299.1400146484375,328.7099914550781,297.6600036621094,321.2200012207031,321.2200012207031,321.2200012207031,204782800
TSLA,2024-11-11,346.29998779296875,358.6400146484375,336,350,350,350,210521600
TSLA,2024-11-12,342.739990234375,345.8399963378906,323.30999755859375,328.489990234375,328.489990234375,328.489990234375,155726000
TSLA,2024-11-13,335.8500061035156,344.6000061035156,322.5,330.239990234375,330.239990234375,330.239990234375,125405600
TSLA,2024-11-14,327.69000244140625,329.9800109863281,310.3699951171875,311.17999267578125,311.17999267578125,311.17999267578125,120726100
TSLA,2024-11-15,310.57000732421875,324.67999267578125,309.2200012207031,320.7200012207031,320.7200012207031,320.7200012207031,114440300
TSLA,2024-11-18,340.7300109863281,348.54998779296875,330.010009765625,338.739990234375,338.739990234375,338.739990234375,126085600
TSLA,2024-11-19,335.760009765625,347.3800048828125,332.75,346,346,346,88852500
TSLA,2024-11-20,345,346.6000061035156,334.29998779296875,342.0299987792969,342.0299987792969,342.0299987792969,66340700
TSLA,2024-11-21,343.80999755859375,347.989990234375,335.2799987792969,339.6400146484375,339.6400146484375,339.6400146484375,58011700
TSLA,2024-11-22,341.0899963378906,361.5299987792969,337.70001220703125,352.55999755859375,352.55999755859375,352.55999755859375,89140700
TSLA,2024-11-25,360.1400146484375,361.92999267578125,338.20001220703125,338.5899963378906,338.5899963378906,338.5899963378906,95890900
TSLA,2024-11-26,341,346.9599914550781,335.6600036621094,338.2300109863281,338.2300109863281,338.2300109863281,62295900
TSLA,2024-11-27,341.79998779296875,342.54998779296875,326.5899963378906,332.8900146484375,332.8900146484375,332.8900146484375,57896400
TSLA,2024-11-29,336.0799865722656,345.45001220703125,334.6499938964844,345.1600036621094,345.1600036621094,345.1600036621094,37167600
TSLA,2024-12-02,352.3800048828125,360,351.1499938964844,357.0899963378906,357.0899963378906,357.0899963378906,77986500
TSLA,2024-12-03,351.79998779296875,355.69000244140625,348.20001220703125,351.4200134277344,351.4200134277344,351.4200134277344,58267200
TSLA,2024-12-04,353,358.1000061035156,348.6000061035156,357.92999267578125,357.92999267578125,357.92999267578125,50810900
TSLA,2024-12-05,359.8699951171875,375.42999267578125,359.5,369.489990234375,369.489990234375,369.489990234375,81403600
TSLA,2024-12-06,377.4200134277344,389.489990234375,370.79998779296875,389.2200012207031,389.2200012207031,389.2200012207031,81455800
TSLA,2024-12-09,397.6099853515625,404.79998779296875,378.010009765625,389.7900085449219,389.7900085449219,389.7900085449219,96359200
TSLA,2024-12-10,392.67999267578125,409.7300109863281,390.8500061035156,400.989990234375,400.989990234375,400.989990234375,97563600
TSLA,2024-12-11,409.70001220703125,424.8800048828125,402.3800048828125,424.7699890136719,424.7699890136719,424.7699890136719,104287600
TSLA,2024-12-12,424.8399963378906,429.29998779296875,415,418.1000061035156,418.1000061035156,418.1000061035156,87752200
TSLA,2024-12-13,420,436.29998779296875,415.7099914550781,436.2300109863281,436.2300109863281,436.2300109863281,89000200
TSLA,2024-12-16,441.0899963378906,463.19000244140625,436.1499938964844,463.0199890136719,463.0199890136719,463.0199890136719,114083800
TSLA,2024-12-17,475.8999938964844,483.989990234375,457.510009765625,479.8599853515625,479.8599853515625,479.8599853515625,131223000
TSLA,2024-12-18,466.5,488.5400085449219,427.010009765625,440.1300048828125,440.1300048828125,440.1300048828125,149340800
TSLA,2024-12-19,451.8800048828125,456.3599853515625,420.0199890136719,436.1700134277344,436.1700134277344,436.1700134277344,118566100
TSLA,2024-12-20,425.510009765625,447.0799865722656,417.6400146484375,421.05999755859375,421.05999755859375,421.05999755859375,132216200
TSLA,2024-12-23,431,434.510009765625,415.4100036621094,430.6000061035156,430.6000061035156,430.6000061035156,72698100
TSLA,2024-12-24,435.8999938964844,462.7799987792969,435.1400146484375,462.2799987792969,462.2799987792969,462.2799987792969,59551800
TSLA,2024-12-26,465.1600036621094,465.3299865722656,451.0199890136719,454.1300048828125,454.1300048828125,454.1300048828125,76366400
TSLA,2024-12-27,449.5199890136719,450,426.5,431.6600036621094,431.6600036621094,431.6600036621094,82666800
TSLA,2024-12-30,419.3999938964844,427,415.75,417.4100036621094,417.4100036621094,417.4100036621094,64941000
TSLA,2024-12-31,423.7900085449219,427.92999267578125,402.5400085449219,403.8399963378906,403.8399963378906,403.8399963378906,76825100
TSLA,2025-01-02,390.1000061035156,392.7300109863281,373.0400085449219,379.2799987792969,379.2799987792969,379.2799987792969,109710700
TSLA,2025-01-03,381.4800109863281,411.8800048828125,379.45001220703125,410.44000244140625,410.44000244140625,410.44000244140625,95423300
TSLA,2025-01-06,423.20001220703125,426.42999267578125,401.70001220703125,411.04998779296875,411.04998779296875,411.04998779296875,85516500
TSLA,2025-01-07,405.8299865722656,414.3299865722656,390,394.3599853515625,394.3599853515625,394.3599853515625,75699500
TSLA,2025-01-08,392.95001220703125,402.5,387.3999938964844,394.94000244140625,394.94000244140625,394.94000244140625,73038800
TSLA,2025-01-10,391.3999938964844,399.2799987792969,377.2900085449219,394.739990234375,394.739990234375,394.739990234375,62287300
TSLA,2025-01-13,383.2099914550781,403.7900085449219,380.07000732421875,403.30999755859375,403.30999755859375,403.30999755859375,67580500
TSLA,2025-01-14,414.3399963378906,422.6400146484375,394.5400085449219,396.3599853515625,396.3599853515625,396.3599853515625,84565000
TSLA,2025-01-15,409.8999938964844,429.79998779296875,405.6600036621094,428.2200012207031,428.2200012207031,428.2200012207031,81375500
TSLA,2025-01-16,423.489990234375,424,409.1300048828125,413.82000732421875,413.82000732421875,413.82000732421875,68335200
TSLA,2025-01-17,421.5,439.739990234375,419.75,426.5,426.5,426.5,94991400
TSLA,2025-01-21,432.6400146484375,433.20001220703125,406.30999755859375,424.07000732421875,424.07000732421875,424.07000732421875,87320900
TSLA,2025-01-22,416.80999755859375,428,414.5899963378906,415.1099853515625,415.1099853515625,415.1099853515625,60963300
TSLA,2025-01-23,416.05999755859375,420.7300109863281,408.95001220703125,412.3800048828125,412.3800048828125,412.3800048828125,50690600
TSLA,2025-01-24,414.45001220703125,418.8800048828125,405.7799987792969,406.5799865722656,406.5799865722656,406.5799865722656,56427100
TSLA,2025-01-27,394.79998779296875,406.69000244140625,389,397.1499938964844,397.1499938964844,397.1499938964844,58125500
TSLA,2025-01-28,396.9100036621094,400.5899963378906,386.5,398.0899963378906,398.0899963378906,398.0899963378906,48910700
TSLA,2025-01-29,395.2099914550781,398.5899963378906,384.4800109863281,389.1000061035156,389.1000061035156,389.1000061035156,68033600
TSLA,2025-01-30,410.7799987792969,412.5,384.4100036621094,400.2799987792969,400.2799987792969,400.2799987792969,98092900
TSLA,2025-01-31,401.5299987792969,419.989990234375,401.3399963378906,404.6000061035156,404.6000061035156,404.6000061035156,83283600
TSLA,2025-02-03,386.67999267578125,389.1700134277344,374.3599853515625,383.67999267578125,383.67999267578125,383.67999267578125,93732100
TSLA,2025-02-04,382.6300048828125,394,381.3999938964844,392.2099914550781,392.2099914550781,392.2099914550781,57072200
TSLA,2025-02-05,387.510009765625,388.3900146484375,375.5299987792969,378.1700134277344,378.1700134277344,378.1700134277344,57223300
TSLA,2025-02-06,373.0299987792969,375.3999938964844,363.17999267578125,374.32000732421875,374.32000732421875,374.32000732421875,77918200
TSLA,2025-02-07,370.19000244140625,380.54998779296875,360.3399963378906,361.6199951171875,361.6199951171875,361.6199951171875,70298300
TSLA,2025-02-10,356.2099914550781,362.70001220703125,350.510009765625,350.7300109863281,350.7300109863281,350.7300109863281,77514900
TSLA,2025-02-11,345.79998779296875,349.3699951171875,325.1000061035156,328.5,328.5,328.5,118543400
TSLA,2025-02-12,329.94000244140625,346.3999938964844,329.1199951171875,336.510009765625,336.510009765625,336.510009765625,105382700
TSLA,2025-02-13,345,358.69000244140625,342.8500061035156,355.94000244140625,355.94000244140625,355.94000244140625,89441500
TSLA,2025-02-14,360.6199951171875,362,347.5,355.8399963378906,355.8399963378906,355.8399963378906,68277300
TSLA,2025-02-18,355.010009765625,359.1000061035156,350.0199890136719,354.1099853515625,354.1099853515625,354.1099853515625,51631700
TSLA,2025-02-19,354,367.3399963378906,353.6700134277344,360.55999755859375,360.55999755859375,360.55999755859375,67094400
TSLA,2025-02-20,361.510009765625,362.29998779296875,348,354.3999938964844,354.3999938964844,354.3999938964844,45965400
TSLA,2025-02-21,353.44000244140625,354.9800109863281,334.4200134277344,337.79998779296875,337.79998779296875,337.79998779296875,74058600
TSLA,2025-02-24,338.1400146484375,342.3999938964844,324.70001220703125,330.5299987792969,330.5299987792969,330.5299987792969,76052300
TSLA,2025-02-25,327.0199890136719,328.8900146484375,297.25,302.79998779296875,302.79998779296875,302.79998779296875,134228800
TSLA,2025-02-26,303.7099914550781,309,288.0400085449219,290.79998779296875,290.79998779296875,290.79998779296875,100118300
TSLA,2025-02-27,291.1600036621094,297.2300109863281,280.8800048828125,281.95001220703125,281.95001220703125,281.95001220703125,101748200
TSLA,2025-02-28,279.5,293.8800048828125,273.6000061035156,292.9800109863281,292.9800109863281,292.9800109863281,115697000
TSLA,2025-03-03,300.3399963378906,303.94000244140625,277.29998779296875,284.6499938964844,284.6499938964844,284.6499938964844,115551400
TSLA,2025-03-04,270.92999267578125,284.3500061035156,261.8399963378906,272.0400085449219,272.0400085449219,272.0400085449219,126706600
TSLA,2025-03-05,272.9200134277344,279.54998779296875,267.7099914550781,279.1000061035156,279.1000061035156,279.1000061035156,94042900
TSLA,2025-03-06,272.05999755859375,272.6499938964844,260.0199890136719,263.45001220703125,263.45001220703125,263.45001220703125,98451600
TSLA,2025-03-07,259.32000732421875,266.25,250.72999572753906,262.6700134277344,262.6700134277344,262.6700134277344,102369600
TSLA,2025-03-10,252.5399932861328,253.3699951171875,220,222.14999389648438,222.14999389648438,222.14999389648438,189076900
TSLA,2025-03-11,225.30999755859375,237.05999755859375,217.02000427246094,230.5800018310547,230.5800018310547,230.5800018310547,174896400
TSLA,2025-03-12,247.22000122070313,251.83999633789063,241.10000610351563,248.08999633789063,248.08999633789063,248.08999633789063,142215700
TSLA,2025-03-13,248.1300048828125,248.2899932861328,232.60000610351563,240.67999267578125,240.67999267578125,240.67999267578125,114813500
TSLA,2025-03-14,247.30999755859375,251.5800018310547,240.72999572753906,249.97999572753906,249.97999572753906,249.97999572753906,100242300
TSLA,2025-03-17,245.05999755859375,245.39999389648438,232.8000030517578,238.00999450683594,238.00999450683594,238.00999450683594,111900600
TSLA,2025-03-18,228.16000366210938,230.10000610351563,222.27999877929688,225.30999755859375,225.30999755859375,225.30999755859375,111477600
TSLA,2025-03-19,231.61000061035156,241.41000366210938,229.1999969482422,235.86000061035156,235.86000061035156,235.86000061035156,111993800
TSLA,2025-03-20,233.35000610351563,238,230.0500030517578,236.25999450683594,236.25999450683594,236.25999450683594,99028300
TSLA,2025-03-21,234.99000549316406,249.52000427246094,234.5500030517578,248.7100067138672,248.7100067138672,248.7100067138672,132728700
TSLA,2025-03-24,258.0799865722656,278.6400146484375,256.3299865722656,278.3900146484375,278.3900146484375,278.3900146484375,169079900
TSLA,2025-03-25,283.6000061035156,288.20001220703125,271.2799987792969,288.1400146484375,288.1400146484375,288.1400146484375,150361500
TSLA,2025-03-26,282.6600036621094,284.8999938964844,266.510009765625,272.05999755859375,272.05999755859375,272.05999755859375,153629800
TSLA,2025-03-27,272.4800109863281,291.8500061035156,271.82000732421875,273.1300048828125,273.1300048828125,273.1300048828125,162572100
TSLA,2025-03-28,275.5799865722656,276.1000061035156,260.57000732421875,263.54998779296875,263.54998779296875,263.54998779296875,123809400
TSLA,2025-03-31,249.30999755859375,260.55999755859375,243.36000061035156,259.1600036621094,259.1600036621094,259.1600036621094,134008900
TSLA,2025-04-01,263.79998779296875,277.45001220703125,259.25,268.4599914550781,268.4599914550781,268.4599914550781,146486900
TSLA,2025-04-02,254.60000610351563,284.989990234375,251.27000427246094,282.760009765625,282.760009765625,282.760009765625,212787800
TSLA,2025-04-03,265.2900085449219,276.29998779296875,261.510009765625,267.2799987792969,267.2799987792969,267.2799987792969,136174300
TSLA,2025-04-04,255.3800048828125,261,236,239.42999267578125,239.42999267578125,239.42999267578125,181229400
TSLA,2025-04-07,223.77999877929688,252,214.25,233.2899932861328,233.2899932861328,233.2899932861328,183453800
TSLA,2025-04-08,245,250.44000244140625,217.8000030517578,221.86000061035156,221.86000061035156,221.86000061035156,171603500
TSLA,2025-04-09,224.69000244140625,274.69000244140625,223.8800048828125,272.20001220703125,272.20001220703125,272.20001220703125,219433400
TSLA,2025-04-10,260,262.489990234375,239.3300018310547,252.39999389648438,252.39999389648438,252.39999389648438,181722600
TSLA,2025-04-11,251.83999633789063,257.739990234375,241.36000061035156,252.30999755859375,252.30999755859375,252.30999755859375,128948100
TSLA,2025-04-14,258.3599853515625,261.79998779296875,245.92999267578125,252.35000610351563,252.35000610351563,252.35000610351563,100135200
TSLA,2025-04-15,249.91000366210938,258.75,247.5399932861328,254.11000061035156,254.11000061035156,254.11000061035156,79594300
TSLA,2025-04-16,247.61000061035156,251.97000122070313,233.88999938964844,241.5500030517578,241.5500030517578,241.5500030517578,112378700
TSLA,2025-04-17,243.47000122070313,244.33999633789063,237.67999267578125,241.3699951171875,241.3699951171875,241.3699951171875,83404800
TSLA,2025-04-21,230.25999450683594,232.2100067138672,222.7899932861328,227.5,227.5,227.5,97768000
TSLA,2025-04-22,230.9600067138672,242.7899932861328,229.85000610351563,237.97000122070313,237.97000122070313,237.97000122070313,120858500
TSLA,2025-04-23,254.86000061035156,259.45001220703125,244.42999267578125,250.74000549316406,250.74000549316406,250.74000549316406,150381900
TSLA,2025-04-24,250.5,259.5400085449219,249.1999969482422,259.510009765625,259.510009765625,259.510009765625,94464200
TSLA,2025-04-25,261.69000244140625,286.8500061035156,259.6300048828125,284.95001220703125,284.95001220703125,284.95001220703125,167560700
TSLA,2025-04-28,288.9800109863281,294.8599853515625,272.4200134277344,285.8800048828125,285.8800048828125,285.8800048828125,151731800
TSLA,2025-04-29,285.5,293.32000732421875,279.4700012207031,292.0299987792969,292.0299987792969,292.0299987792969,108906600
TSLA,2025-04-30,279.8999938964844,284.45001220703125,270.7799987792969,282.1600036621094,282.1600036621094,282.1600036621094,128961100
TSLA,2025-05-01,280.010009765625,290.8699951171875,279.80999755859375,280.5199890136719,280.5199890136719,280.5199890136719,99659000
TSLA,2025-05-02,284.8999938964844,294.7799987792969,279.80999755859375,287.2099914550781,287.2099914550781,287.2099914550781,114454700
TSLA,2025-05-05,284.57000732421875,284.8500061035156,274.3999938964844,280.260009765625,280.260009765625,280.260009765625,94618900
TSLA,2025-05-06,273.1099853515625,277.7300109863281,271.3500061035156,275.3500061035156,275.3500061035156,275.3500061035156,76715800
TSLA,2025-05-07,276.8800048828125,277.9200134277344,271,276.2200012207031,276.2200012207031,276.2200012207031,71592600
TSLA,2025-05-08,279.6300048828125,289.79998779296875,279.4100036621094,284.82000732421875,284.82000732421875,284.82000732421875,97539400
TSLA,2025-05-09,290.2099914550781,307.0400085449219,290,298.260009765625,298.260009765625,298.260009765625,132387800
TSLA,2025-05-12,321.989990234375,322.2099914550781,311.5,318.3800048828125,318.3800048828125,318.3800048828125,112826700
TSLA,2025-05-13,320,337.5899963378906,316.79998779296875,334.07000732421875,334.07000732421875,334.07000732421875,136992600
TSLA,2025-05-14,342.5,350,337,347.67999267578125,347.67999267578125,347.67999267578125,136997300
TSLA,2025-05-15,340.3399963378906,346.1400146484375,334.7200012207031,342.82000732421875,342.82000732421875,342.82000732421875,97882600
TSLA,2025-05-16,346.239990234375,351.6199951171875,342.3299865722656,349.9800109863281,349.9800109863281,349.9800109863281,95895700
TSLA,2025-05-19,336.29998779296875,343,333.3699951171875,342.0899963378906,342.0899963378906,342.0899963378906,88869900
TSLA,2025-05-20,347.8699951171875,354.989990234375,341.6300048828125,343.82000732421875,343.82000732421875,343.82000732421875,131715500
TSLA,2025-05-21,344.42999267578125,347.3500061035156,332.20001220703125,334.6199951171875,334.6199951171875,334.6199951171875,102354800
TSLA,2025-05-22,331.8999938964844,347.2699890136719,331.3900146484375,341.0400085449219,341.0400085449219,341.0400085449219,97113400
TSLA,2025-05-23,337.9200134277344,343.17999267578125,333.2099914550781,339.3399963378906,339.3399963378906,339.3399963378906,84654800
TSLA,2025-05-27,347.3500061035156,363.7900085449219,347.32000732421875,362.8900146484375,362.8900146484375,362.8900146484375,120146400
TSLA,2025-05-28,364.8399963378906,365,355.9100036621094,356.8999938964844,356.8999938964844,356.8999938964844,91404300
TSLA,2025-05-29,365.2900085449219,367.7099914550781,356,358.42999267578125,358.42999267578125,358.42999267578125,88087800
TSLA,2025-05-30,355.5199890136719,363.67999267578125,345.2900085449219,346.4599914550781,346.4599914550781,346.4599914550781,123474900
TSLA,2025-06-02,343.5,348.0199890136719,333.3299865722656,342.69000244140625,342.69000244140625,342.69000244140625,81873800
TSLA,2025-06-03,346.6000061035156,355.3999938964844,343.0400085449219,344.2699890136719,344.2699890136719,344.2699890136719,99324500
TSLA,2025-06-04,345.1000061035156,345.6000061035156,327.3299865722656,332.04998779296875,332.04998779296875,332.04998779296875,98912100
TSLA,2025-06-05,322.489990234375,324.54998779296875,273.2099914550781,284.70001220703125,284.70001220703125,284.70001220703125,287499800
TSLA,2025-06-06,298.8299865722656,305.5,291.1400146484375,295.1400146484375,295.1400146484375,295.1400146484375,164747700
TSLA,2025-06-09,285.9599914550781,309.8299865722656,281.8500061035156,308.5799865722656,308.5799865722656,308.5799865722656,140908900
TSLA,2025-06-10,314.94000244140625,327.8299865722656,310.6700134277344,326.0899963378906,326.0899963378906,326.0899963378906,151256500
TSLA,2025-06-11,334.3999938964844,335.5,322.5,326.42999267578125,326.42999267578125,326.42999267578125,122611400
TSLA,2025-06-12,323.0799865722656,332.55999755859375,316.8599853515625,319.1099853515625,319.1099853515625,319.1099853515625,105127500
TSLA,2025-06-13,313.9700012207031,332.989990234375,313.29998779296875,325.30999755859375,325.30999755859375,325.30999755859375,128964300
TSLA,2025-06-16,331.2900085449219,332.04998779296875,326.4100036621094,329.1300048828125,329.1300048828125,329.1300048828125,83925900
TSLA,2025-06-17,326.0899963378906,327.260009765625,314.739990234375,316.3500061035156,316.3500061035156,316.3500061035156,88282700
TSLA,2025-06-18,317.30999755859375,329.32000732421875,315.45001220703125,322.04998779296875,322.04998779296875,322.04998779296875,95137700
TSLA,2025-06-20,327.95001220703125,332.3599853515625,317.7799987792969,322.1600036621094,322.1600036621094,322.1600036621094,108688000
TSLA,2025-06-23,327.5400085449219,357.5400085449219,327.4800109863281,348.67999267578125,348.67999267578125,348.67999267578125,190716800
TSLA,2025-06-24,356.1700134277344,356.260009765625,340.44000244140625,340.4700012207031,340.4700012207031,340.4700012207031,114736200
TSLA,2025-06-25,342.70001220703125,343,320.3999938964844,327.54998779296875,327.54998779296875,327.54998779296875,119845100
TSLA,2025-06-26,324.6099853515625,331.04998779296875,323.6099853515625,325.7799987792969,325.7799987792969,325.7799987792969,80440900
TSLA,2025-06-27,324.510009765625,329.3399963378906,317.5,323.6300048828125,323.6300048828125,323.6300048828125,89067000
TSLA,2025-06-30,319.8999938964844,325.5799865722656,316.6000061035156,317.6600036621094,317.6600036621094,317.6600036621094,76695100
TSLA,2025-07-01,298.4599914550781,305.8900146484375,293.2099914550781,300.7099914550781,300.7099914550781,300.7099914550781,145085700
TSLA,2025-07-02,312.6300048828125,316.8299865722656,303.82000732421875,315.6499938964844,315.6499938964844,315.6499938964844,119483700
TSLA,2025-07-03,317.989990234375,318.45001220703125,312.760009765625,315.3500061035156,315.3500061035156,315.3500061035156,58042300
TSLA,2025-07-07,291.3699951171875,296.1499938964844,288.7699890136719,293.94000244140625,293.94000244140625,293.94000244140625,131177900
TSLA,2025-07-08,297,304.04998779296875,294.3500061035156,297.80999755859375,297.80999755859375,297.80999755859375,103246700
TSLA,2025-07-09,297.54998779296875,300.1499938964844,293.54998779296875,295.8800048828125,295.8800048828125,295.8800048828125,75586800
TSLA,2025-07-10,300.04998779296875,310.4800109863281,300,309.8699951171875,309.8699951171875,309.8699951171875,104365300
TSLA,2025-07-11,307.8900146484375,314.0899963378906,305.6499938964844,313.510009765625,313.510009765625,313.510009765625,79236400
TSLA,2025-07-14,317.7300109863281,322.6000061035156,312.6700134277344,316.8999938964844,316.8999938964844,316.8999938964844,78043400
TSLA,2025-07-15,319.67999267578125,321.20001220703125,310.5,310.7799987792969,310.7799987792969,310.7799987792969,77556300
TSLA,2025-07-16,312.79998779296875,323.5,312.6199951171875,321.6700134277344,321.6700134277344,321.6700134277344,97284800
TSLA,2025-07-17,323.1499938964844,324.3399963378906,317.05999755859375,319.4100036621094,319.4100036621094,319.4100036621094,73922900
TSLA,2025-07-18,321.6600036621094,330.8999938964844,321.4200134277344,329.6499938964844,329.6499938964844,329.6499938964844,94255000
TSLA,2025-07-21,334.3999938964844,338,326.8800048828125,328.489990234375,328.489990234375,328.489990234375,75768800
TSLA,2025-07-22,329.739990234375,335.4100036621094,321.54998779296875,332.1099853515625,332.1099853515625,332.1099853515625,77370400
TSLA,2025-07-23,330.8999938964844,336.20001220703125,328.6700134277344,332.55999755859375,332.55999755859375,332.55999755859375,92553800
TSLA,2025-07-24,310,310.1499938964844,300.4100036621094,305.29998779296875,305.29998779296875,305.29998779296875,156966000
TSLA,2025-07-25,308.739990234375,323.6300048828125,308.010009765625,316.05999755859375,316.05999755859375,316.05999755859375,148227000
TSLA,2025-07-28,318.45001220703125,330.489990234375,315.69000244140625,325.5899963378906,325.5899963378906,325.5899963378906,112673800
TSLA,2025-07-29,325.54998779296875,326.25,318.25,321.20001220703125,321.20001220703125,321.20001220703125,87358900
TSLA,2025-07-30,322.17999267578125,324.45001220703125,311.6199951171875,319.0400085449219,319.0400085449219,319.0400085449219,83931900
TSLA,2025-07-31,319.6099853515625,321.3699951171875,306.1000061035156,308.2699890136719,308.2699890136719,308.2699890136719,85270900
TSLA,2025-08-01,306.2099914550781,309.30999755859375,297.82000732421875,302.6300048828125,302.6300048828125,302.6300048828125,89121400
TSLA,2025-08-04,309.0799865722656,312.1199951171875,303,309.260009765625,309.260009765625,309.260009765625,78683900
TSLA,2025-08-05,308.95001220703125,312.45001220703125,305.5,308.7200012207031,308.7200012207031,308.7200012207031,57961300
TSLA,2025-08-06,307.8900146484375,320.4700012207031,306.92999267578125,319.9100036621094,319.9100036621094,319.9100036621094,78523600
TSLA,2025-08-07,319.7900085449219,322.3999938964844,316.1600036621094,322.2699890136719,322.2699890136719,322.2699890136719,66658700
TSLA,2025-08-08,321.42999267578125,335.1499938964844,320.9800109863281,329.6499938964844,329.6499938964844,329.6499938964844,91200300
TSLA,2025-08-11,335,346.6400146484375,334.1499938964844,339.0299987792969,339.0299987792969,339.0299987792969,105320200
TSLA,2025-08-12,345,345.260009765625,332.94000244140625,340.8399963378906,340.8399963378906,340.8399963378906,80522100
TSLA,2025-08-13,341.5,348.9800109863281,338.20001220703125,339.3800048828125,339.3800048828125,339.3800048828125,67838900
TSLA,2025-08-14,335.760009765625,340.4700012207031,330.3999938964844,335.5799865722656,335.5799865722656,335.5799865722656,75000700
TSLA,2025-08-15,337.6600036621094,339.29998779296875,327.0199890136719,330.55999755859375,330.55999755859375,330.55999755859375,74319800
TSLA,2025-08-18,329.6199951171875,336.2699890136719,329.5899963378906,335.1600036621094,335.1600036621094,335.1600036621094,56956600
TSLA,2025-08-19,335.7900085449219,340.54998779296875,327.8500061035156,329.30999755859375,329.30999755859375,329.30999755859375,75956000
TSLA,2025-08-20,329.2200012207031,331.3699951171875,314.6000061035156,323.8999938964844,323.8999938964844,323.8999938964844,77481800
TSLA,2025-08-21,322.0799865722656,324.8999938964844,318.67999267578125,320.1099853515625,320.1099853515625,320.1099853515625,55744400
TSLA,2025-08-22,321.6600036621094,340.25,319.69000244140625,340.010009765625,340.010009765625,340.010009765625,94016300
TSLA,2025-08-25,338.8999938964844,349.5299987792969,335.0299987792969,346.6000061035156,346.6000061035156,346.6000061035156,86670000
TSLA,2025-08-26,344.92999267578125,351.8999938964844,343.7200012207031,351.6700134277344,351.6700134277344,351.6700134277344,76651600
TSLA,2025-08-27,351.94000244140625,355.3900146484375,349.1600036621094,349.6000061035156,349.6000061035156,349.6000061035156,65519000
TSLA,2025-08-28,350.9100036621094,353.54998779296875,340.260009765625,345.9800109863281,345.9800109863281,345.9800109863281,67903200
TSLA,2025-08-29,347.2300109863281,348.75,331.70001220703125,333.8699951171875,333.8699951171875,333.8699951171875,81145700
TSLA,2025-09-02,328.2300109863281,333.3299865722656,325.6000061035156,329.3599853515625,329.3599853515625,329.3599853515625,58392000
TSLA,2025-09-03,335.20001220703125,343.3299865722656,328.510009765625,334.0899963378906,334.0899963378906,334.0899963378906,88733300
TSLA,2025-09-04,336.1499938964844,338.8900146484375,331.4800109863281,338.5299987792969,338.5299987792969,338.5299987792969,60711000
TSLA,2025-09-05,348,355.8699951171875,344.67999267578125,350.8399963378906,350.8399963378906,350.8399963378906,108989800
TSLA,2025-09-08,354.6400146484375,358.44000244140625,344.8399963378906,346.3999938964844,346.3999938964844,346.3999938964844,75208300
TSLA,2025-09-09,348.44000244140625,350.7699890136719,343.82000732421875,346.9700012207031,346.9700012207031,346.9700012207031,53816000
TSLA,2025-09-10,350.54998779296875,356.3299865722656,346.07000732421875,347.7900085449219,347.7900085449219,347.7900085449219,72121700
TSLA,2025-09-11,350.1700134277344,368.989990234375,347.6000061035156,368.80999755859375,368.80999755859375,368.80999755859375,103756000
TSLA,2025-09-12,370.94000244140625,396.69000244140625,370.239990234375,395.94000244140625,395.94000244140625,395.94000244140625,168156400
TSLA,2025-09-15,423.1300048828125,425.70001220703125,402.42999267578125,410.0400085449219,410.0400085449219,410.0400085449219,163823700
TSLA,2025-09-16,414.5,423.25,411.42999267578125,421.6199951171875,421.6199951171875,421.6199951171875,104285700
TSLA,2025-09-17,415.75,428.30999755859375,409.6700134277344,425.8599853515625,425.8599853515625,425.8599853515625,106133500
TSLA,2025-09-18,428.8699951171875,432.2200012207031,416.55999755859375,416.8500061035156,416.8500061035156,416.8500061035156,90454500
TSLA,2025-09-19,421.82000732421875,429.4700012207031,421.7200012207031,426.07000732421875,426.07000732421875,426.07000732421875,93131000
TSLA,2025-09-22,431.1099853515625,444.9800109863281,429.1300048828125,434.2099914550781,434.2099914550781,434.2099914550781,97108800
TSLA,2025-09-23,439.8800048828125,440.9700012207031,423.7200012207031,425.8500061035156,425.8500061035156,425.8500061035156,83422700
TSLA,2025-09-24,429.8299865722656,444.2099914550781,429.0299987792969,442.7900085449219,442.7900085449219,442.7900085449219,93133600
TSLA,2025-09-25,435.239990234375,435.3500061035156,419.0799865722656,423.3900146484375,423.3900146484375,423.3900146484375,96746400
TSLA,2025-09-26,428.29998779296875,440.4700012207031,421.0199890136719,440.3999938964844,440.3999938964844,440.3999938964844,101628200
TSLA,2025-09-29,444.3500061035156,450.9800109863281,439.5,443.2099914550781,443.2099914550781,443.2099914550781,79491500
TSLA,2025-09-30,441.5199890136719,445,433.1199951171875,444.7200012207031,444.7200012207031,444.7200012207031,74358000
TSLA,2025-10-01,443.79998779296875,462.2900085449219,440.75,459.4599914550781,459.4599914550781,459.4599914550781,98122300
TSLA,2025-10-02,470.5400085449219,470.75,435.57000732421875,436,436,436,137009000
TSLA,2025-10-03,443.2900085449219,446.7699890136719,416.5799865722656,429.8299865722656,429.8299865722656,429.8299865722656,133188200
TSLA,2025-10-06,440.75,453.54998779296875,436.69000244140625,453.25,453.25,453.25,85324900
TSLA,2025-10-07,447.82000732421875,452.67999267578125,432.45001220703125,433.0899963378906,433.0899963378906,433.0899963378906,102296100
TSLA,2025-10-08,437.57000732421875,441.3299865722656,425.2300109863281,438.69000244140625,438.69000244140625,438.69000244140625,71192100
TSLA,2025-10-09,431.80999755859375,436.3500061035156,426.17999267578125,435.5400085449219,435.5400085449219,435.5400085449219,69339900
TSLA,2025-10-10,436.5400085449219,443.1300048828125,411.45001220703125,413.489990234375,413.489990234375,413.489990234375,112107900
TSLA,2025-10-13,423.5299987792969,436.8900146484375,419.70001220703125,435.8999938964844,435.8999938964844,435.8999938964844,79552800
TSLA,2025-10-14,426.7900085449219,434.20001220703125,417.8599853515625,429.239990234375,429.239990234375,429.239990234375,72669400
TSLA,2025-10-15,434.8999938964844,440.510009765625,426.3299865722656,435.1499938964844,435.1499938964844,435.1499938964844,71558200
TSLA,2025-10-16,434.7300109863281,439.3500061035156,421.30999755859375,428.75,428.75,428.75,77189900
TSLA,2025-10-17,425.5,441.4599914550781,423.6000061035156,439.30999755859375,439.30999755859375,439.30999755859375,89331600
TSLA,2025-10-20,443.8699951171875,449.79998779296875,440.6099853515625,447.42999267578125,447.42999267578125,447.42999267578125,63719000
TSLA,2025-10-21,445.760009765625,449.29998779296875,442.04998779296875,442.6000061035156,442.6000061035156,442.6000061035156,54412200
TSLA,2025-10-22,443.45001220703125,445.5400085449219,429,438.9700012207031,438.9700012207031,438.9700012207031,84023500
TSLA,2025-10-23,420,449.3999938964844,413.8999938964844,448.9800109863281,448.9800109863281,448.9800109863281,126709800
TSLA,2025-10-24,446.8299865722656,451.67999267578125,430.1700134277344,433.7200012207031,433.7200012207031,433.7200012207031,94727800
TSLA,2025-10-27,439.9800109863281,460.1600036621094,438.69000244140625,452.4200134277344,452.4200134277344,452.4200134277344,105867500
TSLA,2025-10-28,454.7799987792969,467,451.6000061035156,460.54998779296875,460.54998779296875,460.54998779296875,80185700
TSLA,2025-10-29,462.5,465.70001220703125,452.6499938964844,461.510009765625,461.510009765625,461.510009765625,67983500
TSLA,2025-10-30,451.04998779296875,455.05999755859375,439.6099853515625,440.1000061035156,440.1000061035156,440.1000061035156,72447900
TSLA,2025-10-31,446.75,458,443.69000244140625,456.55999755859375,456.55999755859375,456.55999755859375,83135800
TSLA,2025-11-03,455.989990234375,474.07000732421875,453.79998779296875,468.3699951171875,468.3699951171875,468.3699951171875,84595200
TSLA,2025-11-04,454.4599914550781,460.2200012207031,443.6000061035156,444.260009765625,444.260009765625,444.260009765625,87756600
TSLA,2025-11-05,452.04998779296875,466.3299865722656,440.7099914550781,462.07000732421875,462.07000732421875,462.07000732421875,85573000
TSLA,2025-11-06,461.9599914550781,467.45001220703125,435.0899963378906,445.9100036621094,445.9100036621094,445.9100036621094,109622900
TSLA,2025-11-07,437.9200134277344,439.3599853515625,421.8800048828125,429.5199890136719,429.5199890136719,429.5199890136719,103471500
TSLA,2025-11-10,439.6000061035156,449.6700134277344,433.3599853515625,445.2300109863281,445.2300109863281,445.2300109863281,76515900
TSLA,2025-11-11,439.3999938964844,442.489990234375,432.3599853515625,439.6199951171875,439.6199951171875,439.6199951171875,60533200
TSLA,2025-11-12,442.1499938964844,442.3299865722656,426.55999755859375,430.6000061035156,430.6000061035156,430.6000061035156,58513500
TSLA,2025-11-13,423.1300048828125,424.5,396.3399963378906,401.989990234375,401.989990234375,401.989990234375,118948000
TSLA,2025-11-14,386.29998779296875,412.19000244140625,382.7799987792969,404.3500061035156,404.3500061035156,404.3500061035156,105506700
TSLA,2025-11-17,398.739990234375,423.9599914550781,398.739990234375,408.9200134277344,408.9200134277344,408.9200134277344,102214300
TSLA,2025-11-18,405.3800048828125,408.8999938964844,393.7099914550781,401.25,401.25,401.25,80688600
TSLA,2025-11-19,406.17999267578125,411.7799987792969,398.5,403.989990234375,403.989990234375,403.989990234375,72047700
TSLA,2025-11-20,414.6300048828125,428.94000244140625,394.739990234375,395.2300109863281,395.2300109863281,395.2300109863281,113548800
TSLA,2025-11-21,402.32000732421875,402.79998779296875,383.760009765625,391.0899963378906,391.0899963378906,391.0899963378906,100460600
TSLA,2025-11-24,402.1700134277344,421.7200012207031,401.0899963378906,417.7799987792969,417.7799987792969,417.7799987792969,96806400
TSLA,2025-11-25,414.4200134277344,420.4800109863281,405.95001220703125,419.3999938964844,419.3999938964844,419.3999938964844,71915600
TSLA,2025-11-26,423.95001220703125,426.94000244140625,416.8900146484375,426.5799865722656,426.5799865722656,426.5799865722656,63463000
TSLA,2025-11-28,426.5899963378906,432.92999267578125,426.20001220703125,430.1700134277344,430.1700134277344,430.1700134277344,36252900
TSLA,2025-12-01,425.32000732421875,433.6600036621094,425.2900085449219,430.1400146484375,430.1400146484375,430.1400146484375,57463600
TSLA,2025-12-02,430.80999755859375,436.79998779296875,422.1199951171875,429.239990234375,429.239990234375,429.239990234375,69336600
TSLA,2025-12-03,432.1000061035156,447.9200134277344,431.1099853515625,446.739990234375,446.739990234375,446.739990234375,87483000
TSLA,2025-12-04,449.94000244140625,454.6300048828125,445.3900146484375,454.5299987792969,454.5299987792969,454.5299987792969,71906500
TSLA,2025-12-05,453.0299987792969,458.8699951171875,451.6600036621094,455,455,455,56427500
TSLA,2025-12-08,447.45001220703125,449.75,435.25,439.5799865722656,439.5799865722656,439.5799865722656,69165800
TSLA,2025-12-09,437.5400085449219,452.3900146484375,435.70001220703125,445.1700134277344,445.1700134277344,445.1700134277344,62367400
TSLA,2025-12-10,446.07000732421875,456.8800048828125,443.6099853515625,451.45001220703125,451.45001220703125,451.45001220703125,63257500
TSLA,2025-12-11,448.95001220703125,449.2699890136719,440.3299865722656,446.8900146484375,446.8900146484375,446.8900146484375,55979500
TSLA,2025-12-12,448.0899963378906,463.010009765625,441.6700134277344,458.9599914550781,458.9599914550781,458.9599914550781,95656700
TSLA,2025-12-15,469.44000244140625,481.7699890136719,467.6600036621094,475.30999755859375,475.30999755859375,475.30999755859375,114542200
TSLA,2025-12-16,472.2099914550781,491.5,465.8299865722656,489.8800048828125,489.8800048828125,489.8800048828125,107608100
TSLA,2025-12-17,488.2200012207031,495.2799987792969,466.20001220703125,467.260009765625,467.260009765625,467.260009765625,106490400
TSLA,2025-12-18,478.1600036621094,490.8599853515625,473.1199951171875,483.3699951171875,483.3699951171875,483.3699951171875,95168400
TSLA,2025-12-19,488.1199951171875,490.489990234375,474.7200012207031,481.20001220703125,481.20001220703125,481.20001220703125,103305400
TSLA,2025-12-22,489.8800048828125,498.8299865722656,485.3299865722656,488.7300109863281,488.7300109863281,488.7300109863281,86916100
TSLA,2025-12-23,489.3999938964844,491.9700012207031,482.8399963378906,485.55999755859375,485.55999755859375,485.55999755859375,58223600
TSLA,2025-12-24,488.4800109863281,490.8999938964844,476.79998779296875,485.3999938964844,485.3999938964844,485.3999938964844,41285400
TSLA,2025-12-26,485.2300109863281,489.0899963378906,473.82000732421875,475.19000244140625,475.19000244140625,475.19000244140625,58780700
TSLA,2025-12-29,469,469.3999938964844,459,459.6400146484375,459.6400146484375,459.6400146484375,66263000
TSLA,2025-12-30,461.0899963378906,463.1199951171875,453.8299865722656,454.42999267578125,454.42999267578125,454.42999267578125,59238500
TSLA,2025-12-31,456.1000061035156,456.54998779296875,449.29998779296875,449.7200012207031,449.7200012207031,449.7200012207031,49078000
TSLA,2026-01-02,457.79998779296875,458.3399963378906,435.29998779296875,438.07000732421875,438.07000732421875,438.07000732421875,85535400
TSLA,2026-01-05,447.989990234375,457.54998779296875,444.57000732421875,451.6700134277344,451.6700134277344,451.6700134277344,67940800
TSLA,2026-01-06,446.3800048828125,448.25,428.7799987792969,432.9599914550781,432.9599914550781,432.9599914550781,89093800
TSLA,2026-01-07,435.8999938964844,438.3699951171875,431.2900085449219,431.4100036621094,431.4100036621094,431.4100036621094,59828800
TSLA,2026-01-08,427.8900146484375,436.8900146484375,424.3699951171875,435.79998779296875,435.79998779296875,435.79998779296875,57041100
TSLA,2026-01-09,435.95001220703125,449.04998779296875,430.3900146484375,445.010009765625,445.010009765625,445.010009765625,67331500
TSLA,2026-01-12,441.2300109863281,454.29998779296875,438,448.9599914550781,448.9599914550781,448.9599914550781,61649600
TSLA,2026-01-13,450.20001220703125,451.80999755859375,443.95001220703125,447.20001220703125,447.20001220703125,447.20001220703125,53719200
TSLA,2026-01-14,442.80999755859375,443.9100036621094,434.2200012207031,439.20001220703125,439.20001220703125,439.20001220703125,57259500
TSLA,2026-01-15,441.1300048828125,445.3599853515625,437.6499938964844,438.57000732421875,438.57000732421875,438.57000732421875,49465800
TSLA,2026-01-16,439.5,447.25,435.260009765625,437.5,437.5,437.5,60220600
TSLA,2026-01-20,429.3599853515625,430.7300109863281,417.44000244140625,419.25,419.25,419.25,63187300
TSLA,2026-01-21,421.6600036621094,438.20001220703125,419.6199951171875,431.44000244140625,431.44000244140625,431.44000244140625,68124000
TSLA,2026-01-22,435.1600036621094,449.5,432.6300048828125,449.3599853515625,449.3599853515625,449.3599853515625,71546700
TSLA,2026-01-23,447.42999267578125,452.42999267578125,444.0400085449219,449.05999755859375,449.05999755859375,449.05999755859375,56771400
TSLA,2026-01-26,445,445.0400085449219,434.2799987792969,435.20001220703125,435.20001220703125,435.20001220703125,49397400
TSLA,2026-01-27,437.4100036621094,437.5199890136719,430.69000244140625,430.8999938964844,430.8999938964844,430.8999938964844,37733100
TSLA,2026-01-28,431.9100036621094,438.260009765625,430.1000061035156,431.4599914550781,431.4599914550781,431.4599914550781,54857400
TSLA,2026-01-29,437.79998779296875,440.2300109863281,414.6199951171875,416.55999755859375,416.55999755859375,416.55999755859375,81686100
TSLA,2026-01-30,425.3500061035156,439.8800048828125,422.70001220703125,430.4100036621094,430.4100036621094,430.4100036621094,82626100
TSLA,2026-02-02,421.2900085449219,427.1499938964844,414.5,421.80999755859375,421.80999755859375,421.80999755859375,58739500
TSLA,2026-02-03,424.2699890136719,428.55999755859375,413.69000244140625,421.9599914550781,421.9599914550781,421.9599914550781,56886500
TSLA,2026-02-04,420.4599914550781,423.8999938964844,399.17999267578125,406.010009765625,406.010009765625,406.010009765625,74606900
TSLA,2026-02-05,397.0199890136719,402.1000061035156,387.5299987792969,397.2099914550781,397.2099914550781,397.2099914550781,72819800
TSLA,2026-02-06,400.8699951171875,414.54998779296875,397.75,411.1099853515625,411.1099853515625,411.1099853515625,62677100
TSLA,2026-02-09,409.9100036621094,421.25,407.2900085449219,417.32000732421875,417.32000732421875,417.32000732421875,54484300
TSLA,2026-02-10,418.0799865722656,427.25,417,425.2099914550781,425.2099914550781,425.2099914550781,64450200
TSLA,2026-02-11,427.9599914550781,436.3500061035156,420.0299987792969,428.2699890136719,428.2699890136719,428.2699890136719,57362000
TSLA,2026-02-12,430.29998779296875,436.2300109863281,414,417.07000732421875,417.07000732421875,417.07000732421875,61933400
TSLA,2026-02-13,414.30999755859375,424.05999755859375,410.8800048828125,417.44000244140625,417.44000244140625,417.44000244140625,51434100
TSLA,2026-02-17,412.3599853515625,413.7200012207031,400.510009765625,410.6300048828125,410.6300048828125,410.6300048828125,59678800
TSLA,2026-02-18,411.1099853515625,416.8999938964844,409.5799865722656,411.32000732421875,411.32000732421875,411.32000732421875,45921400
TSLA,2026-02-19,407.25,415.25,404.1099853515625,411.7099914550781,411.7099914550781,411.7099914550781,51019600
TSLA,2026-02-20,408.29998779296875,414.70001220703125,405.5,411.82000732421875,411.82000732421875,411.82000732421875,57912200
TSLA,2026-02-23,407.2900085449219,407.70001220703125,394.0400085449219,399.8299865722656,399.8299865722656,399.8299865722656,69680000
TSLA,2026-02-24,399.5,410.82000732421875,397.6400146484375,409.3800048828125,409.3800048828125,409.3800048828125,58579500
TSLA,2026-02-25,412.1499938964844,420.3399963378906,412.1499938964844,417.3999938964844,417.3999938964844,417.3999938964844,54809700
TSLA,2026-02-26,414.4200134277344,416.80999755859375,403.6600036621094,408.5799865722656,408.5799865722656,408.5799865722656,53602500
TSLA,2026-02-27,402.94000244140625,407.1199951171875,398.1099853515625,402.510009765625,402.510009765625,402.510009765625,56890100
TSLA,2026-03-02,390.6000061035156,404.5400085449219,388.25,403.32000732421875,403.32000732421875,403.32000732421875,55088300
TSLA,2026-03-03,395.0899963378906,396.3399963378906,385.3900146484375,392.42999267578125,392.42999267578125,392.42999267578125,62617300
TSLA,2026-03-04,397.8500061035156,408.3299865722656,394.5799865722656,405.94000244140625,405.94000244140625,405.94000244140625,68305500
TSLA,2026-03-05,401.57000732421875,408.6199951171875,399.4200134277344,405.54998779296875,405.54998779296875,405.54998779296875,51925900
TSLA,2026-03-06,398.0899963378906,402.3500061035156,394.2099914550781,396.7300109863281,396.7300109863281,396.7300109863281,64054600
TSLA,2026-03-09,390.04998779296875,401.5899963378906,381.3999938964844,398.67999267578125,398.67999267578125,398.67999267578125,67018900
TSLA,2026-03-10,402.2200012207031,406.5899963378906,398.19000244140625,399.239990234375,399.239990234375,399.239990234375,59258700
TSLA,2026-03-11,402.2799987792969,416.3800048828125,402.1499938964844,407.82000732421875,407.82000732421875,407.82000732421875,62559900
TSLA,2026-03-12,405.17999267578125,406.5,394.6499938964844,395.010009765625,395.010009765625,395.010009765625,60973800
TSLA,2026-03-13,399.1700134277344,400.20001220703125,389.95001220703125,391.20001220703125,391.20001220703125,391.20001220703125,58504100
TSLA,2026-03-16,396.2200012207031,403.7300109863281,394.4200134277344,395.55999755859375,395.55999755859375,395.55999755859375,58068300
TSLA,2026-03-17,395.69000244140625,400.1199951171875,393,399.2699890136719,399.2699890136719,399.2699890136719,46890500
TSLA,2026-03-18,399,403.07000732421875,392.30999755859375,392.7799987792969,392.7799987792969,392.7799987792969,50853100
TSLA,2026-03-19,387.2699890136719,387.2699890136719,378.7300109863281,380.29998779296875,380.29998779296875,380.29998779296875,67078300
TSLA,2026-03-20,379.8500061035156,379.8900146484375,364.4599914550781,367.9599914550781,367.9599914550781,367.9599914550781,78628600
TSLA,2026-03-23,373.0899963378906,385.3299865722656,372.7300109863281,380.8500061035156,380.8500061035156,380.8500061035156,74606000
TSLA,2026-03-24,376.55999755859375,387.4800109863281,376.30999755859375,383.0299987792969,383.0299987792969,383.0299987792969,60004900
TSLA,2026-03-25,389.989990234375,396.2300109863281,385.010009765625,385.95001220703125,385.95001220703125,385.95001220703125,55157300
TSLA,2026-03-26,381.6000061035156,384.44000244140625,371.8699951171875,372.1099853515625,372.1099853515625,372.1099853515625,55522900
TSLA,2026-03-27,369.69000244140625,369.8599853515625,359.4700012207031,361.8299865722656,361.8299865722656,361.8299865722656,62065700
TSLA,2026-03-30,365.8599853515625,367.2900085449219,352.1400146484375,355.2799987792969,355.2799987792969,355.2799987792969,67954400
TSLA,2026-03-31,361.510009765625,373.3299865722656,361,371.75,371.75,371.75,75534900
TSLA,2026-04-01,378.6300048828125,383.1400146484375,374.0799865722656,381.260009765625,381.260009765625,381.260009765625,58683800
TSLA,2026-04-02,364.20001220703125,370.2799987792969,359.0299987792969,360.5899963378906,360.5899963378906,360.5899963378906,83031200
TSLA,2026-04-06,362.5899963378906,367.7200012207031,346.6400146484375,352.82000732421875,352.82000732421875,352.82000732421875,77697600
TSLA,2026-04-07,346.44000244140625,348.0199890136719,337.239990234375,346.6499938964844,346.6499938964844,346.6499938964844,74515400
TSLA,2026-04-08,363.7900085449219,364.5,339.6700134277344,343.25,343.25,343.25,78838600
TSLA,2026-04-09,343.1499938964844,348.8800048828125,337.25,345.6199951171875,345.6199951171875,345.6199951171875,62164000
TSLA,2026-04-10,346.2900085449219,350.3599853515625,342.739990234375,348.95001220703125,348.95001220703125,348.95001220703125,51336000
TSLA,2026-04-13,350.07000732421875,356.3500061035156,348.57000732421875,352.4200134277344,352.4200134277344,352.4200134277344,53617500
TSLA,2026-04-14,357.6700134277344,367.6300048828125,354.7699890136719,364.20001220703125,364.20001220703125,364.20001220703125,59979600
TSLA,2026-04-15,366.8299865722656,394.6499938964844,362.5,391.95001220703125,391.95001220703125,391.95001220703125,113810400
TSLA,2026-04-16,393.80999755859375,394.05999755859375,381.79998779296875,388.8999938964844,388.8999938964844,388.8999938964844,63515100
TSLA,2026-04-17,395.9200134277344,409.2799987792969,391.6499938964844,400.6199951171875,400.6199951171875,400.6199951171875,90640000
TSLA,2026-04-20,402.5799865722656,406.79998779296875,388.3299865722656,392.5,392.5,392.5,64603900
TSLA,2026-04-21,393,393.95001220703125,385.2200012207031,386.4200134277344,386.4200134277344,386.4200134277344,50530600
TSLA,2026-04-22,387.57000732421875,393.010009765625,385.29998779296875,387.510009765625,387.510009765625,387.510009765625,62362800
TSLA,2026-04-23,375.2799987792969,386,368.3900146484375,373.7200012207031,373.7200012207031,373.7200012207031,93969500
TSLA,2026-04-24,373.5,382.760009765625,370.7300109863281,376.29998779296875,376.29998779296875,376.29998779296875,62893300
TSLA,2026-04-27,372.0899963378906,380.7799987792969,364.0199890136719,378.6700134277344,378.6700134277344,378.6700134277344,66735800
TSLA,2026-04-28,374.67999267578125,382.2900085449219,372.5400085449219,376.0199890136719,376.0199890136719,376.0199890136719,50864400
TSLA,2026-04-29,375.3999938964844,376.3999938964844,370.0400085449219,372.79998779296875,372.79998779296875,372.79998779296875,45384800
TSLA,2026-04-30,372.75,384.75,368.1700134277344,381.6300048828125,381.6300048828125,381.6300048828125,51076000
TSLA,2026-05-01,382.489990234375,397.82000732421875,378.79998779296875,390.82000732421875,390.82000732421875,390.82000732421875,65338300
TSLA,2026-05-04,390.2300109863281,394.6400146484375,384.79998779296875,392.510009765625,392.510009765625,392.510009765625,48765100
TSLA,2026-05-05,395.19000244140625,402.1199951171875,389,389.3699951171875,389.3699951171875,389.3699951171875,47780600
TSLA,2026-05-06,386.25,401.67999267578125,384.0199890136719,398.7300109863281,398.7300109863281,398.7300109863281,53465400
TSLA,2026-05-07,407.4800109863281,415.8299865722656,402.1199951171875,411.7900085449219,411.7900085449219,411.7900085449219,64294200
TSLA,2026-05-08,416.4800109863281,431.20001220703125,416.3900146484375,428.3500061035156,428.3500061035156,428.3500061035156,65050000
TSLA,2026-05-11,422.1600036621094,449.1600036621094,416.79998779296875,445,445,445,78376100
TSLA,2026-05-12,441.4100036621094,447.79998779296875,422.260009765625,433.45001220703125,433.45001220703125,433.45001220703125,60569300
TSLA,2026-05-13,436.6700134277344,453.3999938964844,430.2099914550781,445.2699890136719,445.2699890136719,445.2699890136719,68283200
TSLA,2026-05-14,446.489990234375,451.9800109863281,441.1600036621094,443.29998779296875,443.29998779296875,443.29998779296875,46070400
TSLA,2026-05-15,433.9800109863281,434.6600036621094,422,422.239990234375,422.239990234375,422.239990234375,52688700
TSLA,2026-05-18,419.2699890136719,421.1300048828125,405.3299865722656,409.989990234375,409.989990234375,409.989990234375,52474200
TSLA,2026-05-19,403.1600036621094,405.6300048828125,393.6300048828125,404.1099853515625,404.1099853515625,404.1099853515625,46500600
TSLA,2026-05-20,407.6000061035156,417.4599914550781,406.3900146484375,417.260009765625,417.260009765625,417.260009765625,45294700
TSLA,2026-05-21,422.17999267578125,426.95001220703125,412.8999938964844,417.8500061035156,417.8500061035156,417.8500061035156,42636900
TSLA,2026-05-22,422.6700134277344,431.510009765625,420.510009765625,426.010009765625,426.010009765625,426.010009765625,46104700
TSLA,2026-05-26,430.260009765625,435.20001220703125,426.1199951171875,433.5899963378906,433.5899963378906,433.5899963378906,45658900
TSLA,2026-05-27,442.8900146484375,445.6000061035156,435.5199890136719,440.3599853515625,440.3599853515625,440.3599853515625,44656500
TSLA,2026-05-28,437.6199951171875,443.9599914550781,436.29998779296875,442.1000061035156,442.1000061035156,442.1000061035156,32435000
TSLA,2026-05-29,439.8500061035156,441.07000732421875,428.1400146484375,435.7900085449219,435.7900085449219,435.7900085449219,45176800
TSLA,2026-06-01,427.489990234375,429.6000061035156,415.42999267578125,415.8800048828125,415.8800048828125,415.8800048828125,44937900
TSLA,2026-06-02,418.2200012207031,424.4200134277344,413.6499938964844,423.739990234375,423.739990234375,423.739990234375,37596000
TSLA,2026-06-03,418.70001220703125,433.6000061035156,416,423.70001220703125,423.70001220703125,423.70001220703125,44500700
TSLA,2026-06-04,419.8399963378906,426.3500061035156,417.1600036621094,418.45001220703125,418.45001220703125,418.45001220703125,35323300
TSLA,2026-06-05,420.5,424.67999267578125,388.5899963378906,391,391,391,63420200
TSLA,2026-06-08,396.3299865722656,412.94000244140625,394.7200012207031,408.95001220703125,408.95001220703125,408.95001220703125,50328800
TSLA,2026-06-09,411.0299987792969,418.5,384.239990234375,396.67999267578125,396.67999267578125,396.67999267578125,59940200
TSLA,2026-06-10,391.5400085449219,397.0899963378906,380.1499938964844,381.5899963378906,381.5899963378906,381.5899963378906,49695600
TSLA,2026-06-11,388.2799987792969,399.5400085449219,380.6600036621094,399.1499938964844,399.1499938964844,399.1499938964844,45324300
TSLA,2026-06-12,399.489990234375,406.67999267578125,386.760009765625,406.42999267578125,406.42999267578125,406.42999267578125,63514500
TSLA,2026-06-15,412.3699951171875,416,407.1000061035156,411.1499938964844,411.1499938964844,411.1499938964844,45620500
TSLA,2026-06-16,404.1099853515625,412.4200134277344,400.5400085449219,404.6600036621094,404.6600036621094,404.6600036621094,40255500
TSLA,2026-06-17,401.5299987792969,405.94000244140625,393.760009765625,396.3800048828125,396.3800048828125,396.3800048828125,43534300
TSLA,2026-06-18,398.1000061035156,402.5199890136719,384.70001220703125,400.489990234375,400.489990234375,400.489990234375,58384700
TSLA,2026-06-22,394.8500061035156,414.75,394.3999938964844,405.04998779296875,405.04998779296875,405.04998779296875,47819500
TSLA,2026-06-23,392.6099853515625,392.8699951171875,379.05999755859375,381.6099853515625,381.6099853515625,381.6099853515625,50420200
TSLA,2026-06-24,380.0799865722656,384.5799865722656,373.04998779296875,375.5299987792969,375.5299987792969,375.5299987792969,37081400
TSLA,2026-06-25,375.2699890136719,379.1199951171875,371.2200012207031,375.1199951171875,375.1199951171875,375.1199951171875,30138800
TSLA,2026-06-26,370.1499938964844,387.79998779296875,368.6000061035156,379.7099914550781,379.7099914550781,379.7099914550781,53434100
TSLA,2026-06-29,381.7900085449219,413.2699890136719,379.29998779296875,411.8399963378906,411.8399963378906,411.8399963378906,57645800
TSLA,2026-06-30,406,424.5400085449219,406,420.6000061035156,420.6000061035156,420.6000061035156,43385600
TSLA,2026-07-01,421.4599914550781,432.8599853515625,418.0899963378906,425.29998779296875,425.29998779296875,425.29998779296875,40127900
TSLA,2026-07-02,428.010009765625,432.3500061035156,389.29998779296875,393.45001220703125,393.45001220703125,393.45001220703125,73717700
TSLA,2026-07-06,397.5,420,390.5,419.7699890136719,419.7699890136719,419.7699890136719,54727900
TSLA,2026-07-07,416.9599914550781,419.55999755859375,401.8800048828125,402.8999938964844,402.8999938964844,402.8999938964844,38149900
TSLA,2026-07-08,399.3800048828125,399.6300048828125,390.510009765625,394.05999755859375,394.05999755859375,394.05999755859375,33844900
TSLA,2026-07-09,393.989990234375,407.8599853515625,390.8599853515625,406.54998779296875,406.54998779296875,406.54998779296875,37835000
TSLA,2026-07-10,410.489990234375,413.1600036621094,402.80999755859375,407.760009765625,407.760009765625,407.760009765625,33410000
TSLA,2026-07-13,404.6099853515625,405.57000732421875,391.3699951171875,394.760009765625,394.760009765625,394.760009765625,32809200
TSLA,2026-07-14,399.04998779296875,402.2200012207031,394.760009765625,396.17999267578125,396.17999267578125,396.17999267578125,23385000
TSLA,2026-07-15,399.3999938964844,406.5899963378906,390.6600036621094,394.4599914550781,394.4599914550781,394.4599914550781,31549800
TSLA,2026-07-16,392.3500061035156,395.30999755859375,385.32000732421875,391.05999755859375,391.05999755859375,391.05999755859375,29269100
TSLA,2026-07-17,381.7799987792969,385.69000244140625,377.2200012207031,380.8399963378906,380.8399963378906,380.8399963378906,31394600
TSLA,2026-07-20,386.04998779296875,386.6099853515625,369.42999267578125,369.57000732421875,369.57000732421875,369.57000732421875,33901500
TSLA,2026-07-21,371.1700134277344,384.07000732421875,369.9800109863281,378.92999267578125,378.92999267578125,378.92999267578125,32735300
TSLA,2026-07-22,375.5299987792969,380.1700134277344,372.8999938964844,374.010009765625,374.010009765625,374.010009765625,30646100
TSLA,2026-07-23,341,342.1099853515625,315.739990234375,319.69000244140625,319.69000244140625,319.69000244140625,115606400
TSLA,2026-07-24,320.7200012207031,322.9599914550781,306.510009765625,313.0299987792969,313.0299987792969,313.0299987792969,62760000
TSLA,2026-07-27,313.239990234375,317,304.2799987792969,309.2200012207031,309.2200012207031,309.2200012207031,44919400
TSLA,2026-07-28,305.92999267578125,311.1600036621094,300.69000244140625,307.44000244140625,307.44000244140625,307.44000244140625,39802400
TSLA,2026-07-29,307.1400146484375,309.05999755859375,297.3800048828125,298.32000732421875,298.32000732421875,298.32000732421875,39478000
TSLA,2026-07-30,302.70001220703125,310.8699951171875,301.3299865722656,308.8500061035156,308.8500061035156,308.8500061035156,38005400
TSLA,2026-07-31,309.69000244140625,315.5,301.9700012207031,311.2099914550781,311.2099914550781,311.2099914550781,36630600
TSLA,2026-08-03,310.9599914550781,324.6499938964844,310.42999267578125,322.0799865722656,322.0799865722656,322.0799865722656,38281400
TSLA,2026-08-04,324,329.57000732421875,320.7900085449219,327.3500061035156,327.3500061035156,327.3500061035156,33318300
TSLA,2026-08-05,323.4200134277344,327.1400146484375,320.2799987792969,321.54998779296875,321.54998779296875,321.54998779296875,27820800
TSLA,2026-08-06,317.04998779296875,323,315.5199890136719,319.5299987792969,319.5299987792969,319.5299987792969,26033800
TSLA,2026-08-07,322.3399963378906,333.7300109863281,321.25,328.5799865722656,328.5799865722656,328.5799865722656,39492300
TSLA,2026-08-10,326.6000061035156,332.04998779296875,326.1499938964844,330.8800048828125,330.8800048828125,330.8800048828125,25003800
TSLA,2026-08-11,332.79998779296875,336.20001220703125,329.5299987792969,332.80999755859375,332.80999755859375,332.80999755859375,23345200
TSLA,2026-08-12,335,335.5,323.6400146484375,327.510009765625,327.510009765625,327.510009765625,28698900
TSLA,2026-08-13,327.20001220703125,341.6400146484375,325.239990234375,339.9599914550781,339.9599914550781,339.9599914550781,34708300
TSLA,2026-08-14,342.3299865722656,351.260009765625,335.3299865722656,342.2699890136719,342.2699890136719,342.2699890136719,45437100
TSLA,2026-08-17,340.69000244140625,345.45001220703125,337.4800109863281,339.29998779296875,339.29998779296875,339.29998779296875,26037100
TSLA,2026-08-18,333.2200012207031,340.5299987792969,331.1199951171875,336.8699951171875,336.8699951171875,336.8699951171875,27994500
TSLA,2026-08-19,338.8900146484375,351.6199951171875,335.70001220703125,351.1199951171875,351.1199951171875,351.1199951171875,36735400
TSLA,2026-08-20,346.20001220703125,347.5,338.9599914550781,345.1300048828125,345.1300048828125,345.1300048828125,30766400
TSLA,2026-08-21,349.8800048828125,366.5,346.8999938964844,362.8599853515625,362.8599853515625,362.8599853515625,59224000
TSLA,2026-08-24,361.4100036621094,363.239990234375,348.260009765625,348.95001220703125,348.95001220703125,348.95001220703125,39190500
TSLA,2026-08-25,349.5799865722656,357,349.20001220703125,350.25,350.25,350.25,29816700
TSLA,2026-08-26,345.2699890136719,351.92999267578125,342.5299987792969,345.82000732421875,345.82000732421875,345.82000732421875,28573000
TSLA,2026-08-27,346.1600036621094,355.739990234375,345.45001220703125,354.80999755859375,354.80999755859375,354.80999755859375,30136200
TSLA,2026-08-28,357.1000061035156,358.79998779296875,345.20001220703125,348.75,348.75,348.75,32972200
TSLA,2026-08-31,347.2099914550781,368.9200134277344,347.1499938964844,367.95001220703125,367.95001220703125,367.95001220703125,61732300
TSLA,2026-09-01,360.8999938964844,362.70001220703125,352.9599914550781,356.0899963378906,356.0899963378906,356.0899963378906,36193900
TSLA,2026-09-02,360.4100036621094,360.6199951171875,349.9200134277344,357.010009765625,357.010009765625,357.010009765625,33951900
TSLA,2026-09-03,365.82000732421875,384.0400085449219,365.82000732421875,376.3699951171875,376.3699951171875,376.3699951171875,63601000
TSLA,2026-09-04,362.07000732421875,364.69000244140625,351.32000732421875,354.0799865722656,354.0799865722656,354.0799865722656,65018200
TSLA,2026-09-08,357.1000061035156,370,355.75,368.1600036621094,368.1600036621094,368.1600036621094,51078800
TSLA,2026-09-09,368.25,375.44000244140625,366,367.80999755859375,367.80999755859375,367.80999755859375,32564300
TSLA,2026-09-10,360.6000061035156,369.2099914550781,357.67999267578125,363.55999755859375,363.55999755859375,363.55999755859375,29667200
TSLA,2026-09-11,364.20001220703125,368.6600036621094,361.6000061035156,365.44000244140625,365.44000244140625,365.44000244140625,30153000
TSLA,2026-09-14,359.7799987792969,367.7300109863281,357.0400085449219,358.9700012207031,358.9700012207031,358.9700012207031,32477200
TSLA,2026-09-15,358.75,362.3900146484375,354.04998779296875,356.5799865722656,356.5799865722656,356.5799865722656,30317700
TSLA,2026-09-16,357.92999267578125,365.1000061035156,354.8900146484375,358.0799865722656,358.0799865722656,358.0799865722656,32177400
TSLA,2026-09-17,367.4800109863281,374.1199951171875,363.2200012207031,366.20001220703125,366.20001220703125,366.20001220703125,38924100
TSLA,2026-09-18,369,370.8999938964844,360.75,364.2699890136719,364.2699890136719,364.2699890136719,51922300
TSLA,2026-09-21,371.6400146484375,378.3599853515625,371.07000732421875,375.29998779296875,375.29998779296875,375.29998779296875,36599600
TSLA,2026-09-22,379.07000732421875,380.4200134277344,372.8800048828125,378.8999938964844,378.8999938964844,378.8999938964844,28229900
TSLA,2026-09-23,380.1000061035156,386.70001220703125,377.5799865722656,380.1199951171875,380.1199951171875,380.1199951171875,33522500
TSLA,2026-09-24,377.3500061035156,383.3299865722656,375.70001220703125,377.94000244140625,377.94000244140625,377.94000244140625,26165700
TSLA,2026-09-25,384.6199951171875,386.8299865722656,367.6700134277344,372.1099853515625,372.1099853515625,372.1099853515625,45999500
TSLA,2026-09-28,368.05999755859375,369.42999267578125,356.79998779296875,357.45001220703125,357.45001220703125,357.45001220703125,39452900
TSLA,2026-09-29,358.3999938964844,358.739990234375,351.6700134277344,352.8399963378906,352.8399963378906,352.8399963378906,32492400
TSLA,2026-09-30,352.1099853515625,355.2200012207031,345.8800048828125,354.80999755859375,354.80999755859375,354.80999755859375,39235800
TSLA,2026-10-01,356.80999755859375,359.7900085449219,353.79998779296875,354.1099853515625,354.1099853515625,354.1099853515625,31080800
TSLA,2026-10-02,360.0799865722656,374.6000061035156,359.4100036621094,370.5899963378906,370.5899963378906,370.5899963378906,55330100
TSLA,2026-10-05,369,381.5899963378906,364.9100036621094,378.7300109863281,378.7300109863281,378.7300109863281,42232700
TSLA,2026-10-06,381.9800109863281,383.3299865722656,378.5199890136719,380.67999267578125,380.67999267578125,380.67999267578125,27735400
